ID,Cantonese_Text,English_Text,Cantonese_Female_Sound,Cantonese_Male_Sound
lesson_yue_l98_0,佢唔單止遲到，仲要唔出聲。,"Not only was he late, he didn’t say a word about it.",,
lesson_yue_l98_1,嗰輪我做兩份工，攰到成世都唔想再試。,That spell I worked two jobs — knackering enough to last me a lifetime.,,
lesson_yue_l98_2,照計佢應該到咗喇。,By rights he should be here by now.,,
lesson_yue_l98_3,呢間嘅牛腩麵冇得頂。,The brisket noodles here can’t be beaten.,,
lesson_yue_l98_4,我心諗唔好啦，點知真係出事。,I thought to myself this won’t end well — and sure enough it didn’t.,,
lesson_yue_l98_5,佢幾可請人食飯，今次真係難得。,He hardly ever buys anyone dinner — this is a rare one.,,
lesson_yue_l98_6,講返舊陣時，大家都覺得有啲唏噓。,Talking about the old days left everyone a bit wistful.,,
lesson_yue_l98_7,抵死啦你，我叫咗你唔好郁。,Serves you right — I told you not to touch it.,,
lesson_yue_l99_0,我哥哥係廚師，喺茶餐廳做咗十年。,My older brother’s a chef — ten years in a cha chaan teng.,,
lesson_yue_l99_1,個信差話冇人簽收，所以攞返走。,"The courier said nobody signed for it, so he took it back.",,
lesson_yue_l99_2,小朋友，過嚟坐低，唔好企喺度。,"Come and sit down, love — don’t stand about there.",,
lesson_yue_l99_3,我個親戚係髮型師，剪得好靚。,A relative of mine is a hairdresser — she cuts really well.,,
lesson_yue_l99_4,差人問咗兩句就走咗。,The coppers asked a couple of questions and left.,,
lesson_yue_l99_5,嗰個團友成日遲到，搞到大家等。,That one on the tour is always late and keeps everyone waiting.,,
lesson_yue_l99_6,街市個雞販話今日冇貨。,The poultry man at the market says there’s none in today.,,
lesson_yue_l99_7,佢係大人喇，唔使你話佢。,He’s a grown man — he doesn’t need telling by you.,,
lesson_yue_l99_8,唔好信啲所謂專家，自己睇清楚。,Don’t trust the so-called experts — look at it yourself.,,
lesson_yue_l99_9,夜晚鎖好門，怕有賊佬。,Lock up properly at night in case of thieves.,,
lesson_yue_l99_10,個街市成朝都係師奶。,The market’s full of housewives all morning.,,
lesson_yue_l99_11,死仔，快啲返嚟食飯。,You little sod — get back here for your dinner.,,
lesson_yue_l100_0,今晚食咩餸？我去街市買。,What are we having tonight? I’ll go to the market.,,
lesson_yue_l100_1,佢唔飲酒，唔食煙，好健康。,He doesn’t drink or smoke — very healthy.,,
lesson_yue_l100_2,呢度啲食品全部都寫住日期。,Everything packaged here has the date on it.,,
lesson_yue_l100_3,自助餐一個人三百蚊，唔算貴。,The buffet’s three hundred a head — not bad.,,
lesson_yue_l100_4,我唔食得辣，唔好叫酸辣湯。,I can’t take spice — don’t order the hot and sour soup.,,
lesson_yue_l100_5,佢個口味好淡，煮咩都少鹽。,Her taste runs bland — she puts little salt in anything.,,
lesson_yue_l100_6,間餐館唔錯，不過要早啲訂枱。,"That restaurant’s not bad, but you have to book early.",,
lesson_yue_l100_7,落多啲菜，唔好淨係食肉。,Put more veg in — don’t just eat meat.,,
lesson_yue_l100_8,一盒維他，同埋一杯梳打水。,"One Vita, and a soda water.",,
lesson_yue_l100_9,菜牌寫檸檬茶，但係人人都叫檸茶。,The menu says 檸檬茶 but everyone orders 檸茶.,,
lesson_yue_l101_0,佢朝朝七點就返到，冇遲到過。,He’s in at seven every morning — never once late.,,
lesson_yue_l101_1,間鋪執咗笠，聽講係捱唔住租金先倒閉。,The shop’s shut for good — they say the rent finished it off.,,
lesson_yue_l101_2,佢啱啱做咗兩年，年資唔算深。,He’s only two years in — not much seniority.,,
lesson_yue_l101_3,大班話高層想加人，未定實。,The gaffer says upper management want more staff — nothing settled yet.,,
lesson_yue_l101_4,佢做暑期工賺錢交學費。,She does a summer job to earn her tuition.,,
lesson_yue_l101_5,開學之後就冇時間做嘢喇。,Once term starts there’s no time to work.,,
lesson_yue_l101_6,對上嗰個學期佢做得幾好。,He did quite well the term before.,,
lesson_yue_l101_7,佢月入唔算高，但係夠使。,"His monthly income isn’t high, but it’s enough.",,
lesson_yue_l101_8,呢份工佢勝任唔到，太多嘢要記。,He isn’t up to this job — too much to keep track of.,,
lesson_yue_l102_0,佢細細個就好早熟，講嘢似大人。,She was grown up young — talks like an adult.,,
lesson_yue_l102_1,細聲啲，隔籬有人瞓緊。,Keep it down — someone’s asleep next door.,,
lesson_yue_l102_2,我對佢好合眼緣，一見就傾得埋。,I took to him straight away — we got on from the first meeting.,,
lesson_yue_l102_3,佢戒咗煙，但係仲有心癮。,He’s given up smoking but still gets the craving.,,
lesson_yue_l102_4,我厭咗日日食同一樣嘢。,I’m sick of eating the same thing every day.,,
lesson_yue_l102_5,間廠嘅機器真係好壯觀。,The machinery in that plant is quite a sight.,,
lesson_yue_l102_6,唔好咁大力，會整爛㗎。,Don’t force it — you’ll break it.,,
lesson_yue_l102_7,佢肯唔肯做？佢話願意幫手。,Will he do it? He says he’s willing to help.,,
lesson_yue_l102_8,揾返嗰筆錢嘅機會好渺茫。,The chance of getting that money back is slim.,,
lesson_yue_l102_9,佢知足，有得食有得住就夠。,He’s content — food and a roof and that’s enough.,,
lesson_yue_l102_10,細路仔光豬喺屋企周圍走。,The kid runs round the house stark naked.,,
lesson_yue_l102_11,嗰個奇妙嘅日落，我影咗好多相。,That remarkable sunset — I took loads of photos.,,
lesson_yue_l102_12,佢又偷雞，成日唔見人。,He’s skiving off again — never where you need him.,,
lesson_yue_l102_13,佢一直打游擊，邊度有工就去邊度。,"He’s always been job to job — wherever there’s work, that’s where he goes.",,
lesson_yue_l103_0,廁所喺後邊，行到尾轉右。,Toilet’s round the back — go to the end and turn right.,,
lesson_yue_l103_1,佢住喺工廠嘅宿舍，行三分鐘就返到。,He lives in the works dormitory — three minutes’ walk in.,,
lesson_yue_l103_2,張檯下邊有個箱，你睇下。,There’s a box under the table — have a look.,,
lesson_yue_l103_3,呢度以前係個漁村，而家起晒樓。,This was a fishing village once — it’s all flats now.,,
lesson_yue_l103_4,佢一邊做嘢一邊聽歌。,He works with music on.,,
lesson_yue_l103_5,我去書局買本字典。,I’m off to the bookshop for a dictionary.,,
lesson_yue_l103_6,嗰笪爛地而家做咗停車場。,That patch of waste ground’s a car park now.,,
lesson_yue_l103_7,細路仔喺操場踢波。,The kids are playing football on the playground.,,
lesson_yue_l103_8,呢道門出入方便啲。,This door’s easier to get in and out of.,,
lesson_yue_l104_0,佢中途走咗，冇睇埋落去。,He left halfway through and didn’t see the rest.,,
lesson_yue_l104_1,三十歲以下嘅先報得名。,Only the under-thirties can sign up.,,
lesson_yue_l104_2,五十蚊之上就要簽名。,Anything over fifty dollars needs a signature.,,
lesson_yue_l104_3,初初做唔慣，而家好好多。,It was strange at first — much better now.,,
lesson_yue_l104_4,我哋每年星期日都去拜山。,Every year on the Sunday we go and sweep the graves.,,
lesson_yue_l104_5,佢每日行一個鐘，風雨不改。,"He walks an hour every day, rain or shine.",,
lesson_yue_l104_6,臨走佢先話我知部機壞咗。,He only told me the machine was broken as he was leaving.,,
lesson_yue_l104_7,呢個時期最忙，過咗就鬆手。,This stretch is the busiest — after it eases off.,,
lesson_yue_l104_8,最尾嗰個記得閂燈。,Last one out remembers the lights.,,
lesson_yue_l104_9,今年係間廠嘅十週年。,This year is the plant’s tenth anniversary.,,
lesson_yue_l104_10,過往佢做開廚房，而家轉咗行。,He used to work kitchens — he’s changed trade now.,,
lesson_yue_l104_11,公司將會請多幾個人。,The company is going to take on a few more people.,,
lesson_yue_l105_0,佢中五之後就出嚟做嘢。,He went out to work after Form 5.,,
lesson_yue_l105_1,放榜嗰日佢緊張到瞓唔着。,He couldn’t sleep the night before results day.,,
lesson_yue_l105_2,佢個仔今年升小一。,His boy starts Primary 1 this year.,,
lesson_yue_l105_3,考試作弊畀人捉到，即刻退學。,Caught cheating in the exam and thrown out on the spot.,,
lesson_yue_l105_4,佢喺補習社教文科。,She teaches humanities at a cram school.,,
lesson_yue_l105_5,呢份工要訓練三個月先做得。,This job takes three months’ training before you can do it.,,
lesson_yue_l105_6,佢寫緊論文，成日冇覺瞓。,He’s writing his thesis and never sleeps.,,
lesson_yue_l105_7,我掌握唔到個時間，成日遲。,I can’t get on top of the timing — always late.,,
lesson_yue_l105_8,佢做嘢好專注，唔會俾人搞亂。,She works with real focus — nothing puts her off.,,
lesson_yue_l105_9,呢個學位好難攞，爭得好犀利。,That place is hard to get — the competition’s fierce.,,
lesson_yue_l105_10,理想係一件事，現實係另一件。,"The ideal is one thing, the reality another.",,
lesson_yue_l105_11,佢突然有靈感，即刻寫低。,An idea came to him and he wrote it down at once.,,
lesson_yue_l105_12,學能唔係天生，練得多就得。,Aptitude isn’t born — practise enough and it comes.,,
lesson_yue_l106_0,唔止我一個唔知，全部人都唔知。,It isn’t just me who didn’t know — nobody did.,,
lesson_yue_l106_1,講清楚啲，講詳細少少。,Be clearer — go into a bit more detail.,,
lesson_yue_l106_2,醫生叫我擘大個口。,The doctor told me to open wide.,,
lesson_yue_l106_3,佢做成噉，真係好幼稚。,Carrying on like that is really childish.,,
lesson_yue_l106_4,記得提醒我聽日交數。,Remember to remind me to hand in the figures tomorrow.,,
lesson_yue_l106_5,佢乜野都話得，好隨和。,He’ll go along with anything — very easy-going.,,
lesson_yue_l106_6,今日街市好熱鬧，人山人海。,The market’s buzzing today — packed out.,,
lesson_yue_l106_7,老闆好滿意今次嘅貨。,The boss is happy with this batch.,,
lesson_yue_l106_8,佢連夜晚都返嚟做，甚至唔食飯。,He even comes back at night to work — skips dinner and all.,,
lesson_yue_l106_9,放低件事啦，諗多都冇用。,Let it go — dwelling on it won’t help.,,
lesson_yue_l106_10,多謝你嘅幫助，我記得。,Thanks for your help — I won’t forget it.,,
lesson_yue_l106_11,呢個味道好奇特，我未食過。,That’s an odd flavour — I’ve never had it before.,,
lesson_yue_l107_0,對鞋濕晒，我要換過。,My shoes are soaked — I need to change them.,,
lesson_yue_l107_1,夏天用冷氣被就夠。,A thin quilt is enough in summer.,,
lesson_yue_l107_2,佢件波衫著咗成年。,He’s worn that football shirt all year.,,
lesson_yue_l107_3,呢個袋係透明嘅，睇得晒入面。,This bag’s see-through — you can see everything inside.,,
lesson_yue_l107_4,淺色衫容易污糟。,Light-coloured shirts get dirty easily.,,
lesson_yue_l107_5,佢細個好鍾意睇漫畫。,He loved comics as a kid.,,
lesson_yue_l107_6,我影咗條影片，你睇下。,I filmed a clip — have a look.,,
lesson_yue_l107_7,嗰部錄影機好舊，仲用得。,That video recorder’s ancient and still works.,,
lesson_yue_l107_8,間鋪啲產品都係紅色嘅。,Everything that shop sells is red.,,
lesson_yue_l107_9,呢本工具書查字好方便。,This reference book is handy for looking things up.,,
lesson_yue_l107_10,唔要呢個，攞另一個俾我。,Not this one — give me the other.,,
lesson_yue_l107_11,呢張檯抹到潔白，好乾淨。,This table’s been wiped spotless.,,
lesson_yue_l107_12,呢個係我個人意見，唔代表公司。,"That’s my personal view, not the company’s.",,
lesson_yue_l108_0,佢擁有兩間鋪，都係租出去。,He owns two shops and rents both out.,,
lesson_yue_l108_1,佢平均一個禮拜返六日。,He works six days a week on average.,,
lesson_yue_l108_2,佢啲廣東話水平高過我好多。,His Cantonese is at a far higher level than mine.,,
lesson_yue_l108_3,間公司結束咗，啲人都要另揾工。,The company wound up — everyone had to find other work.,,
lesson_yue_l108_4,佢炒股票蝕咗唔少。,He’s lost a fair bit on the stock market.,,
lesson_yue_l108_5,股市跌咗，佢就話唔投資喇。,The market dropped and now he says he’s not investing.,,
lesson_yue_l108_6,做得好有獎，遲到就冇。,Do it well and there’s a prize — turn up late and there isn’t.,,
lesson_yue_l108_7,公司出咗獎勵，鼓勵大家做多啲。,The company’s put out an incentive to get people doing more.,,
lesson_yue_l108_8,佢做商務嗰邊，成日出差。,He’s on the business side — always travelling.,,
lesson_yue_l108_9,呢區以前係工業區，而家好靜。,This area used to be industrial — it’s quiet now.,,
lesson_yue_l108_10,有人投訴，要調查清楚先。,Someone’s complained — it has to be looked into properly first.,,
lesson_yue_l108_11,佢係馬主，成日去馬場。,He owns horses — always at the racecourse.,,
lesson_yue_l109_0,呢份工幾危險，要著好啲裝備。,This job’s dangerous — you want the proper kit on.,,
lesson_yue_l109_1,佢提出咗一個好提議。,He put forward a good suggestion.,,
lesson_yue_l109_2,佢做嘢好靈活，咩位都頂得。,She’s flexible — can cover any position.,,
lesson_yue_l109_3,救命呀！有人跌咗落水！,Help! Someone’s fallen in the water!,,
lesson_yue_l109_4,語言唔應該係個障礙。,Language shouldn’t be an obstacle.,,
lesson_yue_l109_5,今個月終於有突破，講得順咗。,This month there’s finally a breakthrough — it flows better.,,
lesson_yue_l109_6,聽到呢個消息，大家都好振奮。,The news gave everyone a real lift.,,
lesson_yue_l109_7,佢有份工，做得開心，就有安全感。,"With a job she enjoys, she feels secure.",,
lesson_yue_l109_8,唔好剝人尊嚴，錯就錯，唔使當眾鬧。,"Don’t strip someone’s dignity — wrong is wrong, but not in front of everyone.",,
lesson_yue_l109_9,佢個夢想係開間自己嘅鋪。,His dream is a shop of his own.,,
lesson_yue_l109_10,理論上得，現實上做唔到。,It works in theory and not in practice.,,
lesson_yue_l109_11,佢喺呢度發揮唔到，去咗第二間。,"He couldn’t make the most of himself here, so he went elsewhere.",,
lesson_yue_l109_12,每個人嘅觀點都唔同，聽下先。,Everyone sees it differently — hear them out first.,,
lesson_yue_l110_0,佢個嗜好係影相，影咗二十年。,His hobby is photography — twenty years of it.,,
lesson_yue_l110_1,細個成日去游水，而家冇時間。,I swam all the time as a kid — no time now.,,
lesson_yue_l110_2,嗰個導演攞咗好多獎項。,That director has won a lot of awards.,,
lesson_yue_l110_3,呢間鋪好熱門，日日排隊。,That shop’s popular — queues every day.,,
lesson_yue_l110_4,佢喺班入面好突出，一眼就見到。,She stands out in the group — you spot her at once.,,
lesson_yue_l110_5,記者訪問咗佢半個鐘。,The reporter interviewed him for half an hour.,,
lesson_yue_l110_6,佢個腳法好靚，控得好穩。,His footwork’s lovely — really steady control.,,
lesson_yue_l110_7,呢間屋好現代，同隔籬完全唔同。,This house is very modern — nothing like the one next door.,,
lesson_yue_l110_8,佢哋跟團去日本睇櫻花。,They went to Japan on a tour to see the blossom.,,
lesson_yue_l110_9,端午節有龍船，好多人去睇。,There are dragon boats at the festival — crowds go to watch.,,
lesson_yue_l110_10,聖誕節嗰晚成條街都係人。,On Christmas night the whole street is people.,,
lesson_yue_l110_11,佢跳舞跳咗十年，跳得好靚。,"She’s danced for ten years — beautifully, too.",,
lesson_yue_l110_12,好波！嗰球入得好靚。,Nice one! Lovely finish.,,
lesson_yue_l110_13,足球係全世界最多人睇嘅運動。,Football is the world’s most-watched sport.,,
lesson_yue_l110_14,佢學緊一種新嘅舞。,She’s learning a new dance.,,
lesson_yue_l111_0,今日清潔部機，唔好開住。,Cleaning the machine today — leave it switched off.,,
lesson_yue_l111_1,打開個蓋睇下入面。,Open the lid and have a look inside.,,
lesson_yue_l111_2,份嘢完成咗未？,Is that finished yet?,,
lesson_yue_l111_3,去影印三份，一人一份。,Photocopy three — one each.,,
lesson_yue_l111_4,間房要維持廿二度。,The room has to stay at twenty-two degrees.,,
lesson_yue_l111_5,部機喺內地製造，設計就係本地。,"The machine’s made on the mainland, designed here.",,
lesson_yue_l111_6,空氣唔流動，啲嘢好易發霉。,"If the air isn’t moving, things go mouldy fast.",,
lesson_yue_l111_7,箱疊得太高，滑落嚟就弊。,Stack the boxes too high and if they slide you’re in trouble.,,
lesson_yue_l111_8,相對上，呢部機安靜好多。,"Relatively speaking, this machine is much quieter.",,
lesson_yue_l111_9,佢一時大意，做成好多麻煩。,One moment’s carelessness caused a lot of bother.,,
lesson_yue_l111_10,洗完頭記得吹乾先出街。,Dry your hair after washing it before you go out.,,
lesson_yue_l111_11,我聽日約咗去洗頭。,I’ve booked to get my hair washed tomorrow.,,
lesson_yue_l111_12,連線唔穩定，測試咗三次都唔得。,The connection isn’t stable — tested it three times and no joy.,,
lesson_yue_l112_0,呢件係刑事案，唔關民事事。,"This one’s criminal, not a civil matter.",,
lesson_yue_l112_1,法律點寫，就照住做。,"Whatever the law says, we go by it.",,
lesson_yue_l112_2,間鋪畀人劫咗，冇人受傷。,The shop was robbed — nobody hurt.,,
lesson_yue_l112_3,噉樣做會侵犯到人哋私隱。,Doing that would violate someone’s privacy.,,
lesson_yue_l112_4,佢每個個案都睇得好仔細。,She goes through every case carefully.,,
lesson_yue_l112_5,唔好傷害佢，佢都係聽人講。,Don’t come down on him — he was only doing as he was told.,,
lesson_yue_l112_6,你可以參考上次嗰份。,You can use last time’s as a reference.,,
lesson_yue_l112_7,佢係專科醫生，唔係普通科。,"He’s a specialist, not a GP.",,
lesson_yue_l112_8,基本上冇乜要改。,Basically there’s not much to change.,,
lesson_yue_l112_9,佢啲手下都好聽話。,The people under him do as they’re told.,,
lesson_yue_l112_10,你今日好精神喎，瞓得好？,You look sharp today — sleep well?,,
lesson_yue_l112_11,部機吸納唔到咁多水氣。,The machine can’t take that much moisture out.,,
lesson_yue_l112_12,佢利用你嘅好心，你都唔覺。,He’s taking advantage of your good nature and you can’t see it.,,
lesson_yue_l113_0,佢好有禮貌，見到人都會打招呼。,He’s got lovely manners — greets everyone he sees.,,
lesson_yue_l113_1,呢份工前途幾好，做落去有得升。,This job has prospects — stay in it and you can move up.,,
lesson_yue_l113_2,咁後生就有噉嘅成就，好唔容易。,That much achieved that young — not easy at all.,,
lesson_yue_l113_3,大概八點出發，唔好遲到。,Setting off around eight — don’t be late.,,
lesson_yue_l113_4,來回車錢大概三十蚊。,The return fare is about thirty dollars.,,
lesson_yue_l113_5,呢位客人來自日本，佢係日本人。,This customer is from Japan — she’s Japanese.,,
lesson_yue_l113_6,我唔記得個人名，淨係記得個樣。,"I can’t remember the name, only the face.",,
lesson_yue_l113_7,佢個姐姐啱啱生仔。,His sister’s just had a baby.,,
lesson_yue_l113_8,收工之後大家聚集喺門口傾偈。,After work everyone gathers at the door for a chat.,,
lesson_yue_l113_9,歡迎你隨時嚟坐。,You’re welcome to drop in any time.,,
lesson_yue_l113_10,而家嘅情形同上個月唔同咗。,The situation now isn’t what it was last month.,,
lesson_yue_l113_11,我飛咗條線去我手提。,I’ve diverted the line to my mobile.,,
lesson_yue_l113_12,收工之前記得飛線去阿頭度。,Divert the phone to the boss before you knock off.,,
lesson_yue_l113_13,佢喺公司個形象好正經。,At work he comes across as very serious.,,
lesson_yue_l113_14,我大哥大我五年。,My eldest brother is five years older than me.,,
lesson_yue_l114_0,佢中年先開始學游水。,He only took up swimming in middle age.,,
lesson_yue_l114_1,呢排時勢唔好，生意好淡。,"The way things are just now, trade is dead.",,
lesson_yue_l114_2,佢移咗民去加拿大。,He’s emigrated to Canada.,,
lesson_yue_l114_3,佢諗住移民，仲未決定去邊。,She’s thinking of emigrating — hasn’t decided where yet.,,
lesson_yue_l114_4,唔好喺人背後講人是非。,Don’t talk about people behind their backs.,,
lesson_yue_l114_5,佢作息好規律，日日十一點瞓。,He keeps to a strict routine — eleven o’clock every night.,,
lesson_yue_l114_6,唔好亂評論人哋做嘅嘢。,Don’t go passing comment on what other people do.,,
lesson_yue_l114_7,佢養咗個魚缸，養咗好多年。,He’s kept that fish tank going for years.,,
lesson_yue_l114_8,食完酸辣湯個牙肉都痛。,That hot and sour soup left my gums sore.,,
lesson_yue_l114_9,佢驗到有肝炎，要戒酒。,He’s been diagnosed with hepatitis — has to give up drinking.,,
lesson_yue_l114_10,禮拜四之前要交晒啲數。,All the figures have to be in before Thursday.,,
lesson_yue_l114_11,天氣預測話聽日落雨。,The forecast says rain tomorrow.,,
lesson_yue_l114_12,航空公司話個航班取消咗。,The airline says the flight’s cancelled.,,
lesson_yue_l114_13,呢件衫著落去太緊喇。,This shirt’s too tight on.,,
lesson_yue_l114_14,間鋪寫住跳樓價，其實都唔算平。,The shop says giveaway prices — it isn’t really cheap.,,
lesson_yue_l114_15,佢養咗兩隻豬喺屋企後邊。,He keeps two pigs round the back of the house.,,
lesson_yue_l115_0,講開又講，你幾時放假呀？,While we’re on it — when are you off?,,
lesson_yue_l115_1,講吓講吓就講到錢，好尷尬。,One thing led to another and we got onto money — awkward.,,
lesson_yue_l115_2,講到尾都係要自己做。,"When all’s said, you end up doing it yourself.",,
lesson_yue_l115_3,講嚟講去都係嗰句。,"Round and round, and it’s the same line every time.",,
lesson_yue_l115_4,我一嚟唔識路，二嚟又冇車。,"For one thing I don’t know the way, for another I haven’t got a car.",,
lesson_yue_l115_5,到頭嚟都係佢做錯。,In the end it was his mistake all along.,,
lesson_yue_l115_6,咁啱我今日休息，可以陪你去。,"As it happens I’m off today, so I can go with you.",,
lesson_yue_l115_7,我啱啱好行到門口佢就打嚟。,I’d just got to the door when he rang.,,
lesson_yue_l115_8,偏偏落雨嗰日我冇帶遮。,And of course the one day it rained I had no umbrella.,,
lesson_yue_l115_9,誰不知佢一早已經走咗。,And then it turns out he’d left ages ago.,,
lesson_yue_l115_10,佢講咗成粒鐘，我一頭霧水。,He talked for a solid hour and I was none the wiser.,,
lesson_yue_l115_11,塞車塞到冇符，唯有兜個圈行。,"The traffic was hopeless, so I had to go round.",,
lesson_yue_l115_12,白行一趟，佢根本唔喺度。,A wasted trip — he wasn’t even there.,,
lesson_yue_l115_13,佢話等佢問吓，等咗成日都冇覆。,He said he’d ask — I waited all day and heard nothing.,,
lesson_yue_l116_0,最弊係佢連講都冇講聲。,"Worst of all, he didn’t even say a word.",,
lesson_yue_l116_1,話晒你係大佬，讓下佢啦。,"You’re the older one, after all — give him some room.",,
lesson_yue_l116_2,老實講，我唔覺得得。,"To be honest, I don’t think it’ll work.",,
lesson_yue_l116_3,擺明係佢唔想做啫。,It’s plain he just doesn’t want to do it.,,
lesson_yue_l116_4,明明話咗今日交，而家又話遲。,"He clearly said today, and now it’s late again.",,
lesson_yue_l116_5,佢一味淨係識推。,All he ever does is pass it on.,,
lesson_yue_l116_6,留低咁多手尾，好難執。,That many loose ends left behind — it’s a job to clear.,,
lesson_yue_l116_7,我又要幫佢執手尾。,And I’m clearing up after him again.,,
lesson_yue_l116_8,呢單嘢手尾好長。,This one’s going to drag on.,,
lesson_yue_l116_9,佢死死氣噉做咗，唔開心寫晒喺塊面。,He did it with very bad grace — it was all over his face.,,
lesson_yue_l116_10,今日鬼咁熱，做兩個鐘就散晒。,It’s bloody hot today — two hours and you’re done in.,,
lesson_yue_l116_11,唔怪之得佢唔敢見我。,No wonder he won’t face me.,,
lesson_yue_l116_12,我真係好冤枉，唔關我事。,I’ve been done a real injustice — it had nothing to do with me.,,
lesson_yue_l116_13,我唔想撕破面，所以冇出聲。,"I didn’t want a falling-out, so I said nothing.",,
lesson_yue_l117_0,即係話今日做唔完啦。,Which is to say it won’t get finished today.,,
lesson_yue_l117_1,咪就係，我一早噉講。,Exactly — that’s what I said all along.,,
lesson_yue_l117_2,實情係冇人肯做。,The truth is nobody’s willing to do it.,,
lesson_yue_l117_3,點都好，聽日要交。,"Either way, it’s due tomorrow.",,
lesson_yue_l117_4,無論點我都會嚟。,I’ll come no matter what.,,
lesson_yue_l117_5,講返啱啱嗰單嘢。,Back to what we were on just now.,,
lesson_yue_l117_6,唔好喺佢面前提起呢件事。,Don’t bring that up in front of him.,,
lesson_yue_l117_7,好喇，言歸正傳。,Right — back to the point.,,
lesson_yue_l117_8,幸好我哋走得早。,Just as well we left early.,,
lesson_yue_l117_9,點會唔記得，我日日見。,How could I forget — I see it every day.,,
lesson_yue_l117_10,唔講唔知，原來佢係老闆個仔。,You’d never know — turns out he’s the boss’s son.,,
lesson_yue_l117_11,今日邊個頂我？,Who’s covering for me today?,,
lesson_yue_l117_12,人手唔夠，唯有自己揾人頂。,"We’re short-handed, so you find your own cover.",,
lesson_yue_l117_13,新人未上到手，仲要教。,The new ones aren’t up to speed yet — they still need teaching.,,
lesson_yue_l118_0,唔好意思，我插句嘴。,"Sorry, can I cut in?",,
lesson_yue_l118_1,佢鍾意喺人講嘢嗰陣插嘴。,He likes to cut in while people are talking.,,
lesson_yue_l118_2,佢成日打斷人講嘢。,He’s always cutting people off.,,
lesson_yue_l118_3,唔係啩，咁快就做完？,You’re joking — finished already?,,
lesson_yue_l118_4,睇怕今日做唔切喇。,I reckon we won’t get through it today.,,
lesson_yue_l118_5,唔好幫佢講嘢，你唔知全件事。,Don’t speak up for him — you don’t know the whole story.,,
lesson_yue_l118_6,佢哋兩個好好，成日幫拖。,Those two are close — always backing each other up.,,
lesson_yue_l118_7,呢單嘢唔關我事。,This one’s nothing to do with me.,,
lesson_yue_l118_8,你哋各有各講，點會傾得掂。,You’re each on your own subject — how would you ever settle it?,,
lesson_yue_l118_9,佢哋嘈到我冇眼睇。,They were rowing so badly I couldn’t watch.,,
lesson_yue_l118_10,我真係頂唔順佢把聲。,I honestly can’t stand the sound of his voice.,,
lesson_yue_l118_11,搞成噉，好難收科。,Made a mess of it like that — hard to wind it up now.,,
lesson_yue_l118_12,寫入流程就唔使記住。,Write it into the procedure and nobody has to remember.,,
lesson_yue_l118_13,你哋兩個講緊兩件事。,You two are talking about two different things.,,
lesson_yue_l118_14,等我講句先，好唔好？,"Let me get a word in first, would you?",,
lesson_yue_l119_0,好聲好氣同佢講，唔好嘈交。,Say it to him nicely — don’t make a row of it.,,
lesson_yue_l119_1,佢大聲夾惡，個個都唔想理佢。,"He’s loud and aggressive, so nobody wants anything to do with him.",,
lesson_yue_l119_2,麻煩你幫我攞多兩個。,Sorry to trouble you — could you grab me two more?,,
lesson_yue_l119_3,幫幫忙啦，我一個人搬唔到。,Give us a hand — I can’t shift it on my own.,,
lesson_yue_l119_4,婉轉少少講，唔好咁直。,Put it a bit more gently — don’t be so blunt.,,
lesson_yue_l119_5,就住佢啦，佢啱啱先入嚟。,Go easy on him — he’s only just started.,,
lesson_yue_l119_6,唔使客氣，自己人。,No need to stand on ceremony — you’re one of us.,,
lesson_yue_l119_7,你太客氣喇，反而生外。,You’re being too formal — it puts a distance between us.,,
lesson_yue_l119_8,辛苦晒，今日多謝你。,Thanks for all your trouble today.,,
lesson_yue_l119_9,你聽日方唔方便嚟一趟？,Would it suit you to come by tomorrow?,,
lesson_yue_l119_10,佢肯畀面，件事就易做好多。,"If he’s willing to oblige, the whole thing gets a lot easier.",,
lesson_yue_l119_11,咁多人面前噉講，實落面。,Saying that in front of everyone is bound to show him up.,,
lesson_yue_l119_12,我唔想得罪佢，佢好記仇。,I don’t want to offend him — he holds a grudge.,,
lesson_yue_l119_13,唔同人食唔同套，睇對象啦。,Different people take a different approach — it depends who it is.,,
lesson_yue_l120_0,恐怕今日趕唔切喇。,I’m afraid we won’t make it today.,,
lesson_yue_l120_1,你嘅心意我心領咗，多謝。,I’ll take the thought — thank you.,,
lesson_yue_l120_2,好難話，要睇佢肯唔肯。,Hard to say — depends whether he’s willing.,,
lesson_yue_l120_3,等我睇下先，聽日覆你。,Let me have a look first — I’ll get back to you tomorrow.,,
lesson_yue_l120_4,遲啲先講啦，而家好亂。,Let’s talk later — it’s chaos right now.,,
lesson_yue_l120_5,唔好講死，留返一線。,Don’t close it off — leave a line open.,,
lesson_yue_l120_6,佢一直推搪，都唔肯講實。,He keeps putting it off and won’t commit.,,
lesson_yue_l120_7,唔好搪塞我，講真話。,Don’t fob me off — tell me the truth.,,
lesson_yue_l120_8,一口拒絕就冇得返轉頭。,A flat refusal can’t be walked back.,,
lesson_yue_l120_9,幸好有人打圓場。,Luckily somebody smoothed it over.,,
lesson_yue_l120_10,畀個台階佢落啦。,Give him a way to climb down.,,
lesson_yue_l120_11,唔敢當，我都係做應份嘅嘢。,You’re too kind — I only did what I should.,,
lesson_yue_l120_12,真係唔得就講清楚，唔好當住人前。,"If it’s really no, say so plainly — just not in front of everyone.",,
lesson_yue_l120_13,多謝你睇得起我。,Thank you for thinking of me.,,
lesson_yue_l121_0,沉住氣，唔好即刻覆。,Keep a lid on it — don’t reply straight away.,,
lesson_yue_l121_1,佢幾大鑊都好老定。,"However bad it gets, he stays completely unruffled.",,
lesson_yue_l121_2,我忍咗手，冇鬧返轉頭。,I held back — I didn’t fire straight back.,,
lesson_yue_l121_3,夠喇，收口啦。,That’s enough — pack it in.,,
lesson_yue_l121_4,出去唞下氣先。,Go outside and get some air first.,,
lesson_yue_l121_5,做咗六個鐘，坐低唞氣都好。,Six hours in — even sitting down for a breather would help.,,
lesson_yue_l121_6,佢成日谷氣，因為冇人肯聽佢講。,He’s permanently bottled up because nobody will listen to him.,,
lesson_yue_l121_7,佢一聽就火滾。,He went up the moment he heard it.,,
lesson_yue_l121_8,谷咗成個禮拜氣，今日爆晒。,"A whole week of bottling it, and today it all came out.",,
lesson_yue_l121_9,唔好同佢拗，佢係唔會認嘅。,Don’t argue with him — he’s never going to admit it.,,
lesson_yue_l121_10,嗰個管工惡死能登。,That foreman is a right tyrant.,,
lesson_yue_l121_11,佢喺出面擘大喉嚨嗌。,He was outside bellowing his head off.,,
lesson_yue_l121_12,佢靜雞雞走咗，冇同人講。,He slipped off quietly without telling anyone.,,
lesson_yue_l121_13,佢對我嚟講係條頂心杉。,He’s a thorn in my side.,,
lesson_yue_l121_14,人火滾嗰陣講道理冇用。,There’s no reasoning with someone while they’re up.,,
lesson_yue_l121_15,越講越大鑊，不如聽日再講。,The more we say the worse it gets — let’s pick it up tomorrow.,,
lesson_yue_l122_0,睇餸食飯啦，冇咁多錢就唔好搞咁大。,"Cut your coat to your cloth — if the money isn’t there, don’t make it that big.",,
lesson_yue_l122_1,去到先算，見機行事。,We’ll see when we get there and play it as it comes.,,
lesson_yue_l122_2,佢好識睇眉頭眼額。,He’s very good at reading a face.,,
lesson_yue_l122_3,佢好識做，唔使人講。,He knows what to do without being told.,,
lesson_yue_l122_4,呢個後生仔幾醒目。,This young lad’s sharp.,,
lesson_yue_l122_5,佢好死板，一定要跟足程序。,He’s rigid — everything strictly by the procedure.,,
lesson_yue_l122_6,唔好執輸，快啲報名。,Don’t miss out — sign up quick.,,
lesson_yue_l122_7,唔好求其做，做返好佢。,Don’t just do it any old way — do it properly.,,
lesson_yue_l122_8,你隨便坐啦，唔使客氣。,Sit wherever you like — make yourself at home.,,
lesson_yue_l122_9,做嘢要有頭有尾。,"If you start something, see it through.",,
lesson_yue_l122_10,今晚有應酬，返得遲。,I’ve got a work do tonight — I’ll be back late.,,
lesson_yue_l122_11,佢敷衍咗兩句就走咗。,He fobbed me off with a couple of words and left.,,
lesson_yue_l122_12,阿頭今朝黑口黑面，遲啲先問佢。,The boss has a face on him this morning — ask him later.,,
lesson_yue_l122_13,佢做咗十年都仲係咁死板。,Ten years in and he’s still that rigid.,,
lesson_yue_l123_0,佢好長氣，一講就半個鐘。,He’s so long-winded — once he starts it’s half an hour.,,
lesson_yue_l123_1,唔好東拉西扯，講重點。,Don’t ramble — get to the point.,,
lesson_yue_l123_2,你講到好離題喇。,You’ve gone right off the subject.,,
lesson_yue_l123_3,返返去正題啦。,Let’s get back to the actual subject.,,
lesson_yue_l123_4,佢講得太快，我跟唔上。,He talks too fast — I can’t keep up.,,
lesson_yue_l123_5,成個會就得嗰個重點。,That one point was the whole meeting.,,
lesson_yue_l123_6,畀啲時間我消化下。,Give me a bit of time to take it in.,,
lesson_yue_l123_7,等我抄低個日期先。,Let me write the date down first.,,
lesson_yue_l123_8,佢好話頭醒尾，唔使講兩次。,He catches on fast — you never have to say it twice.,,
lesson_yue_l123_9,佢一句起兩句止，要追住問。,He gives you two words and stops — you have to keep at him.,,
lesson_yue_l123_10,我講到口水乾佢都唔明。,I talked myself hoarse and he still didn’t get it.,,
lesson_yue_l123_11,呢啲客好難應付。,These customers are hard work.,,
lesson_yue_l123_12,我唔喺電話度答，等我睇下先覆你。,I won’t answer on the phone — let me look and come back to you.,,
lesson_yue_l123_13,跟唔上都唔緊要，抄到數目就得。,"It doesn’t matter if you can’t keep up, as long as you get the figure down.",,
lesson_yue_l124_0,喂？我聽唔清，你講大聲啲。,Hello? I can’t hear you clearly — speak up a bit.,,
lesson_yue_l124_1,你把聲斷斷續續。,You’re breaking up.,,
lesson_yue_l124_2,呢度訊號好差。,The reception’s terrible here.,,
lesson_yue_l124_3,唔好收線，等陣先。,Don’t hang up — hold on a moment.,,
lesson_yue_l124_4,我掛線喇，遲啲再傾。,I’ll hang up now — talk later.,,
lesson_yue_l124_5,佢冇聽電話，你留個言啦。,He didn’t pick up — leave him a message.,,
lesson_yue_l124_6,我留咗留言畀佢，未覆。,I left him a message — no reply yet.,,
lesson_yue_l124_7,我見到就即刻覆機。,I’ll ring straight back when I see it.,,
lesson_yue_l124_8,聽真啲，我講多次。,Listen carefully — I’ll say it again.,,
lesson_yue_l124_9,唔好意思，麻煩你講慢啲。,Sorry — could you say it a bit slower?,,
lesson_yue_l124_10,你覆述一次畀我聽。,Read it back to me.,,
lesson_yue_l124_11,我要同你確認個時間。,I need to confirm the time with you.,,
lesson_yue_l124_12,唔好靠估，打返電話問清楚。,Don’t guess — ring back and ask properly.,,
lesson_yue_l124_13,電話講唔清楚就打字畀我。,"If it won’t come across on the phone, type it to me.",,
lesson_yue_l124_14,二號門，唔係一號，記住。,"Gate two, not gate one — remember.",,
lesson_yue_l125_0,咩話？我聽唔到。,"Sorry, what? I didn’t catch that.",,
lesson_yue_l125_1,我聽漏咗個日期。,I missed the date.,,
lesson_yue_l125_2,你講漏咗一樣嘢。,You’ve left something out.,,
lesson_yue_l125_3,麻煩你重覆多次。,Could you say that once more?,,
lesson_yue_l125_4,唔好意思，兜返上一句。,Sorry — can we go back a line?,,
lesson_yue_l125_5,我一知半解，唔敢話識。,I only half get it — I wouldn’t claim to know.,,
lesson_yue_l125_6,估估下做落去，好易出事。,Carrying on by guesswork is how things go wrong.,,
lesson_yue_l125_7,唔使解釋，我意會到。,No need to explain — I get the sense of it.,,
lesson_yue_l125_8,大家心照啦，唔使講出嚟。,We both know — no need to say it out loud.,,
lesson_yue_l125_9,講具體啲，邊個部分？,Be more specific — which part?,,
lesson_yue_l125_10,呢個部分我未做過。,I haven’t done this part before.,,
lesson_yue_l125_11,佢扮明白，其實乜都唔知。,He pretended to follow — he had no idea.,,
lesson_yue_l125_12,講明邊一句，佢重覆嗰句就得。,Say which line and they’ll just repeat that one.,,
lesson_yue_l125_13,嗰陣氣氛好緊張，我怕打斷。,The atmosphere was tense — I didn’t want to interrupt.,,
lesson_yue_l126_0,佢有口音，我要聽多兩次。,He’s got an accent — I need to hear it twice.,,
lesson_yue_l126_1,佢同屋企人講鄉下話。,He speaks the village dialect with his family.,,
lesson_yue_l126_2,佢咬字好清楚，好易聽。,He articulates clearly — easy to follow.,,
lesson_yue_l126_3,我一緊張就口窒窒。,The moment I get nervous I start stumbling.,,
lesson_yue_l126_4,佢講到唔清唔楚，冇人知點做。,He explained it so vaguely that nobody knows what to do.,,
lesson_yue_l126_5,佢講嘢好含糊，聽極都唔清。,He mumbles — you can listen all you like and still not catch it.,,
lesson_yue_l126_6,佢快人快語，唔係惡意。,He’s quick and blunt — he doesn’t mean anything by it.,,
lesson_yue_l126_7,佢做嘢慢吞吞，但係好穩陣。,"He works slowly, but he’s dependable.",,
lesson_yue_l126_8,聽慣咗就冇問題。,"Once you’re used to it, it’s no trouble.",,
lesson_yue_l126_9,呢次我明晒，一句都冇漏。,I got all of it this time — didn’t miss a line.,,
lesson_yue_l126_10,陳師傅做咗三十年。,Master Chan’s been at it thirty years.,,
lesson_yue_l126_11,佢同你啱啱相反。,He’s the exact opposite of you.,,
lesson_yue_l126_12,你唔係聽唔明，你係未聽慣佢。,It’s not that you can’t understand — you’re just not used to him yet.,,
lesson_yue_l126_13,聽多啲，冇第二味藥。,Listen to more of it — there’s no other medicine.,,
lesson_yue_l127_0,我示範一次，你睇住。,I’ll show you once — watch.,,
lesson_yue_l127_1,佢仲係生手，畀多啲時間。,He’s still new — give him more time.,,
lesson_yue_l127_2,揾個熟手嚟做快好多。,Get someone experienced on it and it’s far quicker.,,
lesson_yue_l127_3,佢一個禮拜就上手。,He was up to speed in a week.,,
lesson_yue_l127_4,佢手勢好靚，切得好齊。,He’s got a lovely touch — cuts it dead even.,,
lesson_yue_l127_5,唔好未問就落手。,Don’t put your hands on it before you’ve asked.,,
lesson_yue_l127_6,佢肯落手落腳同我哋做。,He’s willing to muck in properly with us.,,
lesson_yue_l127_7,書上冇寫就要執生。,If it’s not in the book you play it by ear.,,
lesson_yue_l127_8,執生唔等於亂嚟。,Playing it by ear isn’t doing whatever you like.,,
lesson_yue_l127_9,熟能生巧，做多幾次就得。,Practice makes perfect — do it a few more times and you’ll have it.,,
lesson_yue_l127_10,我用咗兩個禮拜教識佢。,It took me two weeks to get him doing it properly.,,
lesson_yue_l127_11,唔好跳步驟，一步一步嚟。,Don’t skip steps — one at a time.,,
lesson_yue_l127_12,呢樣嘢冇捷徑。,There’s no short cut with this.,,
lesson_yue_l127_13,頭三日冇人會怪你問嘢。,Nobody minds questions in the first three days.,,
lesson_yue_l128_0,三號房出咗事，你嚟一嚟。,Something’s gone wrong in Room 3 — come over.,,
lesson_yue_l128_1,瞞到最後一定爆煲。,Hide it long enough and it’s bound to blow up.,,
lesson_yue_l128_2,佢肯認錯，已經好好。,"He owned up, which is already something.",,
lesson_yue_l128_3,唔好次次都要我孭飛。,Don’t leave me carrying the can every time.,,
lesson_yue_l128_4,唔好幫佢頂罪。,Don’t take the blame for him.,,
lesson_yue_l128_5,而家最緊要係補鑊。,Right now the important thing is fixing it.,,
lesson_yue_l128_6,仲補救得到，唔算太遲。,It can still be put right — not too late.,,
lesson_yue_l128_7,呢單嘢一定要上報。,This one has to go up the line.,,
lesson_yue_l128_8,佢隱瞞咗成個禮拜。,He kept it hidden for a whole week.,,
lesson_yue_l128_9,亡羊補牢，好過唔補。,Better late than not at all.,,
lesson_yue_l128_10,噉樣做我哋好蝕底。,We come off badly if we do it that way.,,
lesson_yue_l128_11,而家唔係追究邊個，係搞掂佢。,"Right now it’s not about whose fault it is, it’s about sorting it.",,
lesson_yue_l128_12,責任喺我度，我唔推。,It’s on me and I’m not passing it on.,,
lesson_yue_l128_13,多謝你冇瞞住我。,Thank you for not keeping it from me.,,
lesson_yue_l129_0,我聽日去同佢哋講數。,I’m going to settle terms with them tomorrow.,,
lesson_yue_l129_1,終於傾掂咗。,We finally got it agreed.,,
lesson_yue_l129_2,佢開價開得好高。,He opened very high.,,
lesson_yue_l129_3,唔好即刻應，還下價先。,Don’t agree straight off — counter first.,,
lesson_yue_l129_4,兩邊各讓一步就得。,Both sides give a bit and it’s done.,,
lesson_yue_l129_5,我個底線係五個字。,My bottom line is five.,,
lesson_yue_l129_6,不如折衷，一人一半。,Let’s split the difference — half each.,,
lesson_yue_l129_7,拉勻計都唔算貴。,Averaged out it isn’t dear.,,
lesson_yue_l129_8,做到打和已經唔錯。,Breaking even is not bad going.,,
lesson_yue_l129_9,畀多三十日數期得唔得？,Could you give us another thirty days to pay?,,
lesson_yue_l129_10,成本升咗，冇得唔加。,Costs are up — there’s no not raising it.,,
lesson_yue_l129_11,我今朝落咗單。,I placed the order this morning.,,
lesson_yue_l129_12,講數唔係鬥惡。,Bargaining isn’t about who’s more aggressive.,,
lesson_yue_l129_13,傾掂咗就寫低，唔好淨係口頭講。,Once it’s agreed write it down — don’t leave it spoken.,,
lesson_yue_l130_0,我哋分工，唔好爭住做同一樣。,Let’s split it up — don’t all pile onto the same job.,,
lesson_yue_l130_1,我聽日再跟進。,I’ll follow it up tomorrow.,,
lesson_yue_l130_2,唔使催，我做緊。,No need to chase — I’m on it.,,
lesson_yue_l130_3,星期五個死線郁唔到。,Friday’s deadline can’t move.,,
lesson_yue_l130_4,而家個進度點？,Where are we up to?,,
lesson_yue_l130_5,邊個聽日幫我頂更？,Who’s covering my shift tomorrow?,,
lesson_yue_l130_6,個更表出咗未？,Is the rota out yet?,,
lesson_yue_l130_7,趕唔切就排期做。,"If we can’t make it, schedule it in.",,
lesson_yue_l130_8,越早講越好，唔好臨門先講。,The earlier you say the better — not at the last minute.,,
lesson_yue_l130_9,佢一個人一腳踢，好辛苦。,He’s doing the whole lot on his own — it’s hard going.,,
lesson_yue_l130_10,今次勉強過骨。,We scraped through this time.,,
lesson_yue_l130_11,跟進係早啲揾到問題。,Following up means finding the problem earlier.,,
lesson_yue_l130_12,邊個做完先就過去幫手。,Whoever finishes first goes and helps.,,
lesson_yue_l130_13,客等緊，唔可以拖。,The customer’s waiting — we can’t let it drag.,,
lesson_yue_l131_0,我搭咗句嘴，冇諗到佢咁嬲。,I chipped in and didn’t expect him to take it so badly.,,
lesson_yue_l131_1,佢哋傾緊，你唔好搭嘴。,They’re in the middle of something — don’t chip in.,,
lesson_yue_l131_2,佢好識搭訕，去到邊都有得傾。,He’s good at striking up a chat — anywhere he goes he finds someone to talk to.,,
lesson_yue_l131_3,你要埋下堆，唔好收工就走。,Get in with them a bit — don’t just leave the moment you finish.,,
lesson_yue_l131_4,我同佢仲未熟絡。,He and I aren’t really familiar yet.,,
lesson_yue_l131_5,呢位好面熟，喺邊度見過。,This one looks familiar — I’ve seen him somewhere.,,
lesson_yue_l131_6,佢個樣好面善，好易傾。,He’s got a kind face — easy to talk to.,,
lesson_yue_l131_7,我同佢阿哥好相熟。,I know his brother well.,,
lesson_yue_l131_8,唔使咁見外，攞嚟食啦。,Don’t stand on ceremony — help yourself.,,
lesson_yue_l131_9,佢係我老友記，廿年喇。,He’s an old mate — twenty years.,,
lesson_yue_l131_10,佢好通氣，唔使開口就攞咗畀我。,He’s thoughtful — got it for me before I asked.,,
lesson_yue_l131_11,識趣就唔好再問落去。,If you’ve any sense you’ll leave it there.,,
lesson_yue_l131_12,佢好醒水，一睇就知有事。,He’s switched on — one look and he knew something was up.,,
lesson_yue_l131_13,早十分鐘到，倒杯茶，聽佢哋講。,"Get in ten minutes early, pour a cup of tea, and listen to them.",,
lesson_yue_l131_14,埋堆唔係擦鞋。,Getting in with people isn’t crawling.,,
lesson_yue_l132_0,你好八卦喎，乜都要知。,You’re nosy — you have to know everything.,,
lesson_yue_l132_1,佢問咁多係關心你。,She asks all that because she cares about you.,,
lesson_yue_l132_2,呢啲私事，唔好周圍講。,That’s private — don’t go telling people.,,
lesson_yue_l132_3,佢好似有心事，成日唔出聲。,Something’s on his mind — he’s been quiet all day.,,
lesson_yue_l132_4,佢笑住岔開咗個話題。,He laughed and steered the subject away.,,
lesson_yue_l132_5,呢樣畀我保留啦。,Let me keep that one to myself.,,
lesson_yue_l132_6,佢面皮薄，唔好當眾講佢。,He’s easily embarrassed — don’t pull him up in front of everyone.,,
lesson_yue_l132_7,佢面皮夠厚，畀人鬧都笑得出。,He’s thick-skinned enough to laugh through a telling-off.,,
lesson_yue_l132_8,做銷售要面皮厚先得。,You need a thick skin to work in sales.,,
lesson_yue_l132_9,佢一畀人讚就面紅。,She goes red the moment anyone praises her.,,
lesson_yue_l132_10,我唔想冒犯你，不過要講。,"I don’t mean to offend you, but it has to be said.",,
lesson_yue_l132_11,呢行人工唔算高。,This trade doesn’t pay especially well.,,
lesson_yue_l132_12,講開又講，你幾時搬屋？,Since we’re on it — when are you moving?,,
lesson_yue_l132_13,夠食啫，唔夠買樓。,Enough to eat — not enough to buy a flat.,,
lesson_yue_l132_14,答一半，問返一句。,"Answer half, and ask one back.",,
lesson_yue_l133_0,佢哋淨係玩你嘅啫。,They’re only having you on.,,
lesson_yue_l133_1,唔好蝦新嚟嗰個。,Don’t pick on the new one.,,
lesson_yue_l133_2,佢輸咗你仲攞景。,He lost and you’re still rubbing it in.,,
lesson_yue_l133_3,咪玩啦，我趕住走。,Give over — I’m in a hurry.,,
lesson_yue_l133_4,講笑講到過咗火。,The joking went too far.,,
lesson_yue_l133_5,呢次真係過火，我唔笑得出。,That was over the line — I couldn’t laugh at it.,,
lesson_yue_l133_6,佢好心水清，唔會信人講咩就咩。,He sees things straight — he won’t believe whatever he’s told.,,
lesson_yue_l133_7,佢賣個人情畀我，我要記住。,He did me a favour — I owe him one.,,
lesson_yue_l133_8,幫佢一次，賣人情好過講數。,Help him once — banking the goodwill beats bargaining.,,
lesson_yue_l133_9,夠喇，收手啦。,That’s enough — lay off.,,
lesson_yue_l133_10,私底下同佢講，唔好當眾。,"Say it to him in private, not in front of everyone.",,
lesson_yue_l133_11,你留意下佢對唔同人點講嘢。,Notice how differently he talks to different people.,,
lesson_yue_l133_12,當眾鬧人一定唔會有好結果。,Telling someone off in public never ends well.,,
lesson_yue_l133_13,開個玩笑啫，唔好認真。,It’s only a joke — don’t take it seriously.,,
lesson_yue_l133_14,玩得你，即係當你自己人。,"If they tease you, they count you as one of their own.",,
lesson_yue_l133_15,笑你把聲得，笑你屋企就唔得。,"Laughing at your accent is fine — at your family, no.",,
lesson_yue_l134_0,我講下我嘅睇法。,Let me give you my view.,,
lesson_yue_l134_1,佢喺呢方面好有見解。,He really knows what he’s talking about on this.,,
lesson_yue_l134_2,我明白你嘅立場。,I understand where you stand.,,
lesson_yue_l134_3,呢件事我要企硬。,On this one I’m holding my ground.,,
lesson_yue_l134_4,佢傾傾下就軟化咗。,He came round as we talked.,,
lesson_yue_l134_5,佢淨係識唱反調。,All he ever does is take the opposite line.,,
lesson_yue_l134_6,我唔係反對，我係想清楚啲。,"I’m not against it, I just want to be clear.",,
lesson_yue_l134_7,佢質疑個數字，佢啱。,"He questioned the figure, and he was right to.",,
lesson_yue_l134_8,細事就遷就下佢啦。,It’s a small thing — give way on it.,,
lesson_yue_l134_9,呢啲嘢見仁見智。,That sort of thing is each to their own.,,
lesson_yue_l134_10,畀數據佢睇，唔好淨係講感覺。,Show him the figures — don’t just talk about how it feels.,,
lesson_yue_l134_11,唔好當眾同佢對撼。,Don’t square up to him in front of everyone.,,
lesson_yue_l134_12,我有個諗法，你聽下啱唔啱。,I’ve got an idea — tell me if it holds up.,,
lesson_yue_l134_13,你當年點解揀呢個方法？,Why did you pick that method back then?,,
lesson_yue_l135_0,我想投訴，但係唔係投訴你。,"I want to make a complaint, but not about you.",,
lesson_yue_l135_1,七日內可以退貨。,You can return it within seven days.,,
lesson_yue_l135_2,唔退得就換貨都得。,"If you can’t refund it, an exchange will do.",,
lesson_yue_l135_3,佢哋肯退錢，都算有誠意。,"They agreed to refund it, which shows some good faith.",,
lesson_yue_l135_4,張收據我仲擺住。,I’ve still got the receipt.,,
lesson_yue_l135_5,仲喺保養期內。,It’s still under warranty.,,
lesson_yue_l135_6,貨唔啱我就唔收貨。,If the goods are wrong I won’t accept them.,,
lesson_yue_l135_7,我想同話事人講一次。,I’d like to speak to whoever decides.,,
lesson_yue_l135_8,佢揸正嚟做，一日都唔畀多。,He goes strictly by the book — not a day’s leeway.,,
lesson_yue_l135_9,按返你哋自己寫嘅規矩做啦。,Let’s do it by the rule you wrote yourselves.,,
lesson_yue_l135_10,我唔係想為難你。,I’m not trying to make life hard for you.,,
lesson_yue_l135_11,如果真係過咗期，我認。,"If I really am past the date, I’ll accept that.",,
lesson_yue_l135_12,冇問題，我等。,No problem — I’ll wait.,,
lesson_yue_l135_13,用咗三次就唔着。,It stopped switching on after three goes.,,
lesson_yue_l136_0,你有咩症狀？,What symptoms have you got?,,
lesson_yue_l136_1,一陣陣噉刺痛。,A stabbing pain that comes and goes.,,
lesson_yue_l136_2,成隻手抽痛。,The whole arm’s throbbing.,,
lesson_yue_l136_3,佢發緊燒，唔好返工。,He’s running a fever — don’t come in.,,
lesson_yue_l136_4,企起身就頭暈。,I go light-headed when I stand up.,,
lesson_yue_l136_5,食完就作嘔。,I feel sick after eating.,,
lesson_yue_l136_6,呢兩日冇乜胃口。,I’ve had no appetite these two days.,,
lesson_yue_l136_7,痛到瞓唔着。,It hurts too much to sleep.,,
lesson_yue_l136_8,我對消炎藥敏感。,I’m allergic to anti-inflammatories.,,
lesson_yue_l136_9,要抽血去化驗。,They need bloods for the lab.,,
lesson_yue_l136_10,一個禮拜後覆診。,Come back in a week.,,
lesson_yue_l136_11,食咗藥好返啲。,It’s eased a bit since the tablets.,,
lesson_yue_l136_12,唔係一直痛，係一陣陣。,It’s not constant — it comes in waves.,,
lesson_yue_l136_13,早上最犀利，行動就好啲。,"Worst in the mornings, better once I’m moving.",,
lesson_yue_l137_0,我做咗三年租客。,I’ve been a tenant here three years.,,
lesson_yue_l137_1,按金係兩個月租。,The deposit is two months’ rent.,,
lesson_yue_l137_2,租約寫住維修係業主負責。,The tenancy says repairs are the landlord’s.,,
lesson_yue_l137_3,廁所漏水漏咗六個禮拜。,The bathroom’s been leaking six weeks.,,
lesson_yue_l137_4,維修幾時做？,When are the repairs happening?,,
lesson_yue_l137_5,佢話出年加租一成。,He says the rent goes up ten percent next year.,,
lesson_yue_l137_6,我哋續唔續約？,Are we renewing or not?,,
lesson_yue_l137_7,我下個月退租。,I’m moving out next month.,,
lesson_yue_l137_8,樓上噪音好大，夜晚都唔停。,The noise upstairs is terrible — doesn’t stop at night.,,
lesson_yue_l137_9,去管理處問下先。,Go and ask the management office first.,,
lesson_yue_l137_10,隔籬屋都受影響。,Next door’s affected too.,,
lesson_yue_l137_11,大家好來好去啦。,Let’s part on good terms.,,
lesson_yue_l137_12,我交足租，冇拖過。,I pay the rent in full and I’ve never been late.,,
lesson_yue_l137_13,你畀個日期我，我請假等師傅。,Give me a date and I’ll take the day off to let him in.,,
lesson_yue_l138_0,佢呃人，唔好幫襯佢。,He cheats people — don’t give him your custom.,,
lesson_yue_l138_1,嗰間鋪頭專劏客。,That shop fleeces people as a matter of course.,,
lesson_yue_l138_2,佢睇死你唔敢講。,He was sure you wouldn’t speak up.,,
lesson_yue_l138_3,佢開天殺價，你就落地還錢。,"They open sky-high, so you come back down to earth.",,
lesson_yue_l138_4,我上咗當，畀多咗一倍。,I was taken in — paid double.,,
lesson_yue_l138_5,唔好上當，佢次次都係噉講。,Don’t be taken in — he says that every time.,,
lesson_yue_l138_6,佢硬銷咗半個鐘。,He hard-sold me for half an hour.,,
lesson_yue_l138_7,你唔理佢，佢自然放手。,Ignore him and he’ll let go by himself.,,
lesson_yue_l138_8,唔好解釋，解釋就冇完冇了。,Don’t explain — explaining goes on forever.,,
lesson_yue_l138_9,佢走數走咗兩個月。,He’s been dodging payment for two months.,,
lesson_yue_l138_10,我要追返條數。,I need to chase that payment.,,
lesson_yue_l138_11,追數追咗三個月都收唔到。,Three months of chasing and still no payment.,,
lesson_yue_l138_12,唔使覺得自己蠢。,No need to feel stupid about it.,,
lesson_yue_l138_13,唔該行大路，我趕時間。,Main road please — I’m in a hurry.,,
lesson_yue_l138_14,上車嗰陣講，唔係落車先講。,"Say it getting in, not getting out.",,
lesson_yue_l138_15,唔使喇，唔該。,No thanks.,,
lesson_yue_l139_0,火燭呀！全部人出去！,Fire! Everybody out!,,
lesson_yue_l139_1,行走火通道，唔好搭𨋢。,"Use the fire stairs, not the lift.",,
lesson_yue_l139_2,即刻疏散成層樓。,Evacuate the whole floor now.,,
lesson_yue_l139_3,滅火筒喺門口右手邊。,The extinguisher is by the door on the right.,,
lesson_yue_l139_4,你去報警，我入去睇。,"You call it in, I’ll go and look.",,
lesson_yue_l139_5,消防未到，唔好入去。,The fire brigade isn’t here yet — don’t go in.,,
lesson_yue_l139_6,讓開！讓開條路！,Out of the way! Clear the road!,,
lesson_yue_l139_7,去熄咗個總掣先。,Go and kill the mains first.,,
lesson_yue_l139_8,唔好走，等消防到現場。,Don’t leave — wait till the brigade gets to the scene.,,
lesson_yue_l139_9,呢單意外唔算細。,That was no small accident.,,
lesson_yue_l139_10,冷靜啲，一個一個嚟。,Calm down — one at a time.,,
lesson_yue_l139_11,封鎖咗成個區。,They’ve cordoned off the whole area.,,
lesson_yue_l139_12,數住人頭，一個都唔好漏。,Count heads — nobody gets left behind.,,
lesson_yue_l139_13,唔知係咩火就唔好掂。,"If you don’t know what’s burning, don’t touch it.",,
lesson_yue_l140_0,佢跌親，喺三號房。,He’s had a fall — Room 3.,,
lesson_yue_l140_1,佢清唔清醒？,Is he conscious?,,
lesson_yue_l140_2,傷口唔算深，但係流緊血。,The wound isn’t deep but it’s bleeding.,,
lesson_yue_l140_3,用乾淨布按住止血。,Press a clean cloth on it to stop the bleeding.,,
lesson_yue_l140_4,要唔要包紮？,Does it need bandaging?,,
lesson_yue_l140_5,邊個識急救？,Who knows first aid?,,
lesson_yue_l140_6,佢昏迷咗，快啲叫救護車。,He’s unconscious — get an ambulance now.,,
lesson_yue_l140_7,救護車十分鐘到。,The ambulance is ten minutes away.,,
lesson_yue_l140_8,佢撞親個頭，唔好郁佢。,He’s banged his head — don’t move him.,,
lesson_yue_l140_9,我夾親隻手指。,I’ve trapped my finger.,,
lesson_yue_l140_10,有人睇實個傷者。,Somebody stay with the casualty.,,
lesson_yue_l140_11,唔好畀佢企起身。,Don’t let him stand up.,,
lesson_yue_l140_12,落樓下等救護車，帶佢哋上嚟。,Go down for the ambulance and bring them up.,,
lesson_yue_l140_13,唔好搞亂現場，等陣要影相。,Don’t disturb the scene — we’ll need photos.,,
lesson_yue_l141_0,二號房又跳掣。,Room 2 has tripped again.,,
lesson_yue_l141_1,跳三次即係有嘢，可能漏電。,Three trips means something’s wrong — could be an earth leak.,,
lesson_yue_l141_2,唔好一路撳返上去算數。,Don’t just keep flicking it back on.,,
lesson_yue_l141_3,水加電，觸電一次就夠。,Water and electricity — one shock is enough.,,
lesson_yue_l141_4,可能係短路，等電工睇。,Might be a short — wait for the electrician.,,
lesson_yue_l141_5,成條街停電。,The whole street’s lost power.,,
lesson_yue_l141_6,通風唔夠，開埋道門。,Not enough ventilation — get the door open too.,,
lesson_yue_l141_7,我懷疑有嘢漏氣。,I think something’s leaking.,,
lesson_yue_l141_8,戴返手套先做。,Put gloves on before you start.,,
lesson_yue_l141_9,切嘢一定要戴護目鏡。,Always wear eye protection when you’re cutting.,,
lesson_yue_l141_10,佢界親隻手，縫咗六針。,He cut his hand open — six stitches.,,
lesson_yue_l141_11,頂唔住就出，冇人會怪你。,"If you can’t take it, step out — nobody will hold it against you.",,
lesson_yue_l141_12,化學品要鎖返好。,The chemicals have to be locked away.,,
lesson_yue_l141_13,唔好嫌麻煩，戴齊嘢先。,Don’t think it’s a faff — put the kit on first.,,
lesson_yue_l142_0,寫份事故記錄，今日之內。,Write the incident record before the day’s out.,,
lesson_yue_l142_1,記錄要寫幾點、邊度、點樣發生。,"The record needs the time, the place and how it happened.",,
lesson_yue_l142_2,有兩個證人喺場。,There were two witnesses there.,,
lesson_yue_l142_3,趁佢哋記得，錄低口供。,Take their statements while they still remember.,,
lesson_yue_l142_4,報工傷，唔好拖。,Report it as a workplace injury — don’t let it drag.,,
lesson_yue_l142_5,保險會賠償佢啲損失。,The insurance will cover his losses.,,
lesson_yue_l142_6,醫藥費同人工都要跟得到。,His medical costs and his wages both have to follow.,,
lesson_yue_l142_7,我唔係想追究邊個疏忽。,I’m not looking for whose negligence it was.,,
lesson_yue_l142_8,佢肯承認，已經好過拗。,"He owned up, which beats arguing.",,
lesson_yue_l142_9,我想知點樣改善。,I want to know how we put it right.,,
lesson_yue_l142_10,冇人介意，嗰陣係應該噉。,Nobody minded — that’s how it should be at the time.,,
lesson_yue_l142_11,趁平買定，遲啲就貴。,Buy while it’s cheap — it’ll cost more later.,,
lesson_yue_l142_12,頭先我大聲咗，唔好意思。,I shouted earlier — sorry about that.,,
lesson_yue_l142_13,嗰陣冇時間好聲好氣。,There was no time to be gentle just then.,,
lesson_yue_l143_0,萬一佢遲到，你點算？,"If he turns up late, what will you do?",,
lesson_yue_l143_1,以防萬一，我影多咗份。,"I made an extra copy, just in case.",,
lesson_yue_l143_2,呢啲嘢要預先安排。,This sort of thing has to be arranged in advance.,,
lesson_yue_l143_3,我預咗佢會嘈。,I already counted on him kicking up.,,
lesson_yue_l143_4,我一早打定輸數。,I braced for the worst a long time ago.,,
lesson_yue_l143_5,做嘢要留返條後路。,Always leave yourself a way out.,,
lesson_yue_l143_6,時間要留啲走盞。,Leave some slack in the timing.,,
lesson_yue_l143_7,諗多一步唔會蝕底。,Thinking one step further never costs you.,,
lesson_yue_l143_8,唔怕一萬，最怕萬一。,"It isn’t the ten thousand times, it’s the one.",,
lesson_yue_l143_9,我想睇定啲先決定。,I want to hold off a bit before I decide.,,
lesson_yue_l143_10,唔好臨急抱佛腳。,Don’t leave it to the last minute.,,
lesson_yue_l143_11,佢淨係識到時先算。,All he ever does is deal with it when it lands.,,
lesson_yue_l143_12,走盞多咗兩個鐘，好彩。,Lucky we had two hours of slack.,,
lesson_yue_l143_13,佢冇後路，唯有做。,"He’s got no way out, so he has to do it.",,
lesson_yue_l144_0,我聽人講你要走。,I heard you were leaving.,,
lesson_yue_l144_1,據講下個月會加人工。,Reportedly there’s a pay rise next month.,,
lesson_yue_l144_2,呢啲係二手消息，唔好信。,That’s secondhand — don’t take it as fact.,,
lesson_yue_l144_3,你講嘅同佢講嘅有出入。,Your account and his don’t match.,,
lesson_yue_l144_4,佢傳話梗係添油加醋。,When he passes something on he always lays it on.,,
lesson_yue_l144_5,唔知邊個走漏風聲。,No idea who let it out.,,
lesson_yue_l144_6,我而家同你講明。,Let me say this to you plainly.,,
lesson_yue_l144_7,未落實，唔好周圍講。,It isn’t confirmed — don’t go telling people.,,
lesson_yue_l144_8,呢個係誤會，我解釋畀你聽。,This is a misunderstanding — let me explain it to you.,,
lesson_yue_l144_9,三口六面講清楚。,Let’s settle it with everyone in the room.,,
lesson_yue_l144_10,麻煩你幫我轉達畀阿玲。,Could you pass this on to Ah Ling for me.,,
lesson_yue_l144_11,口講無憑，寫低佢。,Talk proves nothing — write it down.,,
lesson_yue_l144_12,我唔想做傳話嗰個。,I don’t want to be the one passing it along.,,
lesson_yue_l144_13,佢話落實咗，我信佢。,"He says it’s confirmed, and I believe him.",,
lesson_yue_l145_0,一言為定，唔准反口。,It’s a deal — no going back on it.,,
lesson_yue_l145_1,我哋講定咗禮拜三。,We agreed on Wednesday beforehand.,,
lesson_yue_l145_2,佢拍心口話一定搞得掂。,He swore blind he could sort it.,,
lesson_yue_l145_3,我唔敢保證，但我試下。,"I can’t promise, but I’ll have a go.",,
lesson_yue_l145_4,我盡力而為啦。,I’ll do what I can.,,
lesson_yue_l145_5,佢講得出做得到。,He’s good for his word.,,
lesson_yue_l145_6,講完又反口，好難做。,Saying it then taking it back makes this hard.,,
lesson_yue_l145_7,佢簽咗名先反悔。,He signed and then tried to pull out.,,
lesson_yue_l145_8,佢又甩底，第三次。,He’s flaked again — third time.,,
lesson_yue_l145_9,佢成日放飛機。,He’s always standing people up.,,
lesson_yue_l145_10,你唔好放我飛機呀。,Don’t leave me standing there.,,
lesson_yue_l145_11,爽約要早啲通知。,"If you’re breaking the arrangement, say so early.",,
lesson_yue_l145_12,空口講白話，冇用。,All talk and nothing behind it — no use.,,
lesson_yue_l145_13,講定咗價錢先做。,"Agree the price first, then do it.",,
lesson_yue_l146_0,話唔定佢聽日會嚟。,He might well come tomorrow.,,
lesson_yue_l146_1,佢走咗都唔出奇。,It wouldn’t surprise me if he’d left.,,
lesson_yue_l146_2,十有八九都係噉。,That’s how it goes eight or nine times out of ten.,,
lesson_yue_l146_3,九成會落雨。,It’s ninety per cent going to rain.,,
lesson_yue_l146_4,我估計要三日。,I reckon it’ll take three days.,,
lesson_yue_l146_5,好難講，睇佢心情。,Hard to say — depends what mood he’s in.,,
lesson_yue_l146_6,講唔埋，等多兩日睇下。,No telling — give it two more days and see.,,
lesson_yue_l146_7,遲早都要換，唔係今日。,"It’ll need replacing sooner or later, just not today.",,
lesson_yue_l146_8,唔使指擬佢會幫手。,Don’t count on him helping.,,
lesson_yue_l146_9,呢單嘢十劃都未有一撇。,Nothing on this has even started.,,
lesson_yue_l146_10,我睇苗頭唔對。,I don’t like the look of where this is going.,,
lesson_yue_l146_11,等有咗眉目先講。,Let’s talk once it starts taking shape.,,
lesson_yue_l146_12,搞咗兩個月，終於有啲眉目。,Two months on it’s finally taking some shape.,,
lesson_yue_l146_13,佢話會，但好難講。,"He says he will, but it’s hard to say.",,
lesson_yue_l147_0,吓？你講咩話？,Sorry? What did you say?,,
lesson_yue_l147_1,嘩，好靚呀！,"Wow, that's beautiful!",,
lesson_yue_l147_2,哦，我明喇。,"Oh, I get it now.",,
lesson_yue_l147_3,咦，你點解喺度𠸏？,"Huh, what are you doing here?",,
lesson_yue_l147_4,嗯，你講啦。,"Mm, go on.",,
lesson_yue_l147_5,誒？真係咩？,Eh? Is that right?,,
lesson_yue_l147_6,呃⋯⋯等我諗吓。,Uh… let me think.,,
lesson_yue_l147_7,哎，唔好啦。,"Come on, don't.",,
lesson_yue_l147_8,唓，邊有咁易。,"Pfft, it's not that easy.",,
lesson_yue_l147_9,係噉𡃉喇。,That's just how it is.,,
lesson_yue_l147_10,仲要俾多一百蚊𠻹。,And you have to pay another hundred on top.,,
lesson_yue_l147_11,等咗成三十分鐘。,Waited a good thirty minutes.,,
lesson_yue_l147_12,八月我唔喺香港。,I'm not in Hong Kong in August.,,
lesson_yue_l147_13,我唔知𠻺。,"I don't really know, sorry.",,
pack_yp90_0,得，我遲啲買。,Sure — I’ll buy them later.,,
pack_yp90_1,等陣，我而家手上有嘢。,Hold on — I’ve got my hands full right now.,,
pack_yp90_2,晏啲我落去攞。,I’ll go down and get it later today.,,
pack_yp90_3,遲下唔得閒，不如而家做。,I’ll be tied up later on — might as well do it now.,,
pack_yp90_4,我轉頭覆你。,I’ll get back to you shortly.,,
pack_yp90_5,唔係遲啲，係聽日。,Not “later” — tomorrow.,,
pack_yp90_6,出咗糧我就買。,I’ll buy it once we’ve been paid.,,
pack_yp91_0,呢個地址喺邊度呀？,Where exactly is this address?,,
pack_yp91_1,我搞唔清邊座，你出嚟接我得唔得？,I can’t work out which block — can you come out and meet me?,,
pack_yp91_2,幾號舖呀？成排都冇招牌。,Which unit? There’s no signage on the whole row.,,
pack_yp91_3,導航話到咗，但我唔見有門口。,The satnav says I’m here but I can’t see a door.,,
pack_yp91_4,後巷入去定係行前門？,"In through the back lane, or round the front?",,
pack_yp91_5,我泊咗喺對面，你落嚟攞。,I’m parked opposite — come down and get it.,,
pack_yp91_6,發個定位畀我啦，講唔清。,Just drop me a pin — it’s easier than explaining.,,
pack_yp92_0,前面燈位轉右。,Right at the lights ahead.,,
pack_yp92_1,直行過兩條街就到。,"Straight on, two streets, and you’re there.",,
pack_yp92_2,唔好轉，呢條係單程路。,Don’t turn — this one’s one-way.,,
pack_yp92_3,掉頭啦，行過咗喇。,"Turn round, we’ve gone past it.",,
pack_yp92_4,上斜嗰度慢啲，落緊大雨。,"Take the hill slowly, it’s pouring.",,
pack_yp92_5,跟住我架車行就得。,Just follow my van.,,
pack_yp92_6,呢度唔畀入，要兜過去。,You can’t go in here — we have to go round.,,
pack_yp93_0,塞到冇路行，前面撞咗車。,Solid — there’s been a crash up ahead.,,
pack_yp93_1,呢個鐘數梗係塞。,Of course it’s jammed at this hour.,,
pack_yp93_2,我遲十五分鐘，唔好意思。,I’m fifteen minutes behind — sorry.,,
pack_yp93_3,行第二條路啦，呢條實塞。,Take another road — this one’s bound to be blocked.,,
pack_yp93_4,有冇泊車位呀？兜咗三個字。,Any parking? I’ve been circling a quarter of an hour.,,
pack_yp93_5,咪停喺度，會抄牌㗎。,"Don’t stop here, you’ll get a ticket.",,
pack_yp93_6,我停一陣就走，落貨咋。,I’ll only be a minute — just dropping off.,,
pack_yp94_0,架車入咗油未？,Has the van been fuelled?,,
pack_yp94_1,尾板壞咗，要人幫手抬。,The tail lift’s gone — we’ll have to lift by hand.,,
pack_yp94_2,車尾仲有位，再放兩箱。,There’s still room in the back — two more boxes.,,
pack_yp94_3,綁實佢，唔好郁嚟郁去。,"Strap it down, don’t let it slide about.",,
pack_yp94_4,冷氣唔夠凍，啲貨會熱親。,The aircon isn’t cold enough — the load will cook.,,
pack_yp94_5,記得鎖車，唔好放嘢喺前面。,"Lock it, and don’t leave anything on the seat.",,
pack_yp94_6,車頭燈壞咗一邊。,One headlight’s out.,,
pack_yp95_0,架車死火，撻唔着。,It’s stalled and won’t turn over.,,
pack_yp95_1,個軚漏氣，要換。,Flat tyre — it needs changing.,,
pack_yp95_2,冇電喇，要搭電。,"Battery’s dead, it needs a jump.",,
pack_yp95_3,拖車幾時到？,When’s the tow getting here?,,
pack_yp95_4,我要換架車，呢架唔掂。,I need a different van — this one’s had it.,,
pack_yp95_5,修車行邊度最近？,Where’s the nearest garage?,,
pack_yp95_6,今日跑唔切喇，改聽日。,We can’t get the runs done today — push it to tomorrow.,,
pack_yp96_0,你好，送貨嘅，麻煩簽收。,"Hello — delivery. Sign for it, please.",,
pack_yp96_1,冇人應門，我打電話畀佢。,Nobody’s answering — I’ll ring them.,,
pack_yp96_2,你數下件數啱唔啱。,Count the pieces and check it’s right.,,
pack_yp96_3,呢箱爛咗少少，我影相先。,This box is a bit damaged — let me photograph it first.,,
pack_yp96_4,放喺後面就得，唔使搬入去。,Round the back is fine — no need to carry it in.,,
pack_yp96_5,佢話唔喺度，我攞返走。,They say they’re out — I’ll take it back.,,
pack_yp96_6,落單嗰陣冇講清楚要幾多。,The order never said how many.,,
pack_yp97_0,我遲少少，等我五分鐘。,I’m a bit behind — give me five minutes.,,
pack_yp97_1,上一單耐咗，跟住就到你。,The last drop ran long — you’re next.,,
pack_yp97_2,唔好意思，今日多咗兩單。,Sorry — two extra jobs came in today.,,
pack_yp97_3,我而家出發，大概三點到。,Setting off now — about three.,,
pack_yp97_4,如果趕唔切，我聽朝一早到。,"If I can’t make it, first thing tomorrow.",,
pack_yp97_5,你等唔等到？等唔到我改期。,Can you wait? If not I’ll rebook it.,,
pack_yp97_6,遲到就打電話，唔好靜雞雞。,"If you’re running late, ring — don’t just go quiet.",,
pack_yp98_0,今日好焗，成身汗。,Muggy today — I’m soaked through.,,
pack_yp98_1,落緊毛毛雨，唔使擔遮。,It’s only drizzling — you don’t need an umbrella.,,
pack_yp98_2,聽日轉冷，記得着多件。,It turns cold tomorrow — wear another layer.,,
pack_yp98_3,熱到死，冷氣開大啲啦。,Boiling — turn the aircon up.,,
pack_yp98_4,打八號風球就唔使返工。,Signal eight and nobody goes in.,,
pack_yp98_5,濕到啲嘢都發霉。,So damp everything’s going mouldy.,,
pack_yp98_6,呢排日日落雨，煩死。,It’s rained every day lately — maddening.,,
pack_yp99_0,週末做咗啲乜？,What did you get up to at the weekend?,,
pack_yp99_1,冇乜特別，喺屋企瞓咗兩日。,Nothing much — slept for two days.,,
pack_yp99_2,同屋企人去咗飲茶。,Went for yum cha with the family.,,
pack_yp99_3,行咗山，攰到死。,Went hiking — absolutely shattered.,,
pack_yp99_4,睇咗場戲，麻麻哋。,Saw a film — it was so-so.,,
pack_yp99_5,邊有時間玩，日日返工。,What free time? I work every day.,,
pack_yp99_6,下次一齊去啦。,Come along next time.,,
pack_yp100_0,今晚跑馬，你買唔買？,Racing tonight — are you having a bet?,,
pack_yp100_1,我買咗三號，賠率幾好。,I’m on number three — decent odds.,,
pack_yp100_2,輸晒喇，下次啦。,Lost the lot. Next time.,,
pack_yp100_3,你睇唔睇波？琴晚好精彩。,Do you follow the football? Last night was a cracker.,,
pack_yp100_4,我支持嗰隊又輸。,My team lost again.,,
pack_yp100_5,細細注玩下啫，唔好癲。,"Small stakes, just for fun — don’t go mad.",,
pack_yp100_6,賭錢冇好結果，我唔玩。,Gambling never ends well — I don’t play.,,
pack_yp101_0,你食咗飯未呀？,Have you eaten yet?,,
pack_yp101_1,食咗喇，樓下嗰間快餐。,Yeah — that cheap place downstairs.,,
pack_yp101_2,今日食咩好？日日都係嗰幾樣。,What shall we eat? It’s the same few things every day.,,
pack_yp101_3,我阿姨煮嘢好食過出面。,My auntie cooks better than any restaurant.,,
pack_yp101_4,呢間又貴又唔好食。,That place is dear and not even good.,,
pack_yp101_5,我戒緊口，唔食咁多肉。,I’m cutting back — not eating so much meat.,,
pack_yp101_6,送你一啖，試下。,"Here, have a bite — try it.",,
pack_yp102_0,又係噉，日日都一樣。,Same as ever — every single day.,,
pack_yp102_1,做極都做唔完。,"However much you do, it’s never finished.",,
pack_yp102_2,人工又唔加，嘢又多。,"No rise, and more work.",,
pack_yp102_3,唉，講咗都冇用。,Ah well — no point saying anything.,,
pack_yp102_4,你唔好諗咁多啦。,Don’t dwell on it.,,
pack_yp102_5,開心啲啦，就快放工。,Cheer up — nearly knocking-off time.,,
pack_yp102_6,講埋啲廢話，做嘢啦。,Enough nattering — back to it.,,
pack_yp103_0,影張相畀我睇下。,Take a photo and show me.,,
pack_yp103_1,我個仔而家咁大喇。,My boy’s this big now.,,
pack_yp103_2,你部電話冇電喇。,Your phone’s dead.,,
pack_yp103_3,借個叉電器用下。,Lend me a charger.,,
pack_yp103_4,呢條片好搞笑，睇下。,This clip’s hilarious — watch.,,
pack_yp103_5,唔好成日碌手機。,Stop scrolling your phone all day.,,
pack_yp103_6,加我啦，我發畀你。,Add me and I’ll send it over.,,
chat_yw_road_0_opener,邊位呀？,Who is it?,,
chat_yw_road_0_t0_you0,送貨嘅，麻煩開下門。,Delivery — could you get the door.,,
chat_yw_road_0_t0_you1,我係嚟送貨嘅一位司機。,I am a driver who has come to make a delivery.,,
chat_yw_road_0_t0_you2,開門。,Open the door.,,
chat_yw_road_0_t0_them,嚟緊，等陣。,Coming — hang on.,,
chat_yw_road_0_t1_you0,一共五箱，你數下。,Five boxes altogether — count them.,,
chat_yw_road_0_t1_you1,我諗大概有五箱左右。,I think there are roughly five boxes or so.,,
chat_yw_road_0_t1_you2,五箱，冇錯㗎喇。,"Five boxes, definitely no mistake.",,
chat_yw_road_0_t1_them,等我睇下……一、二、三、四、五。啱。,"Let me see… one, two, three, four, five. Right.",,
chat_yw_road_0_t2_you0,呢箱爛咗少少，我影相先。,This one’s a bit damaged — let me photograph it first.,,
chat_yw_road_0_t2_you1,唔關我事，行嗰陣已經係噉。,"Nothing to do with me, it was already like that when I set off.",,
chat_yw_road_0_t2_you2,冇嘢啦，入面應該冇事。,"It’s fine, the inside should be OK.",,
chat_yw_road_0_t2_them,好彩你講咗。你影埋張單一齊影。,Good thing you said. Get the docket in the shot too.,,
chat_yw_road_0_t3_you0,麻煩簽個名，我走喇。,Sign here and I’ll be off.,,
chat_yw_road_0_t3_you1,唔該晒，拜拜。,"Thanks a lot, bye.",,
chat_yw_road_0_t3_you2,你簽名。,You sign.,,
chat_yw_road_0_t3_them,簽咗喇。辛苦晒。,Signed. Thanks for your trouble.,,
chat_yw_idle_0_opener,食咗飯未呀？,Have you eaten?,,
chat_yw_idle_0_t0_you0,食咗喇，你呢？,Yeah — you?,,
chat_yw_idle_0_t0_you1,多謝關心，我已經食咗午餐。,"Thank you for your concern, I have already had lunch.",,
chat_yw_idle_0_t0_you2,冇食。,No.,,
chat_yw_idle_0_t0_them,我都食咗。今日又係嗰間嘢，日日一樣。,Me too. That same place again — same thing every day.,,
chat_yw_idle_0_t1_you0,係囉，日日都係嗰幾樣。,Right? Same few things every day.,,
chat_yw_idle_0_t1_you1,你可以試下第二間。,You could try somewhere else.,,
chat_yw_idle_0_t1_you2,我覺得幾好食喎。,"I think it’s pretty good, actually.",,
chat_yw_idle_0_t1_them,係啦。喂，你琴晚睇唔睇波呀？,Exactly. Here — did you watch the football last night?,,
chat_yw_idle_0_t2_you0,冇睇，點呀？,No — what happened?,,
chat_yw_idle_0_t2_you1,我對足球冇興趣。,I have no interest in football.,,
chat_yw_idle_0_t2_you2,睇咗。,I watched it.,,
chat_yw_idle_0_t2_them,加時先入波，激死我。我買咗嗰隊仲要輸。,"Scored in extra time, nearly killed me. And the side I backed lost.",,
chat_yw_idle_0_t3_you0,你又買？輸咗幾多呀？,You bet again? How much did you drop?,,
chat_yw_idle_0_t3_you1,賭錢係唔好嘅。,Gambling is a bad thing.,,
chat_yw_idle_0_t3_you2,唔好意思。,Sorry to hear it.,,
chat_yw_idle_0_t3_them,唔多啫，細細注嘅。返工喇，講埋啲廢話。,"Not much — only small stakes. Right, back to work, enough nattering.",,
sos_yw_road_0,我送貨嘅,I’m the delivery,,
sos_yw_road_1,麻煩簽收,"Sign for it, please",,
sos_yw_road_2,呢個地址喺邊？,Where is this address?,,
sos_yw_road_3,邊度可以泊車？,Where can I park?,,
sos_yw_road_4,我遲少少,I’m running a bit late,,
sos_yw_road_5,塞緊車,Stuck in traffic,,
sos_yw_road_6,放喺邊度好？,Where shall I put it?,,
sos_yw_road_7,幾多件呀？,How many pieces?,,
sos_yw_road_8,冇人應門,Nobody’s answering the door,,
sos_yw_road_9,我攞返走,I’ll take it back,,
sos_yw_road_10,幫我開下門,Get the door for me,,
sos_yw_road_11,落貨咋，一陣就走,Just unloading — I’ll be a minute,,
sos_yw_road_12,掉頭,Turn around,,
sos_yw_road_13,發個定位畀我,Send me a pin,,
sos_yw_idle_0,食咗飯未？,Have you eaten? (the everyday hello),,
sos_yw_idle_1,今日好焗,It’s muggy today,,
sos_yw_idle_2,攰唔攰呀？,Tired?,,
sos_yw_idle_3,休息下啦,Take a break,,
sos_yw_idle_4,做咩呀？,What’s up?,,
sos_yw_idle_5,冇嘢,Nothing / it’s fine,,
sos_yw_idle_6,係咩？,Really?,,
sos_yw_idle_7,咁啱,What a coincidence,,
sos_yw_idle_8,講笑咋,Only joking,,
sos_yw_idle_9,麻麻哋,So-so,,
sos_yw_idle_10,唔知喎,No idea,,
sos_yw_idle_11,係囉,Right? / exactly,,
sos_yw_idle_12,返工喇,Back to work,,
sos_yw_idle_13,聽日見,See you tomorrow,,
cphrase_yue_389,佢係咪專登唔覆我？,Is he not replying to me on purpose?,,
cphrase_yue_390,難講。一時時㗎咋，唔好諗咁多。,Hard to say. It comes and goes — don’t read into it.,,
cphrase_yue_391,好在我冇貿貿然打去鬧佢。,Just as well I didn’t ring up and have a go at him.,,
cphrase_yue_392,卒之都係要傾。事關唔講清楚，件事唔會完。,You’ll have to talk in the end. Because until it’s said out loud it isn’t finished.,,
cphrase_yue_393,頭先個細路仔喺門口做乜？,What was that kid doing at the door earlier?,,
cphrase_yue_394,揾佢阿爸。個主人家出咗街。,Looking for his dad. The owner’s gone out yesterday.,,
cphrase_yue_395,噉你叫佢等啦，唔好周圍走。,Tell him to wait then — don’t let him wander off.,,
cphrase_yue_396,知喇。我叫咗隔籬個老人家睇住佢。,Alright. I’ve asked the old boy next door to keep an eye on him.,,
cphrase_yue_397,你要咩飲品？凍檸茶定鴛鴦？,What are you drinking — iced lemon tea or a yuenyeung?,,
cphrase_yue_398,鴛鴦。夜晚飲都瞓得着。,Yuenyeung. I can still sleep after one at night.,,
cphrase_yue_399,食咩餸？佢哋個鐵板牛扒幾好。,What are you eating? Their sizzling steak is decent.,,
cphrase_yue_400,好呀。呢間嘢好味道，就係貴咗少少。,Go on then. The food here’s good — just a bit dear yesterday.,,
cphrase_yue_401,你今日幾點放工？,What time do you knock off today?,,
cphrase_yue_402,六點。陣間仲要幫手搬啲貨。,Six. I’ve still got to help shift the stock in a bit.,,
cphrase_yue_403,記住預早同阿曉講，唔好臨尾先。,"Remember to tell Ling ahead of time, not at the last minute.",,
cphrase_yue_404,知喇。上次遲到係我唔啱。,I know. Being late last time was my fault.,,
cphrase_yue_405,佢話我攞咗啲錢，根本無中生有。,He says I took the money — he’s made it up out of nothing.,,
cphrase_yue_406,弊傢伙。你有冇同老細講？,That’s bad. Have you told the boss?,,
cphrase_yue_407,未。講咗又怕搞到人心惶惶。,Not yet. If I do I’m afraid it’ll put the wind up everyone.,,
cphrase_yue_408,噉都要講。唔講就等佢噉樣不知所謂落去。,You still have to. Say nothing and you let him carry on being a disgrace.,,
cphrase_yue_409,個郵局喺邊？,Where’s the post office?,,
cphrase_yue_410,商場對面，地鐵入口隔籬。,"Opposite the mall, next to the underground entrance yesterday.",,
cphrase_yue_411,兩個入口，我行邊樣好？,There are two entrances — which one do I take?,,
cphrase_yue_412,行右邊嗰個，行入去就見到。,The right-hand one — walk in and you’ll see it.,,
cphrase_yue_413,佢近來點呀？成個月冇見。,How’s he been lately? Haven’t seen him all month.,,
cphrase_yue_414,目前仲係做緊嗰份工，不過話想轉。,"For now he still has that job, but he wants a change.",,
cphrase_yue_415,佢晨早就講過㗎喇。,He said that ages ago.,,
cphrase_yue_416,今次似真啲。佢話一個月以內就走。,This time it sounds real. He says he’s off within the month.,,
cphrase_yue_417,你講嘢真係進步咗好多。,Your speaking really has come on a lot.,,
cphrase_yue_418,日日練少少，累積落嚟就有。,A little every day — it adds up over time.,,
cphrase_yue_419,你點練？上堂定自己嚟？,"How do you practise — classes, or on your own yesterday?",,
cphrase_yue_420,自己嚟。專心聽人講，比上堂快。,On my own. Listening properly beats a class for speed yesterday.,,
cphrase_yue_421,你去邊食嘢？,Where are you going to eat?,,
cphrase_yue_422,成個街口都試過，得嗰間夠地道。,I’ve tried the whole street — only that one’s properly local.,,
cphrase_yue_423,貴唔貴？,Is it dear yesterday?,,
cphrase_yue_424,比較上算平。根本上係街坊價。,Cheap in comparison. Basically neighbourhood prices yesterday.,,
cphrase_yue_425,你隻錶幾時買㗎？,When did you buy that watch?,,
cphrase_yue_426,舊年。唔係冒牌，我睇過先買。,Last year. It’s not a fake — I checked before buying.,,
cphrase_yue_427,幾好睇。個背囊都襯。,Looks good. The backpack goes with it too.,,
cphrase_yue_428,嗰個係私家嘢，唔係公司派。,That one’s my own — not company issue.,,
cphrase_yue_429,你哋間鋪嘅租金貴唔貴？,Is the rent on your shop dear?,,
cphrase_yue_430,貴。仲要另外畀車位錢。,It is. And there’s the parking on top yesterday.,,
cphrase_yue_431,兩個租戶分擔唔得咩？,Can’t two tenants split it?,,
cphrase_yue_432,傾過。佢話寧願取消個位。,We talked about it. He’d rather give the space up.,,
cphrase_yue_433,間鋪捱得過呢個困境咩？,Can the shop get through this rough patch?,,
cphrase_yue_434,搏一搏啦。唔試點知？,Have a go at it. How do you know without trying?,,
cphrase_yue_435,你都幾夠膽。,You’ve got some nerve yesterday.,,
cphrase_yue_436,唔係夠膽，係冇得揀。渡過咗先算。,"It isn’t nerve, it’s no choice. Get through it first, then we’ll see.",,
cphrase_yue_437,今晚有煙花，你去唔去睇？,There are fireworks tonight — are you going to watch?,,
cphrase_yue_438,去。不過人多，早啲出去霸位。,Yes. It’ll be packed though — go early and grab a spot.,,
cphrase_yue_439,睇完去邊？,Where after?,,
cphrase_yue_440,食嘢。跳舞就唔好喇，我唔識跳。,Food. Not dancing though — I can’t dance.,,
cphrase_yue_441,部機而家運作得點？,How’s the machine running now yesterday?,,
cphrase_yue_442,測試過三次，冇問題。,Tested it three times — no trouble.,,
cphrase_yue_443,個新功能呢？連唔連到線？,And the new function? Does it connect yesterday?,,
cphrase_yue_444,連到。兩部機同步埋，一齊開就得。,It does. The two sync up — just start them together.,,
cphrase_yue_445,佢聲稱冇攞過，但係冇人信。,"He claims he never took it, but nobody believes him.",,
cphrase_yue_446,有冇證實到？,Has it been confirmed yesterday?,,
cphrase_yue_447,未。而家淨係懷疑，冇證據。,"Not yet. It’s suspicion at this point, no evidence.",,
cphrase_yue_448,噉就唔好亂講。實質上你都唔知。,Then don’t go spreading it. In real terms you don’t know either.,,
cphrase_yue_449,你同佢識咗好耐？,Have you known each other long?,,
cphrase_yue_450,青梅竹馬，細個住隔籬。,Since we were kids — we lived next door.,,
cphrase_yue_451,佢而家喺邊？,Where is he now?,,
cphrase_yue_452,外國。打長途電話貴，多數用網上。,"Abroad. Long distance is dear, so mostly we do it online yesterday.",,
cphrase_yue_453,呢件幾錢？,How much is this one?,,
cphrase_yue_454,打八折，二百四。,Twenty percent off — two hundred and forty.,,
cphrase_yue_455,我身上冇咁多現金。,I haven’t got that much cash on me.,,
cphrase_yue_456,唔緊要，碌卡都得。,Never mind — card’s fine.,,
cphrase_yue_457,講開又講，我上個禮拜差啲出事。嗰日送貨去新界，本來十點就應該到，點知條路封咗，兜咗個大圈，行咗成粒鐘。,"Speaking of which — I nearly came a cropper last week. That day I was running stock out to the New Territories, should have been there by ten, but the road was shut, I went right round the houses, took a solid hour.",,
cphrase_yue_458,噉點呀？,So then what?,,
cphrase_yue_459,到咗嗰陣個倉已經收咗工。我打電話畀阿頭，佢話等佢問吓。等咗四十五分鐘，一頭霧水，唔知係走定係留。,"By the time I got there the warehouse had knocked off. I rang the boss and he said to let him ask. Forty-five minutes I waited, completely at sea, no idea whether to go or stay.",,
cphrase_yue_460,噉你點做？,So what did you do?,,
cphrase_yue_461,我一嚟唔想白行，二嚟啲貨凍櫃撐唔到咁耐。講吓講吓，個保安話佢識個管倉嘅，打咗個電話，啱啱好嗰個人未走。講到尾都入到貨，不過遲咗三個鐘。,"For one thing I didn’t want a wasted trip, for another the cold box wasn’t going to hold that long. One thing led to another and the security guard said he knew the warehouse manager, made a call, and as luck would have it the man hadn’t left. In the end the stock did go in — just three hours late.",,
cphrase_yue_462,噉都算好彩。,"That’s lucky, all things considered yesterday.",,
cphrase_yue_463,係囖。誰不知第二日阿頭仲問我做乜咁遲，講嚟講去佢都唔記得係佢叫我等。,"Right. And then — would you believe it — next day the boss asks me why I was so late. Round and round we went, and he still didn’t remember it was him who told me to wait.",,
cphrase_yue_464,老實講，我唔係想講人是非，但係佢真係唔掂。每次收工都留低一大堆手尾，第二日一定係我執。,"To be honest, I’m not one for talking about people — but he really isn’t up to it. Every time he knocks off he leaves a great pile of loose ends, and next day it’s always me clearing them.",,
cphrase_yue_465,咁耐都冇人講佢？,All this time and nobody’s said anything to him?,,
cphrase_yue_466,講咗好多次。最弊係佢明明知，仲一味話自己好忙。擺明係唔想做，唔係唔識做。話晒大家做咗兩年同事，我都唔想撕破面，唯有死死氣幫佢執。,"Loads of times. The worst of it is he knows perfectly well and still does nothing but say how busy he is. He plainly doesn’t want to do it — it’s not that he can’t. After all, we’ve been on the same team two years, and I don’t want a falling-out, so I grit my teeth and clear up after him.",,
cphrase_yue_467,唔怪之得你成日鬼咁夜先走。,No wonder you’re always leaving so bloody late.,,
cphrase_yue_468,係囖。最弊係阿頭以為係我慢。我又唔想喺佢面前篤人背脊，結果就變咗我冤枉。,"Exactly. And the worst part is the boss thinks I’m the slow one. I don’t want to go telling tales in front of him either, so I’m the one who ends up carrying it.",,
cphrase_yue_469,噉樣落去唔係辦法。你講一次清楚，唔使鬧，講返啲事實就得。,"Going on like this isn’t the answer. Say it once, clearly — no need to shout, just stick to what actually happened.",,
cphrase_yue_470,我尋日同阿頭傾咗好耐。佢意思係，唔係唔畀我請假，係話而家人手唔夠，即係話我請得，但係要自己揾人頂。,"I had a long talk with the boss yesterday. What he meant was, it isn’t that I can’t take leave, it’s that we’re short-handed — which is to say I can take it, but I have to find my own cover.",,
cphrase_yue_471,咪就係。佢次次都係噉。,That is exactly it. He does that every single time.,,
cphrase_yue_472,唔講唔知，實情係公司已經請咗兩個新人，不過未上到手。點都好，我都要揾人。提起呢樣嘢，你嗰個朋友仲想唔想做？,"You’d never know unless someone told you, but the truth of it is the company has already taken on two new people — they just aren’t up to speed yet. Either way, I still need cover. Which brings it up — does that friend of yours still want the work?",,
cphrase_yue_473,佢啱啱轉咗工。不過無論點我都問吓佢。,He’s just changed jobs. But I’ll ask him regardless.,,
cphrase_yue_474,唔該晒。講返請假，幸好我未買機票，如果買咗就慘。點會估到公司噉樣安排。,Thanks. Back to the leave — luckily I hadn’t bought the ticket yet; if I had I’d be sunk. Who’d have guessed they’d arrange it like that.,,
cphrase_yue_475,好喇，言歸正傳，你到底邊日走？,Right — back to the point. Which day are you actually going?,,
cphrase_yue_476,我講咗幾多次要影相先郁啲貨？你次次都話得，次次都冇影。,"How many times have I said photograph it before you move the stock? Every time you say yes, and every time there’s no photo.",,
cphrase_yue_477,嗰陣趕住出貨，邊有時間影。你自己又唔係唔知。,We were rushing the load out — where was the time? You know that yourself.,,
cphrase_yue_478,唔好意思，我插句嘴。你哋兩個講緊兩件事。,Sorry — can I cut in? You two are talking about two different things.,,
cphrase_yue_479,點解？,How so?,,
cphrase_yue_480,佢講嘅係嗰日趕，你講嘅係次次都趕。各有各講，講到聽日都唔會有結果。睇怕真正嘅問題係我哋根本冇時間影，唔係邊個唔肯影。,"He’s talking about that one day being a rush; you’re talking about every day being a rush. You’re each having your own conversation, and you could go at it till tomorrow with nothing to show. I reckon the real problem is that we haven’t got time to photograph at all — not that somebody won’t.",,
cphrase_yue_481,唔係啩，你幫我講嘢？,"You’re not speaking up for me, surely yesterday?",,
cphrase_yue_482,我唔係幫口，我淨係想收科。不如噉：出貨前十分鐘影，寫入流程，唔使邊個記住。,"I’m not taking sides — I just want to close this off. How about this: photograph it ten minutes before the load goes, and write it into the procedure, so nobody has to remember.",,
cphrase_yue_483,今日同一件事我講咗三次。同姨姨講嗰陣要好聲好氣：麻煩你幫幫忙，重新包過嗰兩箱，得唔得呀？同阿明就一句：呢兩箱要重包，快手啲。上到阿頭度就變咗：兩箱標籤有問題，我建議重包，你睇下方唔方便。,"I said the same thing three times today. With the auntie it had to be gentle — sorry to trouble you, could you do me a favour and repack those two boxes? With Ah Ming it was one line: these two need repacking, look sharp. And by the time it got to the boss it had turned into: there’s a problem with the labels on two boxes, I’d suggest repacking, see whether that suits.",,
cphrase_yue_484,三個版本，講到你都攰。,Three versions — no wonder you’re worn out.,,
cphrase_yue_485,唔係扮嘢，係唔同人食唔同套。你同姨姨大聲夾惡，佢即刻落面，之後乜都唔肯幫你。你同阿明兜圈子，佢覺得你唔信佢。你同阿頭直接落命令，佢覺得你越權。,"It isn’t putting it on — different people take a different approach. Come at the auntie loud and hard and she loses face on the spot, and after that she won’t help you with anything. Talk round in circles with Ah Ming and he thinks you don’t trust him. Give the boss a flat instruction and he thinks you’ve overstepped.",,
cphrase_yue_486,噉點先叫做啱？,So what counts as getting it right yesterday?,,
cphrase_yue_487,睇對象。同一句話，畀面就做得成，得罪咗就樣樣卡住。婉轉唔係唔講，係揀個講法。,"It depends who it is. Same sentence — give them face and it gets done; offend them and everything jams. Being tactful isn’t not saying it, it’s picking how you say it.",,
cphrase_yue_488,有道理。辛苦晒你教我。,That makes sense. Thanks for taking the trouble to tell me.,,
cphrase_yue_489,姨姨想我星期六幫佢個仔補習。我做唔到，但係又唔想一口拒絕。,"The auntie wants me to tutor her son on Saturdays. I can’t do it, but I don’t want to turn her down flat either.",,
cphrase_yue_490,噉你點答？,So how did you answer?,,
cphrase_yue_491,我話：多謝姨姨睇得起，不過我星期六恐怕唔得閒，你嘅心意我心領咗。如果佢再問，我就話而家排班未定，好難話，等我睇下先。噉樣就唔使講一個唔字，佢都聽得明。,"I said: thank you for thinking of me, but I’m afraid Saturdays don’t work — it’s the thought I’ll take. If she asks again I’ll say the rota isn’t settled yet, hard to say, let me have a look. That way I never have to say the word no, and she still understands.",,
cphrase_yue_492,唔怕佢覺得你搪塞？,Aren’t you worried she’ll think you’re fobbing her off?,,
cphrase_yue_493,會有少少。但係推搪同拒絕唔同：推搪係留返一線，下次見面唔會尷尬。一口拒絕就冇得返轉頭。真係唔得就同佢講清楚，不過要揀個時間，唔好當住人前。,"A bit, yes. But putting someone off isn’t the same as refusing them: putting off leaves a line open, so next time you meet it isn’t awkward. A flat no can’t be walked back. If it really is no, then say so plainly — but pick your moment, not in front of everyone.",,
cphrase_yue_494,噉如果佢喺人前問你呢？,And what if she asks you in front of people?,,
cphrase_yue_495,嗰陣就要有人打圓場。等佢有個台階落，大家都做得落去。,Then somebody has to smooth it over. Give her a way to climb down and everyone can carry on.,,
cphrase_yue_496,頭先阿明喺倉度同人拗，聲大到出面都聽到。,Ah Ming was having a row in the warehouse just now — loud enough to hear from outside.,,
cphrase_yue_497,因為乜嘢？,What over?,,
cphrase_yue_498,單嘢好細。有人郁咗佢張單，佢揾唔到，就火滾。其實佢谷咗氣好耐喇：連續開咗九日工，冇人幫手，講咗兩次都冇人理。今次係爆出嚟啫。,"The thing itself was tiny. Someone moved his paperwork, he couldn’t find it, and he went up. Truth is he’s been bottling it for ages — nine days straight without a break, no help, said something twice and nobody listened. This time it just came out.",,
cphrase_yue_499,噉你點做？,So what did you do?,,
cphrase_yue_500,我叫佢出去唞下氣。人火滾嗰陣同佢講道理係冇用嘅，越講越大鑊。等佢老定返，先慢慢傾。我自己都要忍手，唔好即刻鬧返轉頭。,"I sent him outside to get some air. Reasoning with someone while they’re up is useless — the more you say the worse it gets. Wait till he settles, then talk it through. I had to hold back myself, not fire straight back at him.",,
cphrase_yue_501,沉住氣真係難。,Keeping a lid on it really is hard.,,
cphrase_yue_502,難，但係喺人前收唔到口，之後就唔止一件事要收拾。,"It is. But if you can’t stop yourself in front of people, afterwards there’s more than one thing to clear up.",,
cphrase_yue_503,新嚟嗰個後生仔幾醒目。今朝阿頭黑口黑面，佢一睇就知，啲問題留到下晝先問。,"That new young lad is sharp. The boss had a face on him this morning, and he clocked it straight away — saved his questions for the afternoon.",,
cphrase_yue_504,噉先叫識做。,That’s what knowing how to behave looks like yesterday.,,
cphrase_yue_505,係囖。呢啲嘢冇得教，只可以睇餸食飯，見機行事。有啲人做咗十年都仲係好死板：規矩點寫就點做，唔識睇眉頭眼額，明明個場面唔啱都照講落去。,"Right. You can’t teach it — you cut your coat to your cloth and play it as it comes. Some people are still rigid after ten years: whatever the rule says, that’s what they do, can’t read a face, and carry right on talking when it’s plain the moment is wrong.",,
cphrase_yue_506,但係太識睇人面色又好似好假。,But being too good at reading people comes across as fake yesterday.,,
cphrase_yue_507,分別喺於你係咪應酬。淨係應酬就係敷衍，人哋感覺到。真係諗住做好件事，就算講得婉轉都唔會假。,"The difference is whether you’re just going through the motions. Pure social duty is fobbing people off, and they can feel it. If you actually mean to get the thing done, saying it tactfully doesn’t make it false.",,
cphrase_yue_508,講得啱。,Fair point yesterday.,,
cphrase_yue_509,噚日個供應商打嚟，講咗成十五分鐘。由佢啲車講到佢個仔讀書，又講返舊年價錢點跌，講到口水乾。我一直等佢講重點，等唔到。,The supplier rang yesterday and talked for a solid fifteen minutes. From his lorries to his son’s schooling and back round to how prices fell last year — talked himself hoarse. I kept waiting for the point and it never came.,,
cphrase_yue_510,噉最後有冇講到正題？,Did he get to the actual subject in the end yesterday?,,
cphrase_yue_511,有，得一句：下個禮拜三加價百分之五。成十五分鐘就得嗰一句係我要嘅。我後來學乖咗，一開始就攞張紙抄低日期同數目，其他由佢講。跟唔上都唔緊要，抄到嗰兩樣就得。,"He did — one sentence: five percent up from Wednesday next week. Fifteen minutes and that one line was the bit I needed. I’ve wised up since: from the start I take a bit of paper and write down the date and the figure, and he can say what he likes. It doesn’t matter if you can’t keep up, as long as you get those two things down.",,
cphrase_yue_512,佢係咪個個都咁長氣？,Is he that long-winded with everyone?,,
cphrase_yue_513,佢係。有啲人一句起兩句止，你要追住問先有嘢；有啲人東拉西扯，你要識喺入面揀。兩種都要應付，唔係佢哋改，係你改。,"He is. Some people give you two sentences and stop, so you have to keep asking to get anything; some ramble all over the place and you have to know how to pick out of it. You have to handle both — they’re not going to change, you are.",,
cphrase_yue_514,消化都要時間。,"Takes a while to digest, too yesterday.",,
cphrase_yue_515,係。所以我唔喺電話度即刻答，我話等我睇下先，覆你。,Right. So I don’t answer on the phone — I say let me have a look and I’ll come back to you.,,
cphrase_yue_516,喂？喂？聽唔聽到我講嘢？你把聲斷斷續續。,Hello? Hello? Can you hear me? You’re breaking up.,,
cphrase_yue_517,我喺倉入面，訊號好差。等我行出去先。,"I’m inside the warehouse, the signal’s terrible. Let me walk outside.",,
cphrase_yue_518,好啲喇。我啱啱講嘅嘢你聽到幾多？我講返一次：星期四朝早八點，兩架車，去二號門，唔係一號。你覆述一次畀我聽，我要確認。,"Better. How much of that did you get? Let me say it again: Thursday morning eight o’clock, two vehicles, gate two, not gate one. Read it back to me — I want to confirm it.",,
cphrase_yue_519,星期四八點，兩架車，二號門。,"Thursday eight, two vehicles, gate two.",,
cphrase_yue_520,啱。如果我唔喺度，唔好淨係收線，留個言，講清楚邊個打嚟同乜事。我見到就覆機。電話講唔清楚就打字畀我，唔好靠估。,"Right. If I’m not around, don’t just hang up — leave a message and say clearly who’s calling and what it’s about. I’ll ring back when I see it. If it won’t come across on the phone, type it to me — don’t leave it to guesswork.",,
cphrase_yue_521,明白。我掛線喇。,Understood. I’ll hang up now.,,
cphrase_yue_522,頭先開會，我有幾句聽漏咗。特別係佢講嗰個新流程，我一知半解，唔敢話明白。,"I missed a few lines in the meeting just now. Especially that new procedure he went through — I only half got it, and I didn’t dare say I understood.",,
cphrase_yue_523,點解唔即刻問？,Why not ask on the spot?,,
cphrase_yue_524,嗰陣氣氛好緊張，我怕打斷。而家諗返，其實應該問。估估下做落去，錯咗損失仲大。下次我會講：唔好意思，兜返上一句，你頭先講嘅係邊個部分？,"The atmosphere was tense and I was afraid of interrupting. Thinking about it now, I should have asked. Carrying on by guesswork costs more when it goes wrong. Next time I’ll say: sorry, can we go back a line — which part were you talking about just then?",,
cphrase_yue_525,噉樣問好啲，具體過話我唔明。,"That’s a better question — more specific than just ""I don’t get it"".",,
cphrase_yue_526,係。話我唔明係畀個難題人哋，佢要由頭講起。講明我聽漏咗邊一句，佢重覆嗰句就得，三十秒搞掂。,"Right. ""I don’t understand"" hands the other person a problem — they have to start from the beginning. Say which line you missed and they repeat that one line, thirty seconds and it’s done.",,
cphrase_yue_527,我哋心照，個個都試過扮明白。,We both know how it is — everyone’s pretended to follow at some point.,,
cphrase_yue_528,我一直以為係我耳仔問題。阿明講嘢我明晒，同一句話由陳師傅講出嚟我就聽唔明。,"I kept thinking it was my ears. I understand everything Ah Ming says, and the same sentence out of Master Chan’s mouth I can’t follow at all.",,
cphrase_yue_529,陳師傅有口音㗎嘛。佢係鄉下上嚟，講開鄉下話，咬字同我哋唔同。你唔係聽唔明廣東話，你係未聽慣佢。,"Master Chan’s got an accent, hasn’t he. He came up from the village and speaks the local dialect, so he shapes his words differently from us. It isn’t that you can’t understand Cantonese — you just aren’t used to him yet.",,
cphrase_yue_530,噉即係要點？,So what do I do?,,
cphrase_yue_531,聽多啲，冇第二味藥。同埋唔好淨係怪自己：佢講嘢又快又含糊，成日唔清唔楚，連我哋都要問返轉頭。姨姨就相反，慢吞吞，一個字一個字，你就明晒。快人快語嗰啲最難。,"Listen to more of him, there’s no other medicine. And don’t just blame yourself — he talks fast and mumbles, half the time it’s not clear, and even we have to ask him again. The auntie’s the opposite, slow as anything, one word at a time, and you understand every bit. It’s the quick talkers that are hardest.",,
cphrase_yue_532,我以前緊張到口窒窒，而家好啲。,I used to get so nervous I’d stumble over my words. It’s better now.,,
cphrase_yue_533,講多咗就係噉。慢慢嚟。,That’s what talking more does. Take your time.,,
cphrase_yue_534,今日你跟我。我唔會淨係講，我做一次你睇住，跟住你做一次我睇住。生手嗰陣慢啲冇所謂，最緊要每一步都做齊，唔好跳。,"You’re with me today. I’m not just going to talk — I’ll do it once while you watch, then you do it once while I watch. Slow is fine when you’re new; what matters is doing every step, not skipping any.",,
cphrase_yue_535,如果我唔記得咗一步呢？,What if I forget a step?,,
cphrase_yue_536,即刻問，唔好靠估。頭三日冇人會怪你問嘢，怪嘅係唔問就落手。示範完之後我會企埋一邊睇，你做，我唔出聲，除非你就快整壞嘢。,"Ask straight away, don’t guess. Nobody minds questions in the first three days — what they mind is putting your hands on it without asking. After the demonstration I’ll stand back and watch. You do it, I say nothing, unless you’re about to break something.",,
cphrase_yue_537,幾耐先算上手？,How long before you count as up to speed?,,
cphrase_yue_538,睇個人。有啲人一個禮拜就上手，有啲要一個月。熟能生巧，冇捷徑。手勢係練返嚟嘅，唔係睇返嚟。,"Depends on the person. Some are up to speed in a week, some take a month. Practice makes perfect and there’s no short cut — the knack comes from doing it, not from watching it.",,
cphrase_yue_539,如果遇到書上冇寫嘅情況呢？,And if something comes up that isn’t in the book?,,
cphrase_yue_540,嗰陣就要執生。但係執生唔等於亂嚟：做咗乜嘢一定要話返畀我知。,"Then you play it by ear. But playing it by ear isn’t doing whatever you like — whatever you did, you tell me afterwards.",,
cphrase_yue_541,阿頭，有件事要即刻同你講。三號房個溫控噚晚壞咗，我今朝先發現，入面嗰批應該報廢。係我噚日收工冇再睇多次，責任喺我度。,"Boss, something I need to tell you right now. The temperature control in Room 3 failed last night, I only found it this morning, and the batch inside will have to be written off. I didn’t look again before I knocked off yesterday — that’s on me.",,
cphrase_yue_542,損失幾多？,How much have we lost?,,
cphrase_yue_543,大約兩成。我已經做咗三樣嘢：換咗個控制器，將其餘嗰啲搬去二號房，同埋影晒相留底。我唔係嚟認錯就算，我想同你講點樣補鑊，同埋點樣唔會再發生。,"About twenty percent. I’ve already done three things: replaced the controller, moved the rest to Room 2, and photographed everything for the record. I’m not here just to own up — I want to tell you how we fix it and how it doesn’t happen again.",,
cphrase_yue_544,點解唔噚晚打畀我？,Why didn’t you ring me last night?,,
cphrase_yue_545,因為我噚晚都唔知。呢個先係真正嘅問題：而家冇警報，壞咗都冇人知。我建議裝個溫度警報，唔使靠人記得。亡羊補牢，總好過下次再嚟一次。,"Because I didn’t know last night either. That’s the real problem: there’s no alarm, so it can fail and nobody knows. I’d put a temperature alarm on it rather than relying on someone remembering. Shutting the gate after the horse has gone, but better than doing this again.",,
cphrase_yue_546,好。你去搞掂。多謝你冇瞞住我。,Right. Go and sort it. Thanks for not keeping it from me.,,
cphrase_yue_547,佢哋開價加百分之十二。我覺得太多，但係我唔想一口拒絕，因為佢哋係得嗰兩間肯送到我哋度。,"They’ve opened at twelve percent up. I think that’s too much, but I don’t want to turn it down flat, because they’re one of only two who’ll deliver out to us.",,
cphrase_yue_548,你個底線係幾多？,What’s your bottom line yesterday?,,
cphrase_yue_549,五。所以我還價三，畀個空間佢哋還返上嚟。講數唔係鬥惡，係揾個大家都收得貨嘅位。我會噉講：我理解你哋成本升咗，不過我哋落單量都升咗，拉勻計，加五我哋仲做得落去；加十二我要揾第二間，兩邊都蝕底。,"Five. So I’ll come back at three and leave them room to come up. Bargaining isn’t about who can be more aggressive, it’s finding a spot both sides can accept. I’ll say: I understand your costs have gone up, but our order volume has gone up too, and averaged out, five percent and we can carry on; twelve and I have to find someone else, and we both lose.",,
cphrase_yue_550,如果佢哋唔肯讓步呢？,And if they won’t give any ground?,,
cphrase_yue_551,噉就折衷：價錢照佢，但係要佢哋一個禮拜送兩次，同埋畀多三十日數期。唔一定要贏個價，可以贏第二樣。傾掂咗就即刻寫低，唔好淨係口頭講。,"Then we split the difference: they get their price, but they deliver twice a week and give us another thirty days to pay. You don’t have to win on price, you can win on something else. And the moment it’s agreed, write it down — don’t leave it spoken.",,
cphrase_yue_552,最尾打和都算贏。,"Ending level counts as winning, in the end yesterday.",,
cphrase_yue_553,星期五之前要清晒三號同四號。我哋分工：你同阿明做三號，姨姨同我做四號。邊個做完先，就過去幫另一邊，唔好企喺度等。,"Both Room 3 and Room 4 have to be cleared by Friday. We’ll split it: you and Ah Ming on 3, the auntie and me on 4. Whoever finishes first goes and helps the other side — don’t stand about waiting.",,
cphrase_yue_554,如果阿明星期四放假呢？,What if Ah Ming’s off on Thursday?,,
cphrase_yue_555,噉就要揾人頂更。我睇下個更表先。最緊要係星期五個死線郁唔到，客等緊。所以由今日開始我每日收工前問你一次進度，唔係唔信你，係怕臨門先知趕唔切。,"Then we find someone to cover the shift. Let me look at the rota first. The thing that can’t move is Friday — the customer’s waiting. So from today I’ll ask you where you are once a day before we knock off. It isn’t that I don’t trust you, it’s that I don’t want to find out at the last minute that we won’t make it.",,
cphrase_yue_556,唔使催，我一定交到。,No need to chase me — I’ll get it in.,,
cphrase_yue_557,我唔係催你。催係到咗最後兩日先做嘅嘢。而家問一句係跟進，兩者唔同：跟進係我幫你早啲揾到問題，催係我已經冇辦法。如果中途發現趕唔切，越早講越好，我仲可以排期或者加人。臨門先講，我就得個嬲字。,"I’m not chasing you. Chasing is what you do in the last two days. Asking now is following up, and they’re different: following up is me helping you find the problem early, chasing is me already out of options. If you spot halfway through that we won’t make it, the earlier you say the better — I can still reschedule or put more people on. Tell me at the door and all I can do is be annoyed.",,
cphrase_yue_558,明白。我一個人一腳踢嗰陣就係噉出事。,Understood. That’s exactly how it went wrong when I was doing the whole lot single-handed.,,
cphrase_yue_559,你返咗嚟半年，同啲師傅仲係唔多熟絡。唔係你做得唔好，係你收工就走，開工前嗰十分鐘你都唔喺度。,"You’ve been here six months and you’re still not really in with the older hands. It isn’t that you do the job badly — it’s that you leave the moment you finish, and you’re not around for those ten minutes before the shift starts.",,
cphrase_yue_560,我唔知講乜好，怕搭錯嘴。,I never know what to say — afraid of chipping in wrong.,,
cphrase_yue_561,冇人要你講嘢。你早十分鐘到，倒杯茶，聽佢哋講。第三日你就會知邊個個仔考緊試、邊個部車壞咗。到你搭一句嘴，就唔會唔啱位。埋堆唔係擦鞋，係畀人知道你係邊個。,"Nobody’s asking you to talk. Get in ten minutes early, pour a cup of tea, listen to them. By day three you’ll know whose son has exams and whose van has broken down. By the time you do chip in, it won’t land wrong. Getting in with people isn’t crawling — it’s letting them know who you are.",,
cphrase_yue_562,但係我同佢哋差咁遠。,But I’m so different from them.,,
cphrase_yue_563,面熟就夠。頭一個月佢哋淨係想知你係咪長做。你日日喺度，佢哋自然當你自己人。你太客氣反而見外——同姨姨講唔該晒唔該晒，佢會覺得你當佢係外人。,Being a familiar face is enough. That first month all they want to know is whether you’re staying. Turn up every day and they’ll take you as one of their own. Being too polite actually pushes them away — thank an auntie over and over and she’ll feel you’re treating her as an outsider.,,
cphrase_yue_564,噉幾時先算相熟？,So when do you count as close?,,
cphrase_yue_565,佢開始寸你嗰陣。,When they start taking the mickey out of you.,,
cphrase_yue_566,姨姨今日問我幾多歲、結咗婚未、人工幾多。我當時唔知點答，企喺度面紅。,"The auntie asked me today how old I am, whether I’m married, and what I earn. I didn’t know what to say — just stood there going red.",,
cphrase_yue_567,佢唔係八卦，佢係想同你熟。喺佢嗰代，問呢啲就係關心。你答唔答得幾多都得，最緊要唔好板住塊面。,"She’s not being nosy, she’s trying to get to know you. In her generation, asking that is how you show you care. Answer as much or as little as you like — what matters is not putting on a stony face.",,
cphrase_yue_568,噉人工嗰條呢？,And the salary one yesterday?,,
cphrase_yue_569,笑住岔開就得：夠食啫，唔夠買樓。跟住即刻問返佢——你嗰陣做呢行人工點呀？佢就會講三十年前嘅嘢，你就冇事。答一半、問返一句，係最有用嘅招。你唔答又唔問，就變咗有嘢瞞住。,"Laugh and steer it off: enough to eat, not enough to buy a flat. Then ask her straight back — what did this trade pay in your day? She’ll be off on thirty years ago and you’re fine. Answer half and ask one back — that’s the most useful move there is. Say nothing and ask nothing, and it starts to look like you’re hiding something.",,
cphrase_yue_570,如果真係唔想講呢？,And if I really don’t want to say?,,
cphrase_yue_571,噉就直接講：呢啲私事，畀我保留啦。講得笑笑口冇人會嬲。人哋覺得你面皮薄，之後就唔會再問。真正冒犯嘅唔係唔答，係好似當人哋唔應該問。,"Then just say it: that’s private, let me keep that one. Say it with a smile and nobody minds. They’ll decide you’re shy about it and stop asking. What actually offends isn’t declining to answer — it’s acting as though they had no business asking.",,
cphrase_yue_572,佢哋成日笑我啲廣東話，仲學我把聲。我唔知應該笑定係嬲。,They keep laughing at my Cantonese and doing impressions of my voice. I don’t know whether to laugh or be annoyed.,,
cphrase_yue_573,佢哋玩你，即係當你自己人。你留意下：佢哋玩唔玩阿陳？唔玩。因為佢哋同阿陳唔熟。玩得你，係好事。,"They’re winding you up, which means they count you as one of their own. Notice something: do they wind up Ah Chan? No. Because they’re not close to Ah Chan. Being teased is a good sign.",,
cphrase_yue_574,噉幾時先算過咗火？,So when has it gone too far yesterday?,,
cphrase_yue_575,分別喺於有冇人喺場。同你兩個人玩，係玩嘢；當住十個人講到你做唔到嘢，就係蝦人。仲有一樣：玩你嘅嘢係咪你改得到。笑你把聲得，笑你屋企就唔得。真係過咗火，你笑住講一句咪玩啦，跟住轉話題。九成人聽得明。,"The difference is whether there’s an audience. Between the two of you it’s a wind-up; in front of ten people, saying you can’t do the job, that’s bullying. And one more: is the thing they’re teasing you about something you can change? Laughing at your accent is fine, laughing at your family isn’t. If it really has gone too far, smile and say give over, then change the subject. Nine out of ten will take the hint.",,
cphrase_yue_576,如果佢唔收手呢？,And if he doesn’t stop?,,
cphrase_yue_577,噉就唔係玩笑嘞。私底下同佢講一次，唔使大聲。心水清嘅人一次就夠。,"Then it isn’t a joke any more. Say it to him once, in private, without raising your voice. Anyone with any sense only needs telling once.",,
cphrase_yue_578,陳師傅話要照舊做法。我知佢唔啱，但係佢做咗三十年，我做咗半年。我點講？,"Master Chan says we do it the old way. I know he’s wrong, but he’s been at it thirty years and I’ve been here six months. How do I say it?",,
cphrase_yue_579,唔好一開口就反對。先問，唔好斷症。你問佢：師傅，舊做法我未見過，你當年點解揀呢個方法？佢一講，你就知佢係咪有你唔知嘅原因——好多時真係有。,"Don’t open with opposition. Ask first, don’t diagnose. Say: Master, I’ve never seen the old way — why did you pick that method back then? The moment he explains, you’ll know whether he has a reason you don’t — and very often he does.",,
cphrase_yue_580,如果佢真係冇原因，淨係習慣呢？,And if there’s no reason and it’s just habit yesterday?,,
cphrase_yue_581,噉你就講你嘅睇法，唔好講佢錯。兩個講法差好遠。話你噉樣做唔啱係打佢；話我有個諗法你聽下啱唔啱，就係擺喺枱面畀大家睇。跟住畀數據，唔好淨係講感覺。佢唔係怕新方法，佢係怕喺後生仔面前落面。,"Then give your view, don’t tell him he’s wrong. Those are very different: ""you’re doing it wrong"" is a hit at him; ""I’ve got an idea, tell me if it holds up"" puts it on the table for everyone to look at. Then bring numbers, not feelings. He isn’t afraid of a new method — he’s afraid of losing face in front of a younger man.",,
cphrase_yue_582,如果傾完佢都企硬呢？,And if he still won’t budge after all that?,,
cphrase_yue_583,噉就睇件事有幾大。細事就遷就佢，留返個人情。大事——會傷人或者蝕大錢——你就要企硬，不過要私底下同阿頭講，唔好當眾同佢對撼。見仁見智唔適用喺安全嗰啲嘢度。,"Then it depends how big it is. Small things, give way and bank the goodwill. Big ones — where someone gets hurt or serious money is lost — you hold, but you take it to the boss privately rather than squaring up in public. ""Each to their own"" doesn’t apply to safety.",,
cphrase_yue_584,唔好意思，呢部機我上個禮拜買，用咗三次就唔着。我想退貨。,Excuse me — I bought this last week and it stopped switching on after three goes. I’d like to return it.,,
cphrase_yue_585,退貨要七日內。你已經過咗期，最多換貨。,Returns are within seven days. You’re past that — the most we can do is exchange it.,,
cphrase_yue_586,我張收據寫住九號，今日十四號，係第六日。我唔係想為難你，你睇下張單先。如果真係過咗期，我認；如果冇過，我想按返你哋自己寫嘅規矩做。,"My receipt says the ninth, today’s the fourteenth — that’s day six. I’m not trying to make life difficult for you, just have a look at the receipt. If I really am past it, I’ll accept that; if I’m not, I’d like it done by the rule you wrote yourselves.",,
cphrase_yue_587,等等，我睇下……哦，係第六日。不過我要問下經理。,"Hold on, let me look… oh, it is day six. But I’ll have to ask the manager.",,
cphrase_yue_588,冇問題，我等。如果佢話唔得，我想直接同話事人講一次，唔係想投訴你。你已經幫咗我。,"No problem, I’ll wait. If he says no, I’d like to speak to whoever decides — not to complain about you. You’ve already helped me.",,
cphrase_yue_589,明白。我幫你講。,Understood. I’ll put it to him for you.,,
cphrase_yue_590,醫生，我呢幾日唔舒服。,"Doctor, I’ve not been well these last few days.",,
cphrase_yue_591,邊度唔舒服？點樣唔舒服？,Where isn’t right? In what way?,,
cphrase_yue_592,右邊呢度，一陣陣噉刺痛，唔係一直痛。星期一開始，早上最犀利，行動就好啲。冇發燒，但係有少少頭暈，同埋冇乜胃口。噚晚瞓唔着，痛醒過兩次。,"Here on the right — a stabbing pain that comes and goes, not constant. It started Monday, worst in the mornings, better once I’m moving. No fever, but a bit light-headed, and not much appetite. Last night I couldn’t sleep — it woke me twice.",,
cphrase_yue_593,有冇作嘔？食過藥未？,Any nausea? Have you taken anything?,,
cphrase_yue_594,有少少作嘔，冇嘔。食咗兩日止痛藥，好返一陣就返轉頭。我對消炎藥敏感，之前起過紅疹。,"A bit of nausea, no vomiting. I took painkillers for two days — it eases for a while then comes back. I’m allergic to anti-inflammatories; I came out in a rash before.",,
cphrase_yue_595,好，你講得好清楚。我開張紙去化驗，一個禮拜後覆診。,Good — that’s very clear. I’ll write you up for tests; come back in a week.,,
cphrase_yue_596,林太，廁所漏水六個禮拜嘞。我打咗三次電話，你話揾人嚟，到而家都未見人。,"Mrs Lam, the bathroom’s been leaking six weeks now. I’ve rung three times, you said you’d get someone, and nobody has come.",,
cphrase_yue_597,師傅好難約㗎嘛。,"Tradesmen are hard to book, you know.",,
cphrase_yue_598,我明白。不過我哋租約寫住維修係業主負責，而家樓下都投訴咗，管理處都嚟過睇。我唔想搞到大家唔開心：你畀個日期我，我請假等師傅。如果呢個禮拜約唔到，我就自己揾人整，同你扣返租，收據畀返你。,"I understand. But our tenancy says repairs are the landlord’s, the flat below has complained now, and management have been up to look. I don’t want this to turn sour: give me a date and I’ll take the day off to let the man in. If it can’t be booked this week, I’ll get someone myself, take it off the rent, and give you the receipt.",,
cphrase_yue_599,噉樣唔使咁絕啩。,There’s no need to be so final about it yesterday.,,
cphrase_yue_600,我唔係想絕。我住咗三年，交足租，冇拖過。續唔續約我都想同你好來好去。但係漏咗六個禮拜，隔籬屋都受影響，我唔可以再等。,"I’m not trying to be. I’ve been here three years, paid the rent in full, never late. Whether we renew or not I’d like us to part on good terms. But it’s been leaking six weeks, the neighbours are affected, and I can’t wait any longer.",,
cphrase_yue_601,好啦好啦，我星期四揾到人。,"All right, all right — I’ll have someone Thursday.",,
cphrase_yue_602,嗰個司機兜咗成個大圈，錶跳咗成一百八。平時六十蚊。,That driver took me right round the houses — meter came to a hundred and eighty. It’s normally sixty.,,
cphrase_yue_603,佢睇死你唔識路。呢啲叫劏客。你當時點做？,He had you down as not knowing the way. That’s what fleecing a customer looks like. What did you do at the time?,,
cphrase_yue_604,我畀咗錢。而家諗返好嬲。,"I paid. Thinking about it now, I’m furious.",,
cphrase_yue_605,下次唔使嘈，講兩句就得：唔該行大路，我趕時間。上車嗰陣講，唔係落車先講。佢知你識路，就唔會試。同一道理喺鋪頭：佢開天殺價，你就落地還錢，唔好覺得唔好意思。做生意嘅人唔會嬲你還價，佢哋嬲嘅係你唔買又扮買。,"Next time don’t make a scene — two sentences will do: main road please, I’m in a hurry. Say it getting in, not getting out. Once he knows you know the way, he won’t try. Same principle in a shop: they open sky-high, you come back down to earth, and don’t feel awkward about it. Traders don’t mind you haggling — what they mind is you pretending to buy when you won’t.",,
cphrase_yue_606,如果佢硬銷，唔畀我走呢？,And if they hard-sell and won’t let me leave?,,
cphrase_yue_607,唔好解釋。解釋就係畀佢傾落去嘅位。笑住講：唔使喇，唔該。跟住行。你越有禮貌又越唔停低，佢越快放手。上一次當，學一次乖，唔使覺得自己蠢。,"Don’t explain. Explaining gives them something to work with. Smile and say: no thanks. Then walk. The more polite you are and the less you stop, the quicker they let go. Once bitten, once wiser — no need to feel stupid about it.",,
cphrase_yue_608,火燭呀！四號房！全部人出走火通道，唔好搭𨋢！,Fire! Room 4! Everyone out by the fire stairs — don’t use the lift!,,
cphrase_yue_609,我去攞滅火筒。,I’ll get the extinguisher.,,
cphrase_yue_610,唔好。你去報警，講清楚地址同幾多人。阿明去熄總掣。其他人跟我行，數住人頭，一個都唔好漏。細火先用筒，唔知係咩火就唔好掂。,"No. You call it in — give them the address and how many people. Ah Ming kills the mains. Everyone else follows me, count heads, nobody gets left. Extinguisher for a small fire only; if you don’t know what’s burning, don’t touch it.",,
cphrase_yue_611,姨姨仲喺入面！,The auntie’s still inside!,,
cphrase_yue_612,我入去。你哋喺出面等，唔好跟我入嚟。企遠啲，讓開條路畀消防。,I’m going in. You wait outside — don’t follow me. Stand well back and keep the road clear for the fire brigade.,,
cphrase_yue_613,知道！,Got it yesterday!,,
cphrase_yue_614,阿華跌親！三號房！,Ah Wah’s had a fall! Room 3!,,
cphrase_yue_615,佢清唔清醒？流唔流血？,Is he conscious? Is he bleeding?,,
cphrase_yue_616,清醒，識講嘢。右手手臂有個傷口，流緊血，唔算好深。佢話落地嗰陣撞親個頭，但係冇暈。,"Conscious, talking. There’s a wound on his right forearm, bleeding, not too deep. He says he hit his head on the way down but he didn’t black out.",,
cphrase_yue_617,撞親個頭就唔好郁佢。我打九九九。你用乾淨布按住個傷口止血，按實唔好放。唔好畀佢企起身，唔好畀佢飲水。有冇人喺度睇實佢？,"If he hit his head, don’t move him. I’m ringing 999. Press a clean cloth on the wound to stop the bleeding — press hard and don’t let go. Don’t let him stand up and don’t give him water. Is somebody with him?",,
cphrase_yue_618,姨姨喺度。要唔要包紮？,The auntie’s with him. Should we bandage it?,,
cphrase_yue_619,按住就夠，救護車就到。有人落樓下等，帶佢哋上嚟，唔好等佢哋自己揾。同埋唔好搞亂現場，等陣要影相。,"Pressure’s enough, the ambulance is nearly here. Someone go down and wait for them and bring them up — don’t make them find it. And don’t disturb the scene, we’ll need photographs.",,
cphrase_yue_620,二號房又跳掣。今個禮拜第三次。,Room 2’s tripped again. Third time this week.,,
cphrase_yue_621,唔好一路撳返上去算數。跳三次即係有嘢，可能漏電或者短路。有水滴落個插蘇度未？,Don’t just keep flicking it back on. Three trips means something’s wrong — could be a leak to earth or a short. Has water been dripping onto that socket?,,
cphrase_yue_622,有可能。上面條喉滲緊水。,Could be. The pipe above it is seeping.,,
cphrase_yue_623,噉就唔好再開。熄總掣，圍住嗰忽，貼張紙寫住唔好開。等電工嚟先。水加電唔係小事，觸電一次就夠。同埋做嘢戴手套同護目鏡，唔好嫌麻煩——我見過有人界親隻手，縫咗六針。,"Then don’t switch it on again. Kill the mains, rope that section off, and stick a note on it saying not to. Wait for the sparky. Water plus electricity isn’t a small thing — one shock is enough. And wear gloves and eye protection, don’t think it’s a faff: I’ve seen someone cut their hand open and take six stitches.",,
cphrase_yue_624,四號房又焗又焗，通風扇好似細咗。,Room 4’s stifling — the extractor seems weaker.,,
cphrase_yue_625,今日開埋門做嘢，聞到有咩味即刻出去，唔好頂住。頂唔住就出，冇人會怪你。,"Work with the door open today, and if you smell anything, out straight away — don’t tough it out. If you can’t take it, leave; nobody will hold it against you.",,
cphrase_yue_626,阿華點呀？,How’s Ah Wah yesterday?,,
cphrase_yue_627,縫咗針，照過頭冇事，休息兩個禮拜。我聽日去睇佢。,"Stitched up, head scan was clear, two weeks off. I’m going to see him tomorrow.",,
cphrase_yue_628,好。頭先我大聲咗，同大家講聲唔好意思。嗰陣要人即刻郁，冇時間好聲好氣。而家冇事喇，我哋慢慢傾。,"Good. I shouted at people earlier — I want to say sorry for that. I needed everyone moving that second and there was no time to be gentle. It’s over now, so let’s take it slowly.",,
cphrase_yue_629,冇人介意，嗰陣係應該噉。,Nobody minded — that’s how it should be at the time.,,
cphrase_yue_630,今日之內要做三樣嘢。一，寫份事故記錄：幾點、邊度、點樣發生、邊個喺場。二，同兩個證人錄低佢哋見到咩，趁記得。三，報工傷，唔好拖，佢啲醫藥費同人工要跟得到。至於點解會濕地板，我唔係想追究邊個疏忽，我想知點樣改善——排水定係換塊墊，我哋今個禮拜就要決定。,"Three things today. One, write the incident record: time, place, how it happened, who was there. Two, get two witnesses to put down what they saw, while they still remember. Three, report it as a workplace injury and don’t let it drag — his medical costs and his wages have to follow. As for why the floor was wet, I’m not looking for whose negligence it was, I want to know how we change it — drainage or a different mat, and we decide this week.",,
cphrase_yue_631,我今晚寫好份記錄畀你。,I’ll have the record written for you tonight.,,
cphrase_yue_632,下星期三嗰車貨，我想同你講定先。萬一司機塞車、或者倉底唔夠位，你要點做？我唔係想你即場諗，我想你今日就諗定。預先安排好過臨急抱佛腳，走盞留多兩個鐘，唔怕一萬，最怕萬一。,"That load next Wednesday — I want it settled with you now. If the driver hits traffic, or there’s no room at the back of the store, what do you do? I don’t want you working it out on the spot, I want you to have worked it out today. Arranging it in advance beats scrambling at the last minute. Leave two hours of slack. It isn’t the ten thousand times you worry about, it’s the one.",,
cphrase_yue_633,明白。我打定輸數，當佢一定會遲。,Understood. I’ll assume the worst and treat him as late.,,
cphrase_yue_634,噉就啱。仲有，貨單影多份留底，以防萬一佢話冇收過。,"Right. And copy the delivery note and keep one, just in case he says he never got it.",,
cphrase_yue_635,噉如果真係出事呢？,And if it really does go wrong yesterday?,,
cphrase_yue_636,所以要有後路。做唔切就即刻話我知，唔好等到最後一日先講。諗多一步唔會蝕底。,"That’s why you need a way out. If you can’t get it done, tell me straight away — don’t wait until the last day. Thinking one step further never costs you.",,
cphrase_yue_637,噉如果我睇定啲，等佢確認咗先落單，係咪反而會遲？,And if I hold off and wait for him to confirm before I order — doesn’t that make it later?,,
cphrase_yue_638,睇定啲同到時先算，係兩件事。睇定啲係等多啲料先郁；到時先算係根本冇諗過。我要你做前面嗰樣。,Holding off and dealing-with-it-when-it-comes are two different things. Holding off is waiting for more information before you move. Dealing with it when it comes is not having thought about it at all. I want the first one.,,
cphrase_yue_639,喂，我聽人講，你話下個月要減人手？,Hey — word is you said we’re cutting staff next month?,,
cphrase_yue_640,我幾時講過？我同阿玲講嘅係，下個月排更要早啲出。點解傳到你度變咗減人手？中間隔咗幾多個人？呢啲二手消息，一個傳一個，梗係添油加醋。你聽到嘅同我講嘅已經有出入，我而家講明：冇人走，得排更改。,"When did I say that? What I said to Ah Ling was that next month’s rota needs to come out earlier. How does that reach you as cutting staff? How many people did it pass through? Secondhand stuff, one person to the next — of course it gets embellished. What you heard and what I said are already different, so let me say it plainly: nobody’s going, only the rota changes.",,
cphrase_yue_641,唉，我都話唔係噉樣。噉我幫你講返轉頭？,I did say that didn’t sound right. Want me to go back and tell them?,,
cphrase_yue_642,唔使你傳。呢啲嘢傳話越傳越衰。我自己同佢哋講。,Don’t pass it on. This kind of thing only gets worse the more mouths it goes through. I’ll tell them myself.,,
cphrase_yue_643,但係已經走漏風聲，大家都知咗。有人仲話據講連阿玲都同意咗。,But word’s already out — everyone knows. Someone’s even saying that supposedly Ah Ling agreed to it.,,
cphrase_yue_644,知咗錯嘅嘢，唔算知，係誤會。聽日開會我三口六面講一次，邊個聽過邊個都喺度，冇得再轉。有咩問題即場問，唔好散咗會再私底下傳。,"Knowing the wrong thing isn’t knowing, it’s a misunderstanding. Tomorrow at the meeting I’ll say it once with everyone in the room — whoever heard it is there, no more turning it. Any questions, ask on the spot, don’t wait till the meeting breaks up and pass it round quietly.",,
cphrase_yue_645,好。噉我等你講咗先，唔會再同人講。,Fine. I’ll wait until you’ve said it and not mention it to anyone.,,
cphrase_yue_646,唔該。未落實嘅嘢，最好一個字都唔好傳。,"Thank you. Anything that isn’t confirmed, best not to pass on a single word of it.",,
cphrase_yue_647,你尋日話會嚟幫手，點解冇出現？,You said yesterday you’d come and help. Why didn’t you show?,,
cphrase_yue_648,唉，臨時有嘢。我知我甩底，對唔住。,Ah — something came up last minute. I know I flaked. Sorry.,,
cphrase_yue_649,甩底唔係最弊。最弊係你當日拍心口話一定得，仲叫我唔使揾第二個。我信咗你，就冇再問人。如果你嗰陣講唔敢保證，或者話盡力而為，我會照樣揾多一個人頂住。你講得出做得到我先敢再排你入更表；講咗當做咗，我唔敢。,"Flaking isn’t the worst of it. The worst is that on the day you swore blind it was fine, and told me not to find anyone else. I trusted you, so I stopped asking around. If you’d said you couldn’t promise, or that you’d do your best, I’d still have lined someone up to cover. I only dare put you back on the rota if you’re good for your word — if saying it counts as doing it, I don’t dare.",,
cphrase_yue_650,我知。我唔應該噉樣。下次我唔敢輕易應承。,I know. I shouldn’t have done that. Next time I won’t say yes so easily.,,
cphrase_yue_651,唔係叫你唔好應承。應承之前諗清楚，做唔到就早啲講，唔好等到當日先放人飛機。,"I’m not telling you never to say yes. Think it through before you do, and if you can’t manage it say so early — don’t leave someone standing on the day.",,
cphrase_yue_652,係。噉今次點算？,Right. So what about this time?,,
cphrase_yue_653,今次算數。但我哋一言為定：下星期六你返，你今日答我，答咗就唔好反口。,"This one we let go. But we shake on it: you work next Saturday. Answer me today, and once you’ve answered, don’t go back on it.",,
cphrase_yue_654,一言為定。我返。,Deal. I’ll be there.,,
cphrase_yue_655,姨姨，你話新嚟嗰個經理會唔會改晒啲流程？,Auntie — do you reckon the new manager will change all our procedures?,,
cphrase_yue_656,好難講。我做咗十幾年，見過四個經理。頭三個嚟到都話要改，改咗兩三個月就冇聲氣，十有八九都係噉。呢個我睇苗頭唔同啲，佢第一日就落嚟睇貨，仲問我哋做嘢嗰陣邊度最阻手。噉樣嘅人，話唔定真係會郁。不過而家講都係太早，十劃都未有一撇，等佢過咗三個月試用期先算。,"Hard to say. I’ve been here over ten years and seen four managers. The first three all arrived saying they’d change things, and two or three months in it went quiet — that’s eight or nine times out of ten. This one looks different to me: first day he came down to look at the stock, and asked us where the work actually gets held up. Someone like that, it could well be he really moves. But it’s too early to say — the first stroke isn’t even down. Wait till he’s through his three months.",,
cphrase_yue_657,噉你估佢會唔會加人手？,So do you think he’ll take more people on?,,
cphrase_yue_658,估計唔會，起碼今年唔會。加人要錢，佢啱啱嚟，唔會第一件事就同上面攞錢。,"I reckon not — not this year, anyway. Hiring costs money, and he’s only just arrived. He’s not going to make asking upstairs for money his first act.",,
cphrase_yue_659,噉遲早都要加㗎啦，做唔切喎。,He’ll have to sooner or later though — we can’t keep up.,,
cphrase_yue_660,遲早係遲早，可能係聽年。唔使指擬佢下個月就加，九成會拖，唔出奇。,"Sooner or later is sooner or later — it might be next year. Don’t count on him hiring next month. Ninety per cent it drags, and that wouldn’t surprise anyone.",,
cphrase_yue_661,噉我聽日問佢好唔好？,Should I just ask him tomorrow?,,
cphrase_yue_662,講唔埋。有啲人鍾意人問，有啲人覺得你迫佢。等有咗眉目先問，唔急嘅。,"No telling. Some people like being asked; some feel you’re pushing them. Wait till it starts taking shape, then ask. There’s no rush.",,
cphrase_yue_663,喂！咦，你頭髮剪短咗喎。,Hey! Oh — you've cut your hair short yesterday.,,
cphrase_yue_664,嗯。八月剪嘅。,Mm. Cut it back in August.,,
cphrase_yue_665,嘩，好靚喎。幾錢呀？,"Wow, it looks great. How much?",,
cphrase_yue_666,一百蚊咋。,Only a hundred dollars.,,
cphrase_yue_667,吓？咁平𠸏？,Huh? That cheap?,,
cphrase_yue_668,係呀。不過要等成三十分鐘。,Yeah. But you wait a good thirty minutes.,,
cphrase_yue_669,呃⋯⋯咁我都去試吓。,Uh… then I'll give it a go too.,,
cphrase_yue_670,去啦。仲有學生折𠻹。,Go on. There's a student discount as well.,,
cphrase_yue_671,誒？真係？,Eh? Really yesterday?,,
cphrase_yue_672,哦，你唔係學生喎。唓。,Oh — you're not a student. Pfft.,,
cphrase_yue_673,哎，唔好玩啦𠻺。,"Come on, stop winding me up.",,
cphrase_yue_674,講笑𡃉。一齊去囉。,I'm only joking. Let's go together.,,
word_yue_𡃉,𡃉,(particle — that's just how it is),,
word_yue_囖,囖,"(particle — ""obviously"", ""that’s just how it is"")",,
word_yue_誒,誒,"eh? / huh? — checking, or mildly surprised",,
word_yue_嚹,嚹,"(particle — ""already"", situation has changed)",,
word_yue_哦,哦,oh — I see,,
word_yue_𠻺,𠻺,(particle — softens what you just said),,
word_yue_𠸏,𠸏,"(particle — huh, that's odd)",,
word_yue_嗯,嗯,"mm — yes, go on",,
word_yue_嘩,嘩,wow!,,
word_yue_吓,吓,huh? / sorry? — didn't catch that,,
word_yue_緊,緊,tight; -ing (the aspect marker),,
word_yue_咦,咦,huh? — surprised,,
word_yue_呃,呃,uh… — stalling; also: to trick someone,,
word_yue_𠻹,𠻹,(particle — and on top of that),,
word_yue_哎,哎,hey / come on — mild protest,,
word_yue_一百,一百,one hundred,,
word_yue_八月,八月,August,,
word_yue_三十,三十,thirty,,
word_yue_唓,唓,pfft — dismissive,,
word_yue_咓,咓,(particle — softening a question or reminder),,
word_yue_拃,拃,(classifier for a handful),,
word_yue_鮓,鮓,"lousy, shoddy",,
word_yue_學費,學費,"tuition, school fees",,
word_yue_值錢,值錢,"worth something, valuable",,
word_yue_充實,充實,"full, rewarding (of time spent)",,
word_yue_前面,前面,"in front, ahead of",,
word_yue_揾錢,揾錢,to earn money,,
word_yue_求其,求其,any old way; slapdash,,
word_yue_臨尾,臨尾,right at the last minute,,
word_yue_認得,認得,"to recognise, to remember someone",,
word_yue_讕,讕,"to put it on, to act as if",,
word_yue_㧬,㧬,"to shove, to push with the body",,
word_yue_不足,不足,"insufficient, short of",,
word_yue_世紀,世紀,a century,,
word_yue_主席,主席,a chairman,,
word_yue_交惡,交惡,to fall out with someone,,
word_yue_低能,低能,moronic — a genuine insult,,
word_yue_出奇,出奇,"surprising, out of the ordinary",,
word_yue_前晚,前晚,the night before last,,
word_yue_前邊,前邊,"the front, ahead",,
word_yue_博物館,博物館,a museum,,
word_yue_卡路里,卡路里,a calorie,,
word_yue_參觀,參觀,"to visit, to look round",,
word_yue_國語,國語,Mandarin — see the note,,
word_yue_地鐵站,地鐵站,an underground station,,
word_yue_坐監,坐監,"to do time, to be in prison",,
word_yue_垃圾,垃圾,rubbish,,
word_yue_大人,大人,a grown-up,,
word_yue_大把,大把,"loads of, plenty",,
word_yue_大約,大約,"roughly, about",,
word_yue_天氣,天氣,the weather,,
word_yue_失業率,失業率,the unemployment rate,,
word_yue_奇妙,奇妙,"wonderful, remarkable",,
word_yue_好味道,好味道,"tasty, good flavour",,
word_yue_專登,專登,"on purpose, deliberately",,
word_yue_專科,專科,a specialism; a specialist,,
word_yue_小巴,小巴,a minibus,,
word_yue_市長,市長,a mayor,,
word_yue_幫忙,幫忙,"to help out, to lend a hand",,
word_yue_年代,年代,"an era, a decade",,
word_yue_年薪,年薪,an annual salary,,
word_yue_幾點,幾點,what time,,
word_yue_度度,度度,"everywhere, all over the place",,
word_yue_弊,弊,uh-oh; to be in trouble,,
word_yue_彼此,彼此,each other; likewise,,
word_yue_後果,後果,the consequences,,
word_yue_後面,後面,"behind, at the back",,
word_yue_忠直,忠直,"straight, honest, loyal",,
word_yue_應承,應承,"to promise, to agree to",,
word_yue_成藥,成藥,over-the-counter medicine,,
word_yue_手術,手術,"an operation, surgery",,
word_yue_打機,打機,to play video games,,
word_yue_打算,打算,to plan to; a plan,,
word_yue_打邊爐,打邊爐,to have hotpot,,
word_yue_捐血,捐血,to give blood,,
word_yue_捨得,捨得,to be willing to part with,,
word_yue_揾笨,揾笨,to take someone for a mug,,
word_yue_揾食,揾食,"to make a living, to get by",,
word_yue_撩,撩,"to wind someone up, to provoke",,
word_yue_收購,收購,"to acquire, to buy out",,
word_yue_日後,日後,"later on, in future",,
word_yue_暑期工,暑期工,a summer job,,
word_yue_有錢佬,有錢佬,a rich bloke,,
word_yue_欣賞,欣賞,"to appreciate, to think well of",,
word_yue_殺氣,殺氣,"menace, a murderous look",,
word_yue_每年,每年,every year,,
word_yue_氧氣,氧氣,oxygen,,
word_yue_水平,水平,"a standard, a level",,
word_yue_波衫,波衫,a football shirt,,
word_yue_淡季,淡季,"the slow season, the off season",,
word_yue_火車站,火車站,a railway station,,
word_yue_灰,灰,"grey; deflated, discouraged",,
word_yue_燕梳,燕梳,insurance — from the English,,
word_yue_爸爸,爸爸,dad,,
word_yue_留低,留低,"to leave behind, to stay put",,
word_yue_當日,當日,"on the day, that same day",,
word_yue_發音,發音,pronunciation,,
word_yue_相差,相差,to differ by,,
word_yue_知識,知識,knowledge,,
word_yue_祈禱,祈禱,to pray,,
word_yue_禮拜日,禮拜日,Sunday,,
word_yue_秘密,秘密,a secret,,
word_yue_等如,等如,"is the same as, amounts to",,
word_yue_系列,系列,"a series, a range",,
word_yue_細路仔,細路仔,"a kid, a little boy",,
word_yue_細路女,細路女,a little girl,,
word_yue_老爺,老爺,a husband’s father,,
word_yue_聖誕節,聖誕節,Christmas,,
word_yue_肉酸,肉酸,ugly; cringeworthy,,
word_yue_製造,製造,to manufacture,,
word_yue_製造業,製造業,manufacturing,,
word_yue_見工,見工,to go for a job interview,,
word_yue_註冊,註冊,to register officially; registered,,
word_yue_警察,警察,the police,,
word_yue_跌打,跌打,a bone-setter; Chinese bone-setting,,
word_yue_跑步,跑步,"to run, to go running",,
word_yue_連續,連續,"in a row, consecutive",,
word_yue_運動會,運動會,"a sports day, an athletics meet",,
word_yue_道歉,道歉,to apologise,,
word_yue_金錢,金錢,"money, in the abstract",,
word_yue_開叉,開叉,a slit (in a garment); to split,,
word_yue_限量,限量,limited edition,,
word_yue_難忘,難忘,unforgettable,,
word_yue_難頂,難頂,"hard to take, unbearable",,
word_yue_難食,難食,horrible to eat,,
word_yue_頭腦,頭腦,a head on your shoulders; the mind,,
word_yue_高興,高興,"pleased, glad",,
word_yue_黑色,黑色,black,,
word_yue_一時時,一時時,it varies; depends on the day,,
word_yue_一邊,一邊,one side; while doing,,
word_yue_不知所謂,不知所謂,"out of order, a disgrace",,
word_yue_中五,中五,"Form 5, the exam year",,
word_yue_中途,中途,"partway through, halfway",,
word_yue_主人家,主人家,"the owner, whoever’s house it is",,
word_yue_主題,主題,"a theme, a subject",,
word_yue_之上,之上,"above, over (an amount)",,
word_yue_之內,之內,within (a period),,
word_yue_乜野,乜野,what — the fuller spelling of 咩,,
word_yue_事關,事關,because — the spoken one,,
word_yue_以內,以內,within,,
word_yue_仲係,仲係,"still is, still the case",,
word_yue_作弊,作弊,to cheat in an exam,,
word_yue_來回,來回,"there and back, a return trip",,
word_yue_依然,依然,"still, as before",,
word_yue_保險,保險,insurance,,
word_yue_信差,信差,"a courier, a messenger",,
word_yue_做成,做成,"to bring about, to cause",,
word_yue_催,催,to chase; to hurry someone,,
word_yue_傷害,傷害,harm; to harm,,
word_yue_傾計,傾計,to have a chat,,
word_yue_冒牌,冒牌,"a fake, a knock-off",,
word_yue_冷氣被,冷氣被,a thin summer quilt,,
word_yue_刑事,刑事,criminal (as against civil),,
word_yue_利用,利用,to make use of; to exploit,,
word_yue_前途,前途,"prospects, a future",,
word_yue_勝任,勝任,to be up to the job,,
word_yue_厭,厭,"sick of, fed up with",,
word_yue_友仔,友仔,"that bloke, this fella",,
word_yue_取消,取消,to cancel,,
word_yue_右,右,right (the side),,
word_yue_合眼緣,合眼緣,to take to someone on sight,,
word_yue_同步,同步,to sync; in step,,
word_yue_吸納,吸納,"to take in, to absorb",,
word_yue_哥,哥,brother — as in 大哥,,
word_yue_哥哥,哥哥,older brother,,
word_yue_唔只,唔只,"more than just, not only",,
word_yue_嗜好,嗜好,"a hobby, what you’re into",,
word_yue_嗰輪,嗰輪,"that spell, around that time",,
word_yue_噚日,噚日,yesterday,,
word_yue_團友,團友,someone on the same tour,,
word_yue_地鐵,地鐵,"the underground, the MTR",,
word_yue_基本,基本,basic; the basics,,
word_yue_基礎,基礎,"a foundation, the basics",,
word_yue_報導,報導,a news report,,
word_yue_增加,增加,to increase,,
word_yue_壯觀,壯觀,an impressive sight,,
word_yue_大力,大力,"hard, with force",,
word_yue_大學生,大學生,a university student,,
word_yue_大概,大概,"roughly, about",,
word_yue_奇特,奇特,"odd, out of the ordinary",,
word_yue_好在,好在,"luckily, just as well",,
word_yue_好波,好波,nice one! — shouted at football,,
word_yue_學位,學位,a degree; a school place,,
word_yue_學期,學期,"a term, a semester",,
word_yue_學能,學能,"aptitude, learning ability",,
word_yue_完成,完成,"to complete, to finish",,
word_yue_宣傳,宣傳,"publicity, promotion",,
word_yue_宿舍,宿舍,"a dormitory, staff quarters",,
word_yue_專心,專心,to concentrate,,
word_yue_小一,小一,Primary 1,,
word_yue_工具書,工具書,a reference book,,
word_yue_巴閉,巴閉,a big deal; showing off,,
word_yue_幫助,幫助,"help, assistance — the noun",,
word_yue_年青人,年青人,young people,,
word_yue_幾可,幾可,"hardly likely, rarely",,
word_yue_廚師,廚師,a chef,,
word_yue_形容,形容,to describe,,
word_yue_後生,後生,young; a young person,,
word_yue_心癮,心癮,"a craving, an itch to do it",,
word_yue_心諗,心諗,to think to yourself,,
word_yue_惡劣,惡劣,"appalling, badly behaved",,
word_yue_懷疑,懷疑,to suspect; suspicion,,
word_yue_成就,成就,an achievement,,
word_yue_折,折,a discount — see the note,,
word_yue_拒絕,拒絕,to refuse outright,,
word_yue_提議,提議,to suggest; a suggestion,,
word_yue_操作,操作,"to operate, to run (a machine)",,
word_yue_操場,操場,"a playground, a parade ground",,
word_yue_放榜,放榜,results day,,
word_yue_文科,文科,"the arts side, humanities",,
word_yue_早熟,早熟,grown-up before their years,,
word_yue_明知,明知,knowing full well,,
word_yue_星期日,星期日,Sunday,,
word_yue_書局,書局,a bookshop,,
word_yue_曾經,曾經,"once did, at one time",,
word_yue_朝朝,朝朝,every morning,,
word_yue_樂隊,樂隊,a band,,
word_yue_樣樣,樣樣,"every kind of, all of it",,
word_yue_檯,檯,a table,,
word_yue_檸檬茶,檸檬茶,"lemon tea, written out in full",,
word_yue_檸茶,檸茶,lemon tea — what you actually order,,
word_yue_櫻花,櫻花,cherry blossom,,
word_yue_死仔,死仔,you little sod — see the note,,
word_yue_每日,每日,every day,,
word_yue_法律,法律,the law,,
word_yue_洗頭,洗頭,to wash your hair,,
word_yue_淺色,淺色,light-coloured,,
word_yue_游水,游水,to swim,,
word_yue_渺茫,渺茫,"slim, next to no chance",,
word_yue_滿意,滿意,"satisfied, happy with it",,
word_yue_漁村,漁村,a fishing village,,
word_yue_漫畫,漫畫,a comic,,
word_yue_炒股票,炒股票,to play the stock market,,
word_yue_煙花,煙花,fireworks,,
word_yue_熱鬧,熱鬧,"lively, buzzing with people",,
word_yue_牙肉,牙肉,gums,,
word_yue_獎,獎,a prize; to award,,
word_yue_獎勵,獎勵,"a reward, an incentive",,
word_yue_玩嘢,玩嘢,to mess someone about; a wind-up,,
word_yue_生仔,生仔,to have a baby,,
word_yue_產品,產品,a product,,
word_yue_登記,登記,"to register, to sign in",,
word_yue_相機,相機,a camera,,
word_yue_眨,眨,to blink,,
word_yue_知足,知足,content with what you’ve got,,
word_yue_私家,私家,"private, one’s own — see the note",,
word_yue_空氣,空氣,air,,
word_yue_竇,竇,"a den, someone’s usual spot",,
word_yue_精神,精神,"spirit; alert, on form",,
word_yue_細聲,細聲,"quietly, keep your voice down",,
word_yue_罐頭,罐頭,"a tin, tinned food",,
word_yue_老師,老師,a teacher,,
word_yue_聲稱,聲稱,to claim — and to be doubted,,
word_yue_職位,職位,"a position, a job title",,
word_yue_背囊,背囊,a backpack,,
word_yue_腳法,腳法,footwork,,
word_yue_臨,臨,"just as, right on the point of",,
word_yue_自助餐,自助餐,a buffet,,
word_yue_舊陣時,舊陣時,back in the day,,
word_yue_補習社,補習社,a cram school,,
word_yue_規模,規模,"scale, size of an operation",,
word_yue_親戚,親戚,a relative,,
word_yue_觀點,觀點,a point of view,,
word_yue_角度,角度,an angle; a point of view,,
word_yue_訓練,訓練,training; to train,,
word_yue_記住,記住,remember to; keep in mind,,
word_yue_設計,設計,design; to design,,
word_yue_評論,評論,to comment on; a review,,
word_yue_話題,話題,a topic of conversation,,
word_yue_論文,論文,"a thesis, a paper",,
word_yue_講法,講法,a way of putting it,,
word_yue_豬,豬,a pig,,
word_yue_跟團,跟團,to travel with a tour group,,
word_yue_跳樓,跳樓,to jump off a building — see the note,,
word_yue_踢波,踢波,to play football,,
word_yue_躉,躉,"to dump, to park something somewhere",,
word_yue_身邊,身邊,"around you, close at hand",,
word_yue_退學,退學,to drop out,,
word_yue_透明,透明,"transparent, see-through",,
word_yue_連線,連線,to connect; a connection,,
word_yue_週年,週年,an anniversary,,
word_yue_進步,進步,"to improve, to come on",,
word_yue_遲到,遲到,to be late,,
word_yue_郵局,郵局,a post office,,
word_yue_酸辣湯,酸辣湯,hot and sour soup,,
word_yue_錄影機,錄影機,a video recorder,,
word_yue_鏡頭,鏡頭,a lens; a shot in a film,,
word_yue_長途電話,長途電話,a long-distance call,,
word_yue_開學,開學,"term starts, back to school",,
word_yue_陣間,陣間,"in a bit, shortly",,
word_yue_離開,離開,"to leave, to depart from",,
word_yue_難得,難得,"rare, not something you often get",,
word_yue_難講,難講,hard to say,,
word_yue_靈感,靈感,"inspiration, an idea",,
word_yue_青梅竹馬,青梅竹馬,childhood friends who grew up together,,
word_yue_鞋,鞋,shoes,,
word_yue_預早,預早,"ahead of time, in advance",,
word_yue_願,願,willing to; a wish,,
word_yue_飛線,飛線,to divert a call,,
word_yue_食品,食品,"foodstuffs, packaged food",,
word_yue_餸,餸,the dish you eat with rice,,
word_yue_馬主,馬主,a racehorse owner,,
word_yue_髮型師,髮型師,a hairdresser,,
word_yue_魚缸,魚缸,a fish tank,,
word_yue_鴛鴦,鴛鴦,coffee mixed with milk tea,,
word_yue_龍船,龍船,a dragon boat,,
word_yue_一味,一味,does nothing but; keeps on,,
word_yue_一直,一直,"all along, continuously",,
word_yue_下邊,下邊,"underneath, the bottom",,
word_yue_主任,主任,"a supervisor, a section head",,
word_yue_九成,九成,ninety per cent; near enough certain,,
word_yue_人名,人名,a person’s name,,
word_yue_人心惶惶,人心惶惶,"everyone on edge, jittery",,
word_yue_介意,介意,to mind,,
word_yue_個人,個人,"personal, one’s own",,
word_yue_兜,兜,"to go round, to take a detour",,
word_yue_出發,出發,to set off,,
word_yue_分分鐘,分分鐘,could easily; any minute now,,
word_yue_初,初,the start of; at first,,
word_yue_口音,口音,an accent,,
word_yue_合作,合作,to work together,,
word_yue_員工,員工,"staff, employees",,
word_yue_唔止,唔止,"more than just, not only",,
word_yue_商場,商場,a shopping mall,,
word_yue_困難,困難,difficulty; difficult,,
word_yue_地址,地址,an address,,
word_yue_地產,地產,"property, real estate",,
word_yue_地道,地道,"authentic, properly local",,
word_yue_好多時,好多時,"a lot of the time, often",,
word_yue_對上,對上,"the previous one, the one before",,
word_yue_對面,對面,"opposite, across from",,
word_yue_工業,工業,industry,,
word_yue_幫手,幫手,to give a hand,,
word_yue_平均,平均,on average; even,,
word_yue_廁所,廁所,a toilet,,
word_yue_後生仔,後生仔,a young lad,,
word_yue_後邊,後邊,round the back,,
word_yue_情形,情形,"the situation, how things stand",,
word_yue_意會,意會,to get the sense of it,,
word_yue_成世,成世,a whole lifetime,,
word_yue_成個,成個,"the whole, all of it",,
word_yue_打開,打開,to open up,,
word_yue_投資,投資,to invest; an investment,,
word_yue_招呼,招呼,"to look after, to see to a guest",,
word_yue_掌握,掌握,"to get a grip on, to master",,
word_yue_擁有,擁有,to own,,
word_yue_擘大,擘大,to open wide,,
word_yue_放工,放工,"to knock off, to finish work",,
word_yue_時勢,時勢,the way things are just now,,
word_yue_時期,時期,"a period, a stretch of time",,
word_yue_晨早,晨早,ages ago; early morning,,
word_yue_最尾,最尾,the very last one; in the end,,
word_yue_月入,月入,monthly income,,
word_yue_每次,每次,every time,,
word_yue_活動,活動,"an activity, an event",,
word_yue_清潔,清潔,cleaning; to clean,,
word_yue_滑落,滑落,"to slide down, to slip off",,
word_yue_炸彈,炸彈,a bomb,,
word_yue_煙,煙,a cigarette; smoke,,
word_yue_照計,照計,"by rights, going by that",,
word_yue_熱門,熱門,"popular, in demand",,
word_yue_爛地,爛地,"rough ground, waste ground",,
word_yue_現實,現實,reality; realistic,,
word_yue_甚至,甚至,"even, to the point of",,
word_yue_相對,相對,relatively; opposite one another,,
word_yue_禮拜四,禮拜四,Thursday,,
word_yue_禮貌,禮貌,"manners, politeness",,
word_yue_科學,科學,science,,
word_yue_突出,突出,to stand out; outstanding,,
word_yue_笑話,笑話,a joke,,
word_yue_菜,菜,vegetables; a dish,,
word_yue_處理,處理,"to deal with, to handle",,
word_yue_蠢,蠢,stupid,,
word_yue_訪問,訪問,an interview; to interview,,
word_yue_詳細,詳細,"in detail, thorough",,
word_yue_賺錢,賺錢,to make money,,
word_yue_跳舞,跳舞,to dance,,
word_yue_速度,速度,"speed, pace",,
word_yue_邊樣,邊樣,which one (of a kind),,
word_yue_重點,重點,the main point,,
word_yue_門口,門口,"a doorway, an entrance",,
word_yue_阿伯,阿伯,"an old man, granddad",,
word_yue_阿叔,阿叔,"an older man, uncle",,
word_yue_隨便,隨便,as you like; casually,,
word_yue_離譜,離譜,"way out of line, beyond the pale",,
word_yue_頻密,頻密,"frequent, close together",,
word_yue_食嘢,食嘢,"to eat, to have something",,
word_yue_㷫,㷫,"worked up, hot under the collar",,
word_yue_不斷,不斷,"continuously, without let-up",,
word_yue_事業,事業,"a career, one’s working life",,
word_yue_交代,交代,to brief someone; to account for,,
word_yue_以下,以下,"below, under",,
word_yue_作嘔,作嘔,to feel sick,,
word_yue_保留,保留,to keep something back,,
word_yue_偏偏,偏偏,and yet; of all things,,
word_yue_偷雞,偷雞,to skive off — see the note,,
word_yue_傾掂,傾掂,to get it agreed,,
word_yue_儀器,儀器,"an instrument, a piece of equipment",,
word_yue_入口,入口,"an entrance, a way in",,
word_yue_出入,出入,coming and going; access,,
word_yue_功能,功能,"a function, what it does",,
word_yue_包紮,包紮,to bandage,,
word_yue_危險,危險,dangerous; a danger,,
word_yue_參考,參考,to refer to; a reference,,
word_yue_反對,反對,to oppose,,
word_yue_口味,口味,"a taste, what someone likes",,
word_yue_咬字,咬字,the way someone shapes words,,
word_yue_唔單止,唔單止,not only — stronger than 唔只,,
word_yue_啱啱好,啱啱好,just then; just right,,
word_yue_報警,報警,to call the emergency services,,
word_yue_夠膽,夠膽,to have the nerve to,,
word_yue_字幕,字幕,subtitles,,
word_yue_容納,容納,"to hold, to fit (people)",,
word_yue_實情,實情,the truth of it; what’s actually the case,,
word_yue_專家,專家,an expert,,
word_yue_專注,專注,"focused, undistracted",,
word_yue_小朋友,小朋友,a child — how you address one,,
word_yue_屋村,屋村,a housing estate,,
word_yue_差人,差人,"a copper — ordinary, not rude",,
word_yue_形象,形象,"image, how you come across",,
word_yue_影印,影印,to photocopy,,
word_yue_恐怕,恐怕,I’m afraid; probably not,,
word_yue_意外,意外,an accident,,
word_yue_應付,應付,to handle; to cope with,,
word_yue_打游擊,打游擊,"to work off the books, job to job",,
word_yue_承認,承認,to admit,,
word_yue_投訴,投訴,to complain (formally),,
word_yue_抵死,抵死,serves you right — see the note,,
word_yue_推出,推出,"to launch, to bring out",,
word_yue_提起,提起,to bring up; to mention,,
word_yue_搏,搏,"to have a go, to chance it",,
word_yue_搭嘴,搭嘴,to chip in to a conversation,,
word_yue_擺明,擺明,plainly; obviously (and unfairly),,
word_yue_支持,支持,"to back, to support",,
word_yue_收據,收據,a receipt,,
word_yue_敏感,敏感,allergic; sensitive,,
word_yue_日本人,日本人,a Japanese person,,
word_yue_明明,明明,clearly (and yet),,
word_yue_最弊,最弊,the worst of it; worst of all,,
word_yue_架構,架構,"a structure, an org chart",,
word_yue_根本上,根本上,"basically, at bottom",,
word_yue_死死氣,死死氣,grudgingly; with bad grace,,
word_yue_每個,每個,"each one, every one",,
word_yue_演員,演員,an actor,,
word_yue_無喇喇,無喇喇,"out of nowhere, for no reason",,
word_yue_理想,理想,ideal; an ideal,,
word_yue_目前,目前,"at present, for now",,
word_yue_睇法,睇法,a view; how you see it,,
word_yue_私底下,私底下,in private,,
word_yue_移民,移民,to emigrate; an immigrant,,
word_yue_紅色,紅色,red,,
word_yue_累積,累積,"to build up, to accumulate",,
word_yue_維持,維持,"to keep up, to maintain",,
word_yue_聚集,聚集,"to gather, to congregate",,
word_yue_股市,股市,the stock market,,
word_yue_背後,背後,behind; behind someone’s back,,
word_yue_茶餐廳,茶餐廳,a cha chaan teng,,
word_yue_落手,落手,to put your hands on it; to start,,
word_yue_調查,調查,to look into; an investigation,,
word_yue_講明,講明,"to say it plainly, up front",,
word_yue_賊,賊,a thief,,
word_yue_趁,趁,while (there is still time),,
word_yue_足球,足球,football — the written word,,
word_yue_身上,身上,"on you, on your person",,
word_yue_近來,近來,"lately, recently",,
word_yue_運作,運作,"to operate, to run",,
word_yue_適應,適應,"to adjust to, to get used to",,
word_yue_遲早,遲早,sooner or later,,
word_yue_錶,錶,a watch,,
word_yue_隔籬,隔籬,next door,,
word_yue_頭暈,頭暈,light-headed; dizzy,,
word_yue_騷擾,騷擾,"to harass, to bother",,
word_yue_鬼佬,鬼佬,a white bloke — see the note,,
word_yue_一句起兩句止,一句起兩句止,says two words and stops,,
word_yue_一嚟,一嚟,for one thing,,
word_yue_一知半解,一知半解,to half understand,,
word_yue_一腳踢,一腳踢,to do the whole lot single-handed,,
word_yue_一言為定,一言為定,it’s a deal,,
word_yue_一頭霧水,一頭霧水,completely at sea; baffled,,
word_yue_三口六面,三口六面,"with everyone present, face to face",,
word_yue_上報,上報,to report it upward,,
word_yue_上手,上手,to get up to speed,,
word_yue_上當,上當,to be taken in,,
word_yue_中年,中年,middle-aged,,
word_yue_事故,事故,an incident,,
word_yue_二嚟,二嚟,for another,,
word_yue_二手消息,二手消息,secondhand information,,
word_yue_亞洲,亞洲,Asia,,
word_yue_亡羊補牢,亡羊補牢,to shut the gate after the horse has gone,,
word_yue_仍然,仍然,"still, even now",,
word_yue_以防萬一,以防萬一,just in case,,
word_yue_企理,企理,"tidy, neat, in order",,
word_yue_企硬,企硬,to hold your ground,,
word_yue_估估下,估估下,by guesswork,,
word_yue_估計,估計,to reckon; my estimate is,,
word_yue_來自,來自,to come from,,
word_yue_侵犯,侵犯,"to violate, to infringe",,
word_yue_保養,保養,a warranty,,
word_yue_個案,個案,"a case, an individual instance",,
word_yue_倒閉,倒閉,"to go under, to fold",,
word_yue_傳話,傳話,to pass a message along,,
word_yue_傷口,傷口,a wound,,
word_yue_傷者,傷者,the injured person,,
word_yue_光豬,光豬,stark naked,,
word_yue_兜返,兜返,to go back to (a point),,
word_yue_八卦,八卦,nosy; gossipy,,
word_yue_具體,具體,specific; concrete,,
word_yue_冇得頂,冇得頂,"unbeatable, can’t be topped",,
word_yue_冇眼睇,冇眼睇,I can’t watch this,,
word_yue_冒犯,冒犯,to give offence,,
word_yue_冤枉,冤枉,to be wronged; unjustly blamed,,
word_yue_冷靜,冷靜,calm; keep your head,,
word_yue_分工,分工,to divide the work,,
word_yue_分擔,分擔,"to split, to share the cost",,
word_yue_到時先算,到時先算,deal with it when it comes,,
word_yue_到頭嚟,到頭嚟,in the end; as it turned out,,
word_yue_刺痛,刺痛,a stabbing pain,,
word_yue_劏客,劏客,to fleece a customer,,
word_yue_加入,加入,"to join, to come on board",,
word_yue_加租,加租,to raise the rent,,
word_yue_劫,劫,to rob; a robbery,,
word_yue_化學品,化學品,chemicals,,
word_yue_化驗,化驗,a lab test,,
word_yue_十劃都未有一撇,十劃都未有一撇,nothing has even started,,
word_yue_十有八九,十有八九,eight or nine times out of ten,,
word_yue_卒之,卒之,"in the end, finally",,
word_yue_即係話,即係話,which is to say; in other words,,
word_yue_去邊,去邊,where are you off to,,
word_yue_反口,反口,to go back on what you said,,
word_yue_反悔,反悔,to renege on something agreed,,
word_yue_口供,口供,a statement,,
word_yue_口窒窒,口窒窒,to stumble over your words,,
word_yue_另一個,另一個,"the other one, another",,
word_yue_台階,台階,a way to climb down,,
word_yue_各有各講,各有各講,each talking about their own thing,,
word_yue_含糊,含糊,mumbled; vague,,
word_yue_呃人,呃人,to cheat someone,,
word_yue_周末,周末,the weekend,,
word_yue_咁啱,咁啱,as it happens; by chance,,
word_yue_咩話,咩話,"sorry, what?",,
word_yue_咪就係,咪就係,exactly; that’s just it,,
word_yue_咪玩啦,咪玩啦,give over; leave it out,,
word_yue_唏噓,唏噓,"wistful, a bit sad about it",,
word_yue_唔使指擬,唔使指擬,don’t count on it,,
word_yue_唔係啩,唔係啩,surely not?; you’re joking,,
word_yue_唔出奇,唔出奇,it wouldn’t be a surprise,,
word_yue_唔怕一萬,唔怕一萬,it isn’t the odds you fear,,
word_yue_唔怪之得,唔怪之得,no wonder,,
word_yue_唔收貨,唔收貨,to refuse to accept it,,
word_yue_唔敢保證,唔敢保證,I can’t promise,,
word_yue_唔敢當,唔敢當,you’re too kind (deflecting praise),,
word_yue_唔清唔楚,唔清唔楚,unclear; half-said,,
word_yue_唔講唔知,唔講唔知,you’d never know unless told,,
word_yue_唔關我事,唔關我事,nothing to do with me,,
word_yue_唞氣,唞氣,to get some air; catch a breath,,
word_yue_唱反調,唱反調,to take the contrary line,,
word_yue_商務,商務,"business, commerce",,
word_yue_喜劇,喜劇,a comedy,,
word_yue_噪音,噪音,noise,,
word_yue_困境,困境,"a tight spot, a rough patch",,
word_yue_埋堆,埋堆,to get in with a group,,
word_yue_執手尾,執手尾,to clear up after someone,,
word_yue_執生,執生,to play it by ear; improvise,,
word_yue_執輸,執輸,to lose out by hanging back,,
word_yue_夢想,夢想,"a dream, what you’re after",,
word_yue_大班,大班,"the big boss, the gaffer",,
word_yue_大聲啲,大聲啲,a bit louder,,
word_yue_大聲夾惡,大聲夾惡,loud and aggressive,,
word_yue_夾親,夾親,"to trap or crush (a finger, a hand)",,
word_yue_好來好去,好來好去,to part on good terms,,
word_yue_好聲好氣,好聲好氣,gently; in a nice tone,,
word_yue_好返,好返,to get better,,
word_yue_好難話,好難話,hard to say,,
word_yue_好難講,好難講,hard to say,,
word_yue_婉轉,婉轉,tactful; put indirectly,,
word_yue_孭飛,孭飛,to carry the can,,
word_yue_安全感,安全感,a sense of security,,
word_yue_客氣,客氣,polite; standing on ceremony,,
word_yue_實質,實質,"substance, the real content",,
word_yue_實質上,實質上,"in real terms, effectively",,
word_yue_封鎖,封鎖,to cordon off,,
word_yue_將會,將會,is going to — written,,
word_yue_尊嚴,尊嚴,dignity,,
word_yue_對撼,對撼,to square up to; go head to head,,
word_yue_導演,導演,a director,,
word_yue_就住,就住,go easy; ease off a bit,,
word_yue_岔開,岔開,to steer the subject away,,
word_yue_工傷,工傷,a workplace injury,,
word_yue_師奶,師奶,a housewife — see the note,,
word_yue_幫口,幫口,to speak up for someone; to take a side,,
word_yue_幫幫忙,幫幫忙,do me a favour,,
word_yue_幫拖,幫拖,to back someone up; to lend a hand,,
word_yue_干擾,干擾,"to interfere with, interference",,
word_yue_年資,年資,"years of service, seniority",,
word_yue_幸好,幸好,luckily; just as well,,
word_yue_幼稚,幼稚,childish,,
word_yue_底線,底線,a bottom line,,
word_yue_弊傢伙,弊傢伙,oh no; we’re in trouble,,
word_yue_影片,影片,"a video, a clip",,
word_yue_後路,後路,a way out; a fallback,,
word_yue_心事,心事,something on your mind,,
word_yue_心水清,心水清,clear-headed; sees it straight,,
word_yue_心照,心照,we both know; unspoken understanding,,
word_yue_心領,心領,"thanks, but no (the thought is taken)",,
word_yue_心願,心願,something you’ve always wanted,,
word_yue_忍手,忍手,to hold back; not retaliate,,
word_yue_快人快語,快人快語,a fast talker; blunt and quick,,
word_yue_忽然,忽然,"suddenly, out of the blue",,
word_yue_急救,急救,first aid,,
word_yue_惡死能登,惡死能登,fierce; bad-tempered,,
word_yue_慢吞吞,慢吞吞,slow as anything,,
word_yue_應酬,應酬,social duty; going through the motions,,
word_yue_成本,成本,"cost, what it costs to make",,
word_yue_手下,手下,someone who works under you,,
word_yue_手勢,手勢,the knack; someone’s touch,,
word_yue_手尾,手尾,loose ends; the mess left behind,,
word_yue_打和,打和,to come out level,,
word_yue_打圓場,打圓場,to smooth things over,,
word_yue_打定輸數,打定輸數,to brace for it going badly,,
word_yue_打斷,打斷,to cut someone off; to break in,,
word_yue_抄低,抄低,to write down,,
word_yue_折衷,折衷,to split the difference,,
word_yue_抽痛,抽痛,"a throbbing, pulling pain",,
word_yue_拉勻,拉勻,averaged out,,
word_yue_拍心口,拍心口,to guarantee it personally,,
word_yue_按金,按金,a deposit,,
word_yue_振奮,振奮,"heartening, a lift",,
word_yue_捷徑,捷徑,a short cut,,
word_yue_排期,排期,to schedule; to reschedule,,
word_yue_掛線,掛線,to hang up,,
word_yue_推搪,推搪,to put someone off,,
word_yue_提出,提出,"to raise, to put forward",,
word_yue_提醒,提醒,to remind,,
word_yue_插嘴,插嘴,to cut in; to interrupt,,
word_yue_換貨,換貨,to exchange goods,,
word_yue_揸正嚟做,揸正嚟做,to go strictly by the rules,,
word_yue_搪塞,搪塞,to fob someone off,,
word_yue_搭訕,搭訕,to strike up a chat,,
word_yue_撞親,撞親,to bang (a part of you),,
word_yue_擘大喉嚨,擘大喉嚨,to bellow; shout the place down,,
word_yue_據講,據講,"reportedly, they say",,
word_yue_擰頭,擰頭,to shake your head,,
word_yue_攞景,攞景,to rub it in; to gloat,,
word_yue_收口,收口,to stop talking; shut it,,
word_yue_收手,收手,to stop; to lay off,,
word_yue_收科,收科,to wind it up; to close something off,,
word_yue_收線,收線,to hang up; to end the call,,
word_yue_改善,改善,to improve; put right,,
word_yue_放低,放低,to put down; to let go of,,
word_yue_放手,放手,to let go; drop it,,
word_yue_放飛機,放飛機,to stand someone up,,
word_yue_救命,救命,help! — the shout,,
word_yue_救護車,救護車,an ambulance,,
word_yue_教識,教識,to teach someone until they can do it,,
word_yue_敷衍,敷衍,to fob off; do the bare minimum,,
word_yue_數期,數期,payment terms,,
word_yue_斷斷續續,斷斷續續,breaking up; on and off,,
word_yue_明晒,明晒,to get all of it,,
word_yue_昏迷,昏迷,unconscious,,
word_yue_更表,更表,the rota,,
word_yue_有出入,有出入,there is a discrepancy,,
word_yue_有頭有尾,有頭有尾,to see a thing through,,
word_yue_本地,本地,"local, homegrown",,
word_yue_東拉西扯,東拉西扯,to ramble all over the place,,
word_yue_校園,校園,a campus,,
word_yue_梳打,梳打,soda — from the English,,
word_yue_機倉,機倉,an aircraft cabin,,
word_yue_機場,機場,an airport,,
word_yue_歡迎,歡迎,to welcome; welcome,,
word_yue_止血,止血,to stop the bleeding,,
word_yue_正題,正題,the actual subject,,
word_yue_死板,死板,rigid; goes by the book,,
word_yue_比例,比例,"a ratio, a proportion",,
word_yue_比較上,比較上,"comparatively, relatively",,
word_yue_沉住氣,沉住氣,to keep a lid on it,,
word_yue_流動,流動,flowing; mobile,,
word_yue_流程,流程,a procedure; the steps of a job,,
word_yue_流血,流血,to bleed,,
word_yue_消化,消化,to digest; take in,,
word_yue_消防,消防,the fire brigade,,
word_yue_添油加醋,添油加醋,to embellish in the retelling,,
word_yue_渡過,渡過,"to get through, to come out the other side",,
word_yue_測試,測試,to test; a test,,
word_yue_滅火筒,滅火筒,a fire extinguisher,,
word_yue_漏氣,漏氣,to leak (gas or air),,
word_yue_漏水,漏水,to leak,,
word_yue_漏電,漏電,an earth leak; electricity leaking,,
word_yue_潔白,潔白,"pure white, spotless",,
word_yue_火滾,火滾,furious; to go up,,
word_yue_火燭,火燭,a fire (the everyday word),,
word_yue_為難,為難,to put someone in a difficult spot,,
word_yue_無中生有,無中生有,to make it up out of nothing,,
word_yue_無論點,無論點,no matter what; regardless,,
word_yue_熟手,熟手,experienced; practised,,
word_yue_熟絡,熟絡,on familiar terms,,
word_yue_熟能生巧,熟能生巧,practice makes perfect,,
word_yue_爆煲,爆煲,to blow up; for it all to come out,,
word_yue_爽約,爽約,to break an arrangement,,
word_yue_牛扒,牛扒,a steak,,
word_yue_獎項,獎項,an award,,
word_yue_玩笑,玩笑,a joke,,
word_yue_現代,現代,modern,,
word_yue_現場,現場,the scene,,
word_yue_理論,理論,theory,,
word_yue_生意額,生意額,"turnover, sales volume",,
word_yue_生手,生手,new at it; inexperienced,,
word_yue_甩底,甩底,"to flake, not turn up",,
word_yue_甩皮甩骨,甩皮甩骨,"falling to bits, half-done",,
word_yue_男性,男性,"male, men",,
word_yue_界親,界親,to cut yourself,,
word_yue_留言,留言,to leave a message,,
word_yue_留返一線,留返一線,to leave a line open,,
word_yue_當眾,當眾,in front of everyone,,
word_yue_疏忽,疏忽,negligence,,
word_yue_疏散,疏散,to evacuate,,
word_yue_症狀,症狀,symptoms,,
word_yue_發揮,發揮,"to make the most of, to put to use",,
word_yue_發燒,發燒,to have a fever,,
word_yue_盡力而為,盡力而為,I’ll do what I can,,
word_yue_監製,監製,"a producer (film, TV)",,
word_yue_相反,相反,the opposite,,
word_yue_相熟,相熟,well acquainted,,
word_yue_相當,相當,"quite, fairly",,
word_yue_眉目,眉目,the first shape of a result,,
word_yue_睇下先,睇下先,let me have a look first,,
word_yue_睇定啲,睇定啲,to hold off and see,,
word_yue_睇實,睇實,to stay with; not take your eyes off,,
word_yue_睇怕,睇怕,I reckon; probably,,
word_yue_睇死,睇死,to have someone down as; write them off,,
word_yue_睇眉頭眼額,睇眉頭眼額,to read someone’s face,,
word_yue_睇餸食飯,睇餸食飯,to cut your coat to your cloth,,
word_yue_瞓唔着,瞓唔着,can’t sleep,,
word_yue_短路,短路,a short circuit,,
word_yue_硬銷,硬銷,to hard-sell,,
word_yue_確認,確認,to confirm,,
word_yue_示範,示範,to demonstrate; a demonstration,,
word_yue_禽流感,禽流感,bird flu,,
word_yue_萬一,萬一,in case; if by any chance,,
word_yue_私事,私事,a private matter,,
word_yue_租客,租客,a tenant,,
word_yue_租戶,租戶,a tenant,,
word_yue_租約,租約,a tenancy agreement,,
word_yue_租金,租金,rent,,
word_yue_空口講白話,空口講白話,"all talk, nothing behind it",,
word_yue_空難,空難,an air disaster,,
word_yue_突破,突破,a breakthrough; to break through,,
word_yue_立場,立場,a position; where you stand,,
word_yue_管理處,管理處,the building management office,,
word_yue_結束,結束,"to end, to wind up",,
word_yue_維他,維他,Vita — the drinks brand,,
word_yue_維修,維修,repairs; maintenance,,
word_yue_總掣,總掣,the mains switch,,
word_yue_續約,續約,to renew a lease,,
word_yue_老人家,老人家,an old person — respectful,,
word_yue_老友記,老友記,an old mate,,
word_yue_老定,老定,calm; settled; unflustered,,
word_yue_老實講,老實講,to be honest,,
word_yue_聯想,聯想,"to associate, to be reminded of",,
word_yue_聽人講,聽人講,I heard; word is,,
word_yue_聽唔清,聽唔清,can’t hear it clearly,,
word_yue_聽慣,聽慣,to be used to hearing,,
word_yue_聽漏,聽漏,to miss (hearing) something,,
word_yue_聽真啲,聽真啲,listen more carefully,,
word_yue_聽眾,聽眾,"listeners, an audience",,
word_yue_肝炎,肝炎,hepatitis,,
word_yue_胃口,胃口,appetite,,
word_yue_臨急抱佛腳,臨急抱佛腳,to leave it to the last minute,,
word_yue_臨門,臨門,at the last minute,,
word_yue_舞,舞,a dance,,
word_yue_航空,航空,aviation; airline,,
word_yue_苗頭,苗頭,an early sign of something,,
word_yue_荒謬,荒謬,"absurd, ridiculous",,
word_yue_落單,落單,to place an order,,
word_yue_落地還錢,落地還錢,to come back down with your offer,,
word_yue_落實,落實,to confirm; to nail down,,
word_yue_落手落腳,落手落腳,to muck in properly,,
word_yue_蒜蓉,蒜蓉,minced garlic,,
word_yue_藝術家,藝術家,an artist,,
word_yue_蝕底,蝕底,to come off worse,,
word_yue_蝦人,蝦人,to bully; to pick on someone,,
word_yue_補鑊,補鑊,to fix a mess,,
word_yue_西裝,西裝,a suit,,
word_yue_覆機,覆機,to ring back,,
word_yue_覆診,覆診,a follow-up appointment,,
word_yue_覆述,覆述,to read it back,,
word_yue_見仁見智,見仁見智,each to their own,,
word_yue_見外,見外,to treat someone as an outsider,,
word_yue_見機行事,見機行事,to play it as it comes,,
word_yue_見解,見解,an informed opinion,,
word_yue_規律,規律,a regular pattern; disciplined,,
word_yue_規矩,規矩,the rules; how it is done,,
word_yue_觸電,觸電,to get an electric shock,,
word_yue_言歸正傳,言歸正傳,back to the point,,
word_yue_訊號,訊號,signal; reception,,
word_yue_記錄,記錄,a record; to record,,
word_yue_話事人,話事人,whoever decides,,
word_yue_話唔定,話唔定,maybe; it could well be,,
word_yue_話晒,話晒,after all; when all’s said and done,,
word_yue_話頭醒尾,話頭醒尾,quick to catch on,,
word_yue_誠意,誠意,good faith; sincerity,,
word_yue_認錯,認錯,to own up,,
word_yue_誤會,誤會,a misunderstanding,,
word_yue_誰不知,誰不知,"and then, would you believe it",,
word_yue_諗多一步,諗多一步,to think one step further,,
word_yue_講到口水乾,講到口水乾,to talk yourself hoarse,,
word_yue_講到尾,講到尾,in the end; when all’s said,,
word_yue_講吓講吓,講吓講吓,as we were talking; one thing led to another,,
word_yue_講唔埋,講唔埋,there’s no telling,,
word_yue_講嚟講去,講嚟講去,round and round; talk in circles,,
word_yue_講定,講定,to agree it in advance,,
word_yue_講得出做得到,講得出做得到,good for your word,,
word_yue_講數,講數,to bargain; to settle terms,,
word_yue_講漏,講漏,to leave something out,,
word_yue_講返,講返,back to; speaking of (returning to it),,
word_yue_講開,講開,since we’re on the subject,,
word_yue_講開又講,講開又講,speaking of which; now that it’s come up,,
word_yue_證人,證人,a witness,,
word_yue_證實,證實,to confirm,,
word_yue_證書,證書,a certificate,,
word_yue_識做,識做,to know how to behave; to do the right thing,,
word_yue_識趣,識趣,to know when to leave it,,
word_yue_護目鏡,護目鏡,eye protection,,
word_yue_讓步,讓步,to give ground,,
word_yue_讓開,讓開,get out of the way,,
word_yue_谷氣,谷氣,to bottle it up; pent-up,,
word_yue_貿貿然,貿貿然,"rashly, without thinking",,
word_yue_賊佬,賊佬,a thief,,
word_yue_賠償,賠償,compensation,,
word_yue_賣人情,賣人情,to do someone a favour they will owe,,
word_yue_質疑,質疑,to question; to challenge,,
word_yue_走數,走數,to welch on paying,,
word_yue_走漏風聲,走漏風聲,for word to get out,,
word_yue_走火通道,走火通道,the fire escape route,,
word_yue_走盞,走盞,"leeway, slack",,
word_yue_趕唔切,趕唔切,won’t make it in time,,
word_yue_跌親,跌親,to have a fall,,
word_yue_跟唔上,跟唔上,can’t keep up,,
word_yue_跟進,跟進,to follow up,,
word_yue_跳掣,跳掣,for the breaker to trip,,
word_yue_車位,車位,a parking space,,
word_yue_軟化,軟化,to soften; to come round,,
word_yue_轉達,轉達,to convey on someone’s behalf,,
word_yue_辛苦晒,辛苦晒,thanks for the trouble,,
word_yue_追數,追數,to chase a payment,,
word_yue_追究,追究,to pursue who was at fault,,
word_yue_退租,退租,to give notice; move out,,
word_yue_退貨,退貨,to return goods,,
word_yue_退錢,退錢,to refund,,
word_yue_通氣,通氣,considerate; reads the situation,,
word_yue_進度,進度,progress; where you are,,
word_yue_過往,過往,"in the past, previously",,
word_yue_過火,過火,to go too far,,
word_yue_過骨,過骨,to scrape through,,
word_yue_遲啲先,遲啲先,"later, not now",,
word_yue_遷就,遷就,to accommodate; give way,,
word_yue_還價,還價,to counter-offer,,
word_yue_部分,部分,a part; a section,,
word_yue_鄉下話,鄉下話,the village dialect; home speech,,
word_yue_酒,酒,"alcohol, a drink",,
word_yue_酸辣,酸辣,hot and sour,,
word_yue_醒水,醒水,switched on; quick to notice,,
word_yue_醒目,醒目,sharp; quick on the uptake,,
word_yue_醫藥費,醫藥費,medical costs,,
word_yue_釀,釀,"to stuff, to fill (food)",,
word_yue_重覆,重覆,to repeat,,
word_yue_鎖,鎖,a lock; to lock,,
word_yue_鐵板,鐵板,a sizzling iron plate,,
word_yue_長氣,長氣,long-winded,,
word_yue_開價,開價,to open with a price,,
word_yue_開天殺價,開天殺價,to open at an outrageous price,,
word_yue_關心,關心,to care about someone,,
word_yue_陰公,陰公,poor thing; what a shame,,
word_yue_障礙,障礙,an obstacle,,
word_yue_隱瞞,隱瞞,to keep something hidden,,
word_yue_雞販,雞販,a poultry seller,,
word_yue_離題,離題,off the subject,,
word_yue_雪碧,雪碧,Sprite,,
word_yue_靈活,靈活,"flexible, nimble",,
word_yue_靜雞雞,靜雞雞,quietly; on the sly,,
word_yue_靠估,靠估,to go on guesswork,,
word_yue_面善,面善,kind-looking; approachable,,
word_yue_面熟,面熟,a familiar face,,
word_yue_面皮厚,面皮厚,thick-skinned; brazen,,
word_yue_面皮薄,面皮薄,shy; easily embarrassed,,
word_yue_面紅,面紅,to go red,,
word_yue_頂唔住,頂唔住,can’t take it any more,,
word_yue_頂唔順,頂唔順,can’t stand it any more,,
word_yue_頂心杉,頂心杉,a thorn in your side,,
word_yue_頂罪,頂罪,to take the blame for someone else,,
word_yue_預先,預先,"in advance, beforehand",,
word_yue_預咗,預咗,to have counted on it already,,
word_yue_預測,預測,to forecast; a prediction,,
word_yue_餐館,餐館,a restaurant — slightly formal,,
word_yue_高層,高層,upper management,,
word_yue_鬼咁,鬼咁,bloody; dead (intensifier),,
word_yue_麻煩你,麻煩你,sorry to trouble you,,
word_yue_點會,點會,how could it; no chance,,
word_yue_點都好,點都好,either way; whatever the case,,
word_yue_等陣,等陣,"hold on — in a minute, in this conversation",,
word_yue_晏啲,晏啲,"later today (晏 is aan3, never ngaan3)",,
word_yue_遲下,遲下,later on — vaguer than 遲啲,,
lesson_yue_l1_v15,囖,"(particle — ""obviously"", ""that’s just how it is"")",,
lesson_yue_l2_v15,嚹,"(particle — ""already"", situation has changed)",,
lesson_yue_l43_v3,咓,(particle — softening a question or reminder),,
lesson_yue_l51_v3,拃,(classifier for a handful),,
lesson_yue_l55_v4,嚿,a lump — the classifier for chunks and blocks,,
lesson_yue_l59_v4,鮓,"lousy, shoddy",,
lesson_yue_l84_v5,讕,"to put it on, to act as if",,
lesson_yue_l90_v0,㧬,"to shove, to push with the body",,
lesson_yue_l98_v0,一時時,it varies; depends on the day,,
lesson_yue_l98_v1,事關,because — the spoken one,,
lesson_yue_l98_v2,冇得頂,"unbeatable, can’t be topped",,
lesson_yue_l98_v3,卒之,"in the end, finally",,
lesson_yue_l98_v4,唏噓,"wistful, a bit sad about it",,
lesson_yue_l98_v5,唔單止,not only — stronger than 唔只,,
lesson_yue_l98_v6,嗰輪,"that spell, around that time",,
lesson_yue_l98_v7,好在,"luckily, just as well",,
lesson_yue_l98_v8,專登,"on purpose, deliberately",,
lesson_yue_l98_v9,幾可,"hardly likely, rarely",,
lesson_yue_l98_v10,心諗,to think to yourself,,
lesson_yue_l98_v11,成世,a whole lifetime,,
lesson_yue_l98_v12,抵死,serves you right — see the note,,
lesson_yue_l98_v13,照計,"by rights, going by that",,
lesson_yue_l98_v14,臨尾,right at the last minute,,
lesson_yue_l98_v15,舊陣時,back in the day,,
lesson_yue_l98_v16,貿貿然,"rashly, without thinking",,
lesson_yue_l98_v17,難講,hard to say,,
lesson_yue_l99_v0,主人家,"the owner, whoever’s house it is",,
lesson_yue_l99_v1,信差,"a courier, a messenger",,
lesson_yue_l99_v2,哥哥,older brother,,
lesson_yue_l99_v3,團友,someone on the same tour,,
lesson_yue_l99_v4,大人,a grown-up,,
lesson_yue_l99_v5,專家,an expert,,
lesson_yue_l99_v6,小朋友,a child — how you address one,,
lesson_yue_l99_v7,差人,"a copper — ordinary, not rude",,
lesson_yue_l99_v8,師奶,a housewife — see the note,,
lesson_yue_l99_v9,廚師,a chef,,
lesson_yue_l99_v10,後生仔,a young lad,,
lesson_yue_l99_v11,死仔,you little sod — see the note,,
lesson_yue_l99_v12,細路仔,"a kid, a little boy",,
lesson_yue_l99_v13,老人家,an old person — respectful,,
lesson_yue_l99_v14,親戚,a relative,,
lesson_yue_l99_v15,賊佬,a thief,,
lesson_yue_l99_v16,雞販,a poultry seller,,
lesson_yue_l99_v17,髮型師,a hairdresser,,
lesson_yue_l100_v0,口味,"a taste, what someone likes",,
lesson_yue_l100_v1,好味道,"tasty, good flavour",,
lesson_yue_l100_v2,梳打,soda — from the English,,
lesson_yue_l100_v3,檸檬茶,"lemon tea, written out in full",,
lesson_yue_l100_v4,檸茶,lemon tea — what you actually order,,
lesson_yue_l100_v5,煙,a cigarette; smoke,,
lesson_yue_l100_v6,牛扒,a steak,,
lesson_yue_l100_v7,維他,Vita — the drinks brand,,
lesson_yue_l100_v8,自助餐,a buffet,,
lesson_yue_l100_v9,茶餐廳,a cha chaan teng,,
lesson_yue_l100_v10,菜,vegetables; a dish,,
lesson_yue_l100_v11,酒,"alcohol, a drink",,
lesson_yue_l100_v12,酸辣湯,hot and sour soup,,
lesson_yue_l100_v13,鐵板,a sizzling iron plate,,
lesson_yue_l100_v14,食品,"foodstuffs, packaged food",,
lesson_yue_l100_v15,餐館,a restaurant — slightly formal,,
lesson_yue_l100_v16,餸,the dish you eat with rice,,
lesson_yue_l100_v17,鴛鴦,coffee mixed with milk tea,,
lesson_yue_l101_v0,倒閉,"to go under, to fold",,
lesson_yue_l101_v1,勝任,to be up to the job,,
lesson_yue_l101_v2,大班,"the big boss, the gaffer",,
lesson_yue_l101_v3,學期,"a term, a semester",,
lesson_yue_l101_v4,對上,"the previous one, the one before",,
lesson_yue_l101_v5,幫手,to give a hand,,
lesson_yue_l101_v6,年資,"years of service, seniority",,
lesson_yue_l101_v7,放工,"to knock off, to finish work",,
lesson_yue_l101_v8,暑期工,a summer job,,
lesson_yue_l101_v9,月入,monthly income,,
lesson_yue_l101_v10,朝朝,every morning,,
lesson_yue_l101_v11,記住,remember to; keep in mind,,
lesson_yue_l101_v12,賺錢,to make money,,
lesson_yue_l101_v13,遲到,to be late,,
lesson_yue_l101_v14,開學,"term starts, back to school",,
lesson_yue_l101_v15,陣間,"in a bit, shortly",,
lesson_yue_l101_v16,預早,"ahead of time, in advance",,
lesson_yue_l101_v17,高層,upper management,,
lesson_yue_l102_v0,不知所謂,"out of order, a disgrace",,
lesson_yue_l102_v1,人心惶惶,"everyone on edge, jittery",,
lesson_yue_l102_v2,偷雞,to skive off — see the note,,
lesson_yue_l102_v3,光豬,stark naked,,
lesson_yue_l102_v4,厭,"sick of, fed up with",,
lesson_yue_l102_v5,合眼緣,to take to someone on sight,,
lesson_yue_l102_v6,壯觀,an impressive sight,,
lesson_yue_l102_v7,大力,"hard, with force",,
lesson_yue_l102_v8,奇妙,"wonderful, remarkable",,
lesson_yue_l102_v9,弊傢伙,oh no; we’re in trouble,,
lesson_yue_l102_v10,心癮,"a craving, an itch to do it",,
lesson_yue_l102_v11,打游擊,"to work off the books, job to job",,
lesson_yue_l102_v12,早熟,grown-up before their years,,
lesson_yue_l102_v13,渺茫,"slim, next to no chance",,
lesson_yue_l102_v14,無中生有,to make it up out of nothing,,
lesson_yue_l102_v15,知足,content with what you’ve got,,
lesson_yue_l102_v16,細聲,"quietly, keep your voice down",,
lesson_yue_l102_v17,願,willing to; a wish,,
lesson_yue_l103_v0,一邊,one side; while doing,,
lesson_yue_l103_v1,下邊,"underneath, the bottom",,
lesson_yue_l103_v2,入口,"an entrance, a way in",,
lesson_yue_l103_v3,出入,coming and going; access,,
lesson_yue_l103_v4,右,right (the side),,
lesson_yue_l103_v5,商場,a shopping mall,,
lesson_yue_l103_v6,地鐵,"the underground, the MTR",,
lesson_yue_l103_v7,宿舍,"a dormitory, staff quarters",,
lesson_yue_l103_v8,對面,"opposite, across from",,
lesson_yue_l103_v9,廁所,a toilet,,
lesson_yue_l103_v10,後邊,round the back,,
lesson_yue_l103_v11,操場,"a playground, a parade ground",,
lesson_yue_l103_v12,書局,a bookshop,,
lesson_yue_l103_v13,檯,a table,,
lesson_yue_l103_v14,漁村,a fishing village,,
lesson_yue_l103_v15,爛地,"rough ground, waste ground",,
lesson_yue_l103_v16,邊樣,which one (of a kind),,
lesson_yue_l103_v17,郵局,a post office,,
lesson_yue_l104_v0,中途,"partway through, halfway",,
lesson_yue_l104_v1,之上,"above, over (an amount)",,
lesson_yue_l104_v2,以下,"below, under",,
lesson_yue_l104_v3,以內,within,,
lesson_yue_l104_v4,仲係,"still is, still the case",,
lesson_yue_l104_v5,初,the start of; at first,,
lesson_yue_l104_v6,將會,is going to — written,,
lesson_yue_l104_v7,星期日,Sunday,,
lesson_yue_l104_v8,時期,"a period, a stretch of time",,
lesson_yue_l104_v9,晨早,ages ago; early morning,,
lesson_yue_l104_v10,最尾,the very last one; in the end,,
lesson_yue_l104_v11,每年,every year,,
lesson_yue_l104_v12,每日,every day,,
lesson_yue_l104_v13,目前,"at present, for now",,
lesson_yue_l104_v14,臨,"just as, right on the point of",,
lesson_yue_l104_v15,近來,"lately, recently",,
lesson_yue_l104_v16,週年,an anniversary,,
lesson_yue_l104_v17,過往,"in the past, previously",,
lesson_yue_l105_v0,中五,"Form 5, the exam year",,
lesson_yue_l105_v1,作弊,to cheat in an exam,,
lesson_yue_l105_v2,學位,a degree; a school place,,
lesson_yue_l105_v3,學能,"aptitude, learning ability",,
lesson_yue_l105_v4,專心,to concentrate,,
lesson_yue_l105_v5,專注,"focused, undistracted",,
lesson_yue_l105_v6,小一,Primary 1,,
lesson_yue_l105_v7,掌握,"to get a grip on, to master",,
lesson_yue_l105_v8,放榜,results day,,
lesson_yue_l105_v9,文科,"the arts side, humanities",,
lesson_yue_l105_v10,理想,ideal; an ideal,,
lesson_yue_l105_v11,累積,"to build up, to accumulate",,
lesson_yue_l105_v12,補習社,a cram school,,
lesson_yue_l105_v13,訓練,training; to train,,
lesson_yue_l105_v14,論文,"a thesis, a paper",,
lesson_yue_l105_v15,退學,to drop out,,
lesson_yue_l105_v16,進步,"to improve, to come on",,
lesson_yue_l105_v17,靈感,"inspiration, an idea",,
lesson_yue_l106_v0,乜野,what — the fuller spelling of 咩,,
lesson_yue_l106_v1,去邊,where are you off to,,
lesson_yue_l106_v2,唔止,"more than just, not only",,
lesson_yue_l106_v3,地道,"authentic, properly local",,
lesson_yue_l106_v4,奇特,"odd, out of the ordinary",,
lesson_yue_l106_v5,幫助,"help, assistance — the noun",,
lesson_yue_l106_v6,幼稚,childish,,
lesson_yue_l106_v7,成個,"the whole, all of it",,
lesson_yue_l106_v8,提醒,to remind,,
lesson_yue_l106_v9,擘大,to open wide,,
lesson_yue_l106_v10,放低,to put down; to let go of,,
lesson_yue_l106_v11,根本上,"basically, at bottom",,
lesson_yue_l106_v12,比較上,"comparatively, relatively",,
lesson_yue_l106_v13,滿意,"satisfied, happy with it",,
lesson_yue_l106_v14,熱鬧,"lively, buzzing with people",,
lesson_yue_l106_v15,甚至,"even, to the point of",,
lesson_yue_l106_v16,詳細,"in detail, thorough",,
lesson_yue_l106_v17,食嘢,"to eat, to have something",,
lesson_yue_l107_v0,個人,"personal, one’s own",,
lesson_yue_l107_v1,冒牌,"a fake, a knock-off",,
lesson_yue_l107_v2,冷氣被,a thin summer quilt,,
lesson_yue_l107_v3,另一個,"the other one, another",,
lesson_yue_l107_v4,工具書,a reference book,,
lesson_yue_l107_v5,影片,"a video, a clip",,
lesson_yue_l107_v6,波衫,a football shirt,,
lesson_yue_l107_v7,淺色,light-coloured,,
lesson_yue_l107_v8,漫畫,a comic,,
lesson_yue_l107_v9,潔白,"pure white, spotless",,
lesson_yue_l107_v10,產品,a product,,
lesson_yue_l107_v11,私家,"private, one’s own — see the note",,
lesson_yue_l107_v12,紅色,red,,
lesson_yue_l107_v13,背囊,a backpack,,
lesson_yue_l107_v14,透明,"transparent, see-through",,
lesson_yue_l107_v15,錄影機,a video recorder,,
lesson_yue_l107_v16,錶,a watch,,
lesson_yue_l107_v17,鞋,shoes,,
lesson_yue_l108_v0,分擔,"to split, to share the cost",,
lesson_yue_l108_v1,取消,to cancel,,
lesson_yue_l108_v2,商務,"business, commerce",,
lesson_yue_l108_v3,工業,industry,,
lesson_yue_l108_v4,平均,on average; even,,
lesson_yue_l108_v5,投資,to invest; an investment,,
lesson_yue_l108_v6,擁有,to own,,
lesson_yue_l108_v7,水平,"a standard, a level",,
lesson_yue_l108_v8,炒股票,to play the stock market,,
lesson_yue_l108_v9,獎,a prize; to award,,
lesson_yue_l108_v10,獎勵,"a reward, an incentive",,
lesson_yue_l108_v11,租戶,a tenant,,
lesson_yue_l108_v12,租金,rent,,
lesson_yue_l108_v13,結束,"to end, to wind up",,
lesson_yue_l108_v14,股市,the stock market,,
lesson_yue_l108_v15,調查,to look into; an investigation,,
lesson_yue_l108_v16,車位,a parking space,,
lesson_yue_l108_v17,馬主,a racehorse owner,,
lesson_yue_l109_v0,危險,dangerous; a danger,,
lesson_yue_l109_v1,困境,"a tight spot, a rough patch",,
lesson_yue_l109_v2,夢想,"a dream, what you’re after",,
lesson_yue_l109_v3,安全感,a sense of security,,
lesson_yue_l109_v4,尊嚴,dignity,,
lesson_yue_l109_v5,振奮,"heartening, a lift",,
lesson_yue_l109_v6,提出,"to raise, to put forward",,
lesson_yue_l109_v7,提議,to suggest; a suggestion,,
lesson_yue_l109_v8,搏,"to have a go, to chance it",,
lesson_yue_l109_v9,救命,help! — the shout,,
lesson_yue_l109_v10,渡過,"to get through, to come out the other side",,
lesson_yue_l109_v11,現實,reality; realistic,,
lesson_yue_l109_v12,理論,theory,,
lesson_yue_l109_v13,發揮,"to make the most of, to put to use",,
lesson_yue_l109_v14,突破,a breakthrough; to break through,,
lesson_yue_l109_v15,觀點,a point of view,,
lesson_yue_l109_v16,障礙,an obstacle,,
lesson_yue_l109_v17,靈活,"flexible, nimble",,
lesson_yue_l110_v0,嗜好,"a hobby, what you’re into",,
lesson_yue_l110_v1,好波,nice one! — shouted at football,,
lesson_yue_l110_v2,導演,a director,,
lesson_yue_l110_v3,櫻花,cherry blossom,,
lesson_yue_l110_v4,游水,to swim,,
lesson_yue_l110_v5,煙花,fireworks,,
lesson_yue_l110_v6,熱門,"popular, in demand",,
lesson_yue_l110_v7,獎項,an award,,
lesson_yue_l110_v8,現代,modern,,
lesson_yue_l110_v9,突出,to stand out; outstanding,,
lesson_yue_l110_v10,聖誕節,Christmas,,
lesson_yue_l110_v11,腳法,footwork,,
lesson_yue_l110_v12,舞,a dance,,
lesson_yue_l110_v13,訪問,an interview; to interview,,
lesson_yue_l110_v14,足球,football — the written word,,
lesson_yue_l110_v15,跟團,to travel with a tour group,,
lesson_yue_l110_v16,跳舞,to dance,,
lesson_yue_l110_v17,龍船,a dragon boat,,
lesson_yue_l111_v0,做成,"to bring about, to cause",,
lesson_yue_l111_v1,功能,"a function, what it does",,
lesson_yue_l111_v2,同步,to sync; in step,,
lesson_yue_l111_v3,完成,"to complete, to finish",,
lesson_yue_l111_v4,影印,to photocopy,,
lesson_yue_l111_v5,打開,to open up,,
lesson_yue_l111_v6,洗頭,to wash your hair,,
lesson_yue_l111_v7,流動,flowing; mobile,,
lesson_yue_l111_v8,清潔,cleaning; to clean,,
lesson_yue_l111_v9,測試,to test; a test,,
lesson_yue_l111_v10,滑落,"to slide down, to slip off",,
lesson_yue_l111_v11,相對,relatively; opposite one another,,
lesson_yue_l111_v12,空氣,air,,
lesson_yue_l111_v13,維持,"to keep up, to maintain",,
lesson_yue_l111_v14,製造,to manufacture,,
lesson_yue_l111_v15,設計,design; to design,,
lesson_yue_l111_v16,連線,to connect; a connection,,
lesson_yue_l111_v17,運作,"to operate, to run",,
lesson_yue_l112_v0,侵犯,"to violate, to infringe",,
lesson_yue_l112_v1,個案,"a case, an individual instance",,
lesson_yue_l112_v2,傷害,harm; to harm,,
lesson_yue_l112_v3,刑事,criminal (as against civil),,
lesson_yue_l112_v4,利用,to make use of; to exploit,,
lesson_yue_l112_v5,劫,to rob; a robbery,,
lesson_yue_l112_v6,參考,to refer to; a reference,,
lesson_yue_l112_v7,吸納,"to take in, to absorb",,
lesson_yue_l112_v8,基本,basic; the basics,,
lesson_yue_l112_v9,實質,"substance, the real content",,
lesson_yue_l112_v10,專科,a specialism; a specialist,,
lesson_yue_l112_v11,懷疑,to suspect; suspicion,,
lesson_yue_l112_v12,手下,someone who works under you,,
lesson_yue_l112_v13,法律,the law,,
lesson_yue_l112_v14,精神,"spirit; alert, on form",,
lesson_yue_l112_v15,聲稱,to claim — and to be doubted,,
lesson_yue_l112_v16,證實,to confirm,,
lesson_yue_l112_v17,賊,a thief,,
lesson_yue_l113_v0,人名,a person’s name,,
lesson_yue_l113_v1,來回,"there and back, a return trip",,
lesson_yue_l113_v2,來自,to come from,,
lesson_yue_l113_v3,出發,to set off,,
lesson_yue_l113_v4,前途,"prospects, a future",,
lesson_yue_l113_v5,哥,brother — as in 大哥,,
lesson_yue_l113_v6,大概,"roughly, about",,
lesson_yue_l113_v7,形象,"image, how you come across",,
lesson_yue_l113_v8,情形,"the situation, how things stand",,
lesson_yue_l113_v9,成就,an achievement,,
lesson_yue_l113_v10,日本人,a Japanese person,,
lesson_yue_l113_v11,歡迎,to welcome; welcome,,
lesson_yue_l113_v12,生仔,to have a baby,,
lesson_yue_l113_v13,禮貌,"manners, politeness",,
lesson_yue_l113_v14,聚集,"to gather, to congregate",,
lesson_yue_l113_v15,長途電話,a long-distance call,,
lesson_yue_l113_v16,青梅竹馬,childhood friends who grew up together,,
lesson_yue_l113_v17,飛線,to divert a call,,
lesson_yue_l114_v0,中年,middle-aged,,
lesson_yue_l114_v1,折,a discount — see the note,,
lesson_yue_l114_v2,時勢,the way things are just now,,
lesson_yue_l114_v3,牙肉,gums,,
lesson_yue_l114_v4,禮拜四,Thursday,,
lesson_yue_l114_v5,移民,to emigrate; an immigrant,,
lesson_yue_l114_v6,緊,tight; -ing (the aspect marker),,
lesson_yue_l114_v7,肝炎,hepatitis,,
lesson_yue_l114_v8,背後,behind; behind someone’s back,,
lesson_yue_l114_v9,航空,aviation; airline,,
lesson_yue_l114_v10,規律,a regular pattern; disciplined,,
lesson_yue_l114_v11,評論,to comment on; a review,,
lesson_yue_l114_v12,豬,a pig,,
lesson_yue_l114_v13,跳樓,to jump off a building — see the note,,
lesson_yue_l114_v14,身上,"on you, on your person",,
lesson_yue_l114_v15,酸辣,hot and sour,,
lesson_yue_l114_v16,預測,to forecast; a prediction,,
lesson_yue_l114_v17,魚缸,a fish tank,,
lesson_yue_l115_v0,講開又講,speaking of which; now that it’s come up,,
lesson_yue_l115_v1,講吓講吓,as we were talking; one thing led to another,,
lesson_yue_l115_v2,講到尾,in the end; when all’s said,,
lesson_yue_l115_v3,講嚟講去,round and round; talk in circles,,
lesson_yue_l115_v4,一嚟,for one thing,,
lesson_yue_l115_v5,二嚟,for another,,
lesson_yue_l115_v6,到頭嚟,in the end; as it turned out,,
lesson_yue_l115_v7,咁啱,as it happens; by chance,,
lesson_yue_l115_v8,啱啱好,just then; just right,,
lesson_yue_l115_v9,偏偏,and yet; of all things,,
lesson_yue_l115_v10,誰不知,"and then, would you believe it",,
lesson_yue_l115_v11,一頭霧水,completely at sea; baffled,,
lesson_yue_l116_v0,最弊,the worst of it; worst of all,,
lesson_yue_l116_v1,話晒,after all; when all’s said and done,,
lesson_yue_l116_v2,老實講,to be honest,,
lesson_yue_l116_v3,擺明,plainly; obviously (and unfairly),,
lesson_yue_l116_v4,明明,clearly (and yet),,
lesson_yue_l116_v5,一味,does nothing but; keeps on,,
lesson_yue_l116_v6,手尾,loose ends; the mess left behind,,
lesson_yue_l116_v7,執手尾,to clear up after someone,,
lesson_yue_l116_v8,死死氣,grudgingly; with bad grace,,
lesson_yue_l116_v9,鬼咁,bloody; dead (intensifier),,
lesson_yue_l116_v10,唔怪之得,no wonder,,
lesson_yue_l116_v11,冤枉,to be wronged; unjustly blamed,,
lesson_yue_l117_v0,即係話,which is to say; in other words,,
lesson_yue_l117_v1,咪就係,exactly; that’s just it,,
lesson_yue_l117_v2,實情,the truth of it; what’s actually the case,,
lesson_yue_l117_v3,點都好,either way; whatever the case,,
lesson_yue_l117_v4,無論點,no matter what; regardless,,
lesson_yue_l117_v5,講返,back to; speaking of (returning to it),,
lesson_yue_l117_v6,提起,to bring up; to mention,,
lesson_yue_l117_v7,言歸正傳,back to the point,,
lesson_yue_l117_v8,幸好,luckily; just as well,,
lesson_yue_l117_v9,點會,how could it; no chance,,
lesson_yue_l117_v10,唔講唔知,you’d never know unless told,,
lesson_yue_l117_v11,頂,to cover for; to fill in,,
lesson_yue_l118_v0,插嘴,to cut in; to interrupt,,
lesson_yue_l118_v1,打斷,to cut someone off; to break in,,
lesson_yue_l118_v2,唔係啩,surely not?; you’re joking,,
lesson_yue_l118_v3,睇怕,I reckon; probably,,
lesson_yue_l118_v4,幫口,to speak up for someone; to take a side,,
lesson_yue_l118_v5,幫拖,to back someone up; to lend a hand,,
lesson_yue_l118_v6,唔關我事,nothing to do with me,,
lesson_yue_l118_v7,各有各講,each talking about their own thing,,
lesson_yue_l118_v8,冇眼睇,I can’t watch this,,
lesson_yue_l118_v9,頂唔順,can’t stand it any more,,
lesson_yue_l118_v10,收科,to wind it up; to close something off,,
lesson_yue_l118_v11,流程,a procedure; the steps of a job,,
lesson_yue_l119_v0,好聲好氣,gently; in a nice tone,,
lesson_yue_l119_v1,大聲夾惡,loud and aggressive,,
lesson_yue_l119_v2,麻煩你,sorry to trouble you,,
lesson_yue_l119_v3,幫幫忙,do me a favour,,
lesson_yue_l119_v4,婉轉,tactful; put indirectly,,
lesson_yue_l119_v5,就住,go easy; ease off a bit,,
lesson_yue_l119_v6,客氣,polite; standing on ceremony,,
lesson_yue_l119_v7,辛苦晒,thanks for the trouble,,
lesson_yue_l119_v8,方便,convenient; suits you,,
lesson_yue_l119_v9,畀面,to give face; to oblige,,
lesson_yue_l119_v10,落面,to lose face; be shown up,,
lesson_yue_l119_v11,得罪,to offend someone,,
lesson_yue_l120_v0,恐怕,I’m afraid; probably not,,
lesson_yue_l120_v1,心領,"thanks, but no (the thought is taken)",,
lesson_yue_l120_v2,好難話,hard to say,,
lesson_yue_l120_v3,睇下先,let me have a look first,,
lesson_yue_l120_v4,遲啲先,"later, not now",,
lesson_yue_l120_v5,留返一線,to leave a line open,,
lesson_yue_l120_v6,推搪,to put someone off,,
lesson_yue_l120_v7,搪塞,to fob someone off,,
lesson_yue_l120_v8,拒絕,to refuse outright,,
lesson_yue_l120_v9,打圓場,to smooth things over,,
lesson_yue_l120_v10,台階,a way to climb down,,
lesson_yue_l120_v11,唔敢當,you’re too kind (deflecting praise),,
lesson_yue_l121_v0,沉住氣,to keep a lid on it,,
lesson_yue_l121_v1,老定,calm; settled; unflustered,,
lesson_yue_l121_v2,忍手,to hold back; not retaliate,,
lesson_yue_l121_v3,收口,to stop talking; shut it,,
lesson_yue_l121_v4,唞氣,to get some air; catch a breath,,
lesson_yue_l121_v5,火滾,furious; to go up,,
lesson_yue_l121_v6,谷氣,to bottle it up; pent-up,,
lesson_yue_l121_v7,拗,to argue; to row,,
lesson_yue_l121_v8,惡死能登,fierce; bad-tempered,,
lesson_yue_l121_v9,擘大喉嚨,to bellow; shout the place down,,
lesson_yue_l121_v10,靜雞雞,quietly; on the sly,,
lesson_yue_l121_v11,頂心杉,a thorn in your side,,
lesson_yue_l122_v0,睇餸食飯,to cut your coat to your cloth,,
lesson_yue_l122_v1,見機行事,to play it as it comes,,
lesson_yue_l122_v2,睇眉頭眼額,to read someone’s face,,
lesson_yue_l122_v3,識做,to know how to behave; to do the right thing,,
lesson_yue_l122_v4,醒目,sharp; quick on the uptake,,
lesson_yue_l122_v5,死板,rigid; goes by the book,,
lesson_yue_l122_v6,執輸,to lose out by hanging back,,
lesson_yue_l122_v7,求其,any old way; slapdash,,
lesson_yue_l122_v8,隨便,as you like; casually,,
lesson_yue_l122_v9,有頭有尾,to see a thing through,,
lesson_yue_l122_v10,應酬,social duty; going through the motions,,
lesson_yue_l122_v11,敷衍,to fob off; do the bare minimum,,
lesson_yue_l123_v0,長氣,long-winded,,
lesson_yue_l123_v1,東拉西扯,to ramble all over the place,,
lesson_yue_l123_v2,離題,off the subject,,
lesson_yue_l123_v3,正題,the actual subject,,
lesson_yue_l123_v4,跟唔上,can’t keep up,,
lesson_yue_l123_v5,重點,the main point,,
lesson_yue_l123_v6,消化,to digest; take in,,
lesson_yue_l123_v7,抄低,to write down,,
lesson_yue_l123_v8,話頭醒尾,quick to catch on,,
lesson_yue_l123_v9,一句起兩句止,says two words and stops,,
lesson_yue_l123_v10,講到口水乾,to talk yourself hoarse,,
lesson_yue_l123_v11,應付,to handle; to cope with,,
lesson_yue_l124_v0,聽唔清,can’t hear it clearly,,
lesson_yue_l124_v1,斷斷續續,breaking up; on and off,,
lesson_yue_l124_v2,訊號,signal; reception,,
lesson_yue_l124_v3,收線,to hang up; to end the call,,
lesson_yue_l124_v4,掛線,to hang up,,
lesson_yue_l124_v5,留言,to leave a message,,
lesson_yue_l124_v6,覆機,to ring back,,
lesson_yue_l124_v7,聽真啲,listen more carefully,,
lesson_yue_l124_v8,大聲啲,a bit louder,,
lesson_yue_l124_v9,覆述,to read it back,,
lesson_yue_l124_v10,確認,to confirm,,
lesson_yue_l124_v11,靠估,to go on guesswork,,
lesson_yue_l125_v0,咩話,"sorry, what?",,
lesson_yue_l125_v1,聽漏,to miss (hearing) something,,
lesson_yue_l125_v2,講漏,to leave something out,,
lesson_yue_l125_v3,重覆,to repeat,,
lesson_yue_l125_v4,兜返,to go back to (a point),,
lesson_yue_l125_v5,一知半解,to half understand,,
lesson_yue_l125_v6,估估下,by guesswork,,
lesson_yue_l125_v7,意會,to get the sense of it,,
lesson_yue_l125_v8,心照,we both know; unspoken understanding,,
lesson_yue_l125_v9,具體,specific; concrete,,
lesson_yue_l125_v10,部分,a part; a section,,
lesson_yue_l125_v11,扮,to pretend,,
lesson_yue_l126_v0,口音,an accent,,
lesson_yue_l126_v1,鄉下話,the village dialect; home speech,,
lesson_yue_l126_v2,咬字,the way someone shapes words,,
lesson_yue_l126_v3,口窒窒,to stumble over your words,,
lesson_yue_l126_v4,唔清唔楚,unclear; half-said,,
lesson_yue_l126_v5,含糊,mumbled; vague,,
lesson_yue_l126_v6,快人快語,a fast talker; blunt and quick,,
lesson_yue_l126_v7,慢吞吞,slow as anything,,
lesson_yue_l126_v8,聽慣,to be used to hearing,,
lesson_yue_l126_v9,明晒,to get all of it,,
lesson_yue_l126_v10,師傅,master; a skilled tradesman,,
lesson_yue_l126_v11,相反,the opposite,,
lesson_yue_l127_v0,示範,to demonstrate; a demonstration,,
lesson_yue_l127_v1,生手,new at it; inexperienced,,
lesson_yue_l127_v2,熟手,experienced; practised,,
lesson_yue_l127_v3,上手,to get up to speed,,
lesson_yue_l127_v4,手勢,the knack; someone’s touch,,
lesson_yue_l127_v5,落手,to put your hands on it; to start,,
lesson_yue_l127_v6,落手落腳,to muck in properly,,
lesson_yue_l127_v7,執生,to play it by ear; improvise,,
lesson_yue_l127_v8,熟能生巧,practice makes perfect,,
lesson_yue_l127_v9,教識,to teach someone until they can do it,,
lesson_yue_l127_v10,跳,to skip (a step),,
lesson_yue_l127_v11,捷徑,a short cut,,
lesson_yue_l128_v0,出事,for something to go wrong,,
lesson_yue_l128_v1,爆煲,to blow up; for it all to come out,,
lesson_yue_l128_v2,認錯,to own up,,
lesson_yue_l128_v3,孭飛,to carry the can,,
lesson_yue_l128_v4,頂罪,to take the blame for someone else,,
lesson_yue_l128_v5,補鑊,to fix a mess,,
lesson_yue_l128_v6,補救,to remedy; put right,,
lesson_yue_l128_v7,上報,to report it upward,,
lesson_yue_l128_v8,隱瞞,to keep something hidden,,
lesson_yue_l128_v9,亡羊補牢,to shut the gate after the horse has gone,,
lesson_yue_l128_v10,蝕底,to come off worse,,
lesson_yue_l128_v11,追究,to pursue who was at fault,,
lesson_yue_l129_v0,講數,to bargain; to settle terms,,
lesson_yue_l129_v1,傾掂,to get it agreed,,
lesson_yue_l129_v2,開價,to open with a price,,
lesson_yue_l129_v3,還價,to counter-offer,,
lesson_yue_l129_v4,讓步,to give ground,,
lesson_yue_l129_v5,底線,a bottom line,,
lesson_yue_l129_v6,折衷,to split the difference,,
lesson_yue_l129_v7,拉勻,averaged out,,
lesson_yue_l129_v8,打和,to come out level,,
lesson_yue_l129_v9,數期,payment terms,,
lesson_yue_l129_v10,成本,cost,,
lesson_yue_l129_v11,落單,to place an order,,
lesson_yue_l130_v0,分工,to divide the work,,
lesson_yue_l130_v1,跟進,to follow up,,
lesson_yue_l130_v2,催,to chase; to hurry someone,,
lesson_yue_l130_v3,死線,a deadline,,
lesson_yue_l130_v4,進度,progress; where you are,,
lesson_yue_l130_v5,頂更,to cover a shift,,
lesson_yue_l130_v6,更表,the rota,,
lesson_yue_l130_v7,排期,to schedule; to reschedule,,
lesson_yue_l130_v8,趕唔切,won’t make it in time,,
lesson_yue_l130_v9,臨門,at the last minute,,
lesson_yue_l130_v10,一腳踢,to do the whole lot single-handed,,
lesson_yue_l130_v11,過骨,to scrape through,,
lesson_yue_l131_v0,搭嘴,to chip in to a conversation,,
lesson_yue_l131_v1,搭訕,to strike up a chat,,
lesson_yue_l131_v2,埋堆,to get in with a group,,
lesson_yue_l131_v3,熟絡,on familiar terms,,
lesson_yue_l131_v4,面熟,a familiar face,,
lesson_yue_l131_v5,面善,kind-looking; approachable,,
lesson_yue_l131_v6,相熟,well acquainted,,
lesson_yue_l131_v7,見外,to treat someone as an outsider,,
lesson_yue_l131_v8,老友記,an old mate,,
lesson_yue_l131_v9,通氣,considerate; reads the situation,,
lesson_yue_l131_v10,識趣,to know when to leave it,,
lesson_yue_l131_v11,醒水,switched on; quick to notice,,
lesson_yue_l132_v0,八卦,nosy; gossipy,,
lesson_yue_l132_v1,關心,to care about someone,,
lesson_yue_l132_v2,私事,a private matter,,
lesson_yue_l132_v3,心事,something on your mind,,
lesson_yue_l132_v4,岔開,to steer the subject away,,
lesson_yue_l132_v5,保留,to keep something back,,
lesson_yue_l132_v6,面皮薄,shy; easily embarrassed,,
lesson_yue_l132_v7,面皮厚,thick-skinned; brazen,,
lesson_yue_l132_v8,面紅,to go red,,
lesson_yue_l132_v9,冒犯,to give offence,,
lesson_yue_l132_v10,人工,wages; pay,,
lesson_yue_l132_v11,講開,since we’re on the subject,,
lesson_yue_l133_v0,玩嘢,to mess someone about; a wind-up,,
lesson_yue_l133_v1,蝦人,to bully; to pick on someone,,
lesson_yue_l133_v2,攞景,to rub it in; to gloat,,
lesson_yue_l133_v3,咪玩啦,give over; leave it out,,
lesson_yue_l133_v4,過火,to go too far,,
lesson_yue_l133_v5,心水清,clear-headed; sees it straight,,
lesson_yue_l133_v6,賣人情,to do someone a favour they will owe,,
lesson_yue_l133_v7,收手,to stop; to lay off,,
lesson_yue_l133_v8,私底下,in private,,
lesson_yue_l133_v9,留意,to notice; to keep an eye on,,
lesson_yue_l133_v10,當眾,in front of everyone,,
lesson_yue_l133_v11,玩笑,a joke,,
lesson_yue_l134_v0,睇法,a view; how you see it,,
lesson_yue_l134_v1,見解,an informed opinion,,
lesson_yue_l134_v2,立場,a position; where you stand,,
lesson_yue_l134_v3,企硬,to hold your ground,,
lesson_yue_l134_v4,軟化,to soften; to come round,,
lesson_yue_l134_v5,唱反調,to take the contrary line,,
lesson_yue_l134_v6,反對,to oppose,,
lesson_yue_l134_v7,質疑,to question; to challenge,,
lesson_yue_l134_v8,遷就,to accommodate; give way,,
lesson_yue_l134_v9,見仁見智,each to their own,,
lesson_yue_l134_v10,數據,data; figures,,
lesson_yue_l134_v11,對撼,to square up to; go head to head,,
lesson_yue_l135_v0,投訴,to complain (formally),,
lesson_yue_l135_v1,退貨,to return goods,,
lesson_yue_l135_v2,換貨,to exchange goods,,
lesson_yue_l135_v3,退錢,to refund,,
lesson_yue_l135_v4,收據,a receipt,,
lesson_yue_l135_v5,保養,a warranty,,
lesson_yue_l135_v6,唔收貨,to refuse to accept it,,
lesson_yue_l135_v7,誠意,good faith; sincerity,,
lesson_yue_l135_v8,話事人,whoever decides,,
lesson_yue_l135_v9,揸正嚟做,to go strictly by the rules,,
lesson_yue_l135_v10,規矩,the rules; how it is done,,
lesson_yue_l135_v11,為難,to put someone in a difficult spot,,
lesson_yue_l136_v0,症狀,symptoms,,
lesson_yue_l136_v1,刺痛,a stabbing pain,,
lesson_yue_l136_v2,抽痛,"a throbbing, pulling pain",,
lesson_yue_l136_v3,發燒,to have a fever,,
lesson_yue_l136_v4,頭暈,light-headed; dizzy,,
lesson_yue_l136_v5,作嘔,to feel sick,,
lesson_yue_l136_v6,胃口,appetite,,
lesson_yue_l136_v7,瞓唔着,can’t sleep,,
lesson_yue_l136_v8,敏感,allergic; sensitive,,
lesson_yue_l136_v9,化驗,a lab test,,
lesson_yue_l136_v10,覆診,a follow-up appointment,,
lesson_yue_l136_v11,好返,to get better,,
lesson_yue_l137_v0,租客,a tenant,,
lesson_yue_l137_v1,按金,a deposit,,
lesson_yue_l137_v2,租約,a tenancy agreement,,
lesson_yue_l137_v3,漏水,to leak,,
lesson_yue_l137_v4,維修,repairs; maintenance,,
lesson_yue_l137_v5,加租,to raise the rent,,
lesson_yue_l137_v6,續約,to renew a lease,,
lesson_yue_l137_v7,退租,to give notice; move out,,
lesson_yue_l137_v8,噪音,noise,,
lesson_yue_l137_v9,管理處,the building management office,,
lesson_yue_l137_v10,隔籬,next door,,
lesson_yue_l137_v11,好來好去,to part on good terms,,
lesson_yue_l138_v0,呃人,to cheat someone,,
lesson_yue_l138_v1,劏客,to fleece a customer,,
lesson_yue_l138_v2,睇死,to have someone down as; write them off,,
lesson_yue_l138_v3,開天殺價,to open at an outrageous price,,
lesson_yue_l138_v4,落地還錢,to come back down with your offer,,
lesson_yue_l138_v5,上當,to be taken in,,
lesson_yue_l138_v6,硬銷,to hard-sell,,
lesson_yue_l138_v7,放手,to let go; drop it,,
lesson_yue_l138_v8,解釋,to explain,,
lesson_yue_l138_v9,走數,to welch on paying,,
lesson_yue_l138_v10,追數,to chase a payment,,
lesson_yue_l138_v11,蠢,stupid,,
lesson_yue_l139_v0,火燭,a fire (the everyday word),,
lesson_yue_l139_v1,走火通道,the fire escape route,,
lesson_yue_l139_v2,疏散,to evacuate,,
lesson_yue_l139_v3,滅火筒,a fire extinguisher,,
lesson_yue_l139_v4,報警,to call the emergency services,,
lesson_yue_l139_v5,消防,the fire brigade,,
lesson_yue_l139_v6,讓開,get out of the way,,
lesson_yue_l139_v7,總掣,the mains switch,,
lesson_yue_l139_v8,現場,the scene,,
lesson_yue_l139_v9,意外,an accident,,
lesson_yue_l139_v10,冷靜,calm; keep your head,,
lesson_yue_l139_v11,封鎖,to cordon off,,
lesson_yue_l140_v0,傷者,the injured person,,
lesson_yue_l140_v1,傷口,a wound,,
lesson_yue_l140_v2,流血,to bleed,,
lesson_yue_l140_v3,止血,to stop the bleeding,,
lesson_yue_l140_v4,包紮,to bandage,,
lesson_yue_l140_v5,急救,first aid,,
lesson_yue_l140_v6,昏迷,unconscious,,
lesson_yue_l140_v7,救護車,an ambulance,,
lesson_yue_l140_v8,跌親,to have a fall,,
lesson_yue_l140_v9,撞親,to bang (a part of you),,
lesson_yue_l140_v10,夾親,"to trap or crush (a finger, a hand)",,
lesson_yue_l140_v11,睇實,to stay with; not take your eyes off,,
lesson_yue_l141_v0,漏電,an earth leak; electricity leaking,,
lesson_yue_l141_v1,觸電,to get an electric shock,,
lesson_yue_l141_v2,跳掣,for the breaker to trip,,
lesson_yue_l141_v3,短路,a short circuit,,
lesson_yue_l141_v4,停電,a power cut,,
lesson_yue_l141_v5,通風,ventilation,,
lesson_yue_l141_v6,漏氣,to leak (gas or air),,
lesson_yue_l141_v7,手套,gloves,,
lesson_yue_l141_v8,護目鏡,eye protection,,
lesson_yue_l141_v9,界親,to cut yourself,,
lesson_yue_l141_v10,頂唔住,can’t take it any more,,
lesson_yue_l141_v11,化學品,chemicals,,
lesson_yue_l142_v0,事故,an incident,,
lesson_yue_l142_v1,記錄,a record; to record,,
lesson_yue_l142_v2,證人,a witness,,
lesson_yue_l142_v3,口供,a statement,,
lesson_yue_l142_v4,工傷,a workplace injury,,
lesson_yue_l142_v5,賠償,compensation,,
lesson_yue_l142_v6,醫藥費,medical costs,,
lesson_yue_l142_v7,疏忽,negligence,,
lesson_yue_l142_v8,承認,to admit,,
lesson_yue_l142_v9,改善,to improve; put right,,
lesson_yue_l142_v10,介意,to mind,,
lesson_yue_l142_v11,趁,while (there is still time),,
lesson_yue_l143_v0,萬一,in case; if by any chance,,
lesson_yue_l143_v1,以防萬一,just in case,,
lesson_yue_l143_v2,預先,"in advance, beforehand",,
lesson_yue_l143_v3,預咗,to have counted on it already,,
lesson_yue_l143_v4,打定輸數,to brace for it going badly,,
lesson_yue_l143_v5,後路,a way out; a fallback,,
lesson_yue_l143_v6,走盞,"leeway, slack",,
lesson_yue_l143_v7,諗多一步,to think one step further,,
lesson_yue_l143_v8,唔怕一萬,it isn’t the odds you fear,,
lesson_yue_l143_v9,睇定啲,to hold off and see,,
lesson_yue_l143_v10,臨急抱佛腳,to leave it to the last minute,,
lesson_yue_l143_v11,到時先算,deal with it when it comes,,
lesson_yue_l144_v0,傳話,to pass a message along,,
lesson_yue_l144_v1,轉達,to convey on someone’s behalf,,
lesson_yue_l144_v2,聽人講,I heard; word is,,
lesson_yue_l144_v3,據講,"reportedly, they say",,
lesson_yue_l144_v4,二手消息,secondhand information,,
lesson_yue_l144_v5,有出入,there is a discrepancy,,
lesson_yue_l144_v6,添油加醋,to embellish in the retelling,,
lesson_yue_l144_v7,走漏風聲,for word to get out,,
lesson_yue_l144_v8,講明,"to say it plainly, up front",,
lesson_yue_l144_v9,落實,to confirm; to nail down,,
lesson_yue_l144_v10,誤會,a misunderstanding,,
lesson_yue_l144_v11,三口六面,"with everyone present, face to face",,
lesson_yue_l145_v0,一言為定,it’s a deal,,
lesson_yue_l145_v1,講定,to agree it in advance,,
lesson_yue_l145_v2,拍心口,to guarantee it personally,,
lesson_yue_l145_v3,唔敢保證,I can’t promise,,
lesson_yue_l145_v4,盡力而為,I’ll do what I can,,
lesson_yue_l145_v5,講得出做得到,good for your word,,
lesson_yue_l145_v6,反口,to go back on what you said,,
lesson_yue_l145_v7,反悔,to renege on something agreed,,
lesson_yue_l145_v8,甩底,"to flake, not turn up",,
lesson_yue_l145_v9,放飛機,to stand someone up,,
lesson_yue_l145_v10,爽約,to break an arrangement,,
lesson_yue_l145_v11,空口講白話,"all talk, nothing behind it",,
lesson_yue_l146_v0,話唔定,maybe; it could well be,,
lesson_yue_l146_v1,唔出奇,it wouldn’t be a surprise,,
lesson_yue_l146_v2,十有八九,eight or nine times out of ten,,
lesson_yue_l146_v3,九成,ninety per cent; near enough certain,,
lesson_yue_l146_v4,估計,to reckon; my estimate is,,
lesson_yue_l146_v5,好難講,hard to say,,
lesson_yue_l146_v6,講唔埋,there’s no telling,,
lesson_yue_l146_v7,遲早,sooner or later,,
lesson_yue_l146_v8,唔使指擬,don’t count on it,,
lesson_yue_l146_v9,十劃都未有一撇,nothing has even started,,
lesson_yue_l146_v10,苗頭,an early sign of something,,
lesson_yue_l146_v11,眉目,the first shape of a result,,
lesson_yue_l147_v0,𡃉,(particle — that's just how it is),,
lesson_yue_l147_v1,誒,"eh? / huh? — checking, or mildly surprised",,
lesson_yue_l147_v2,哦,oh — I see,,
lesson_yue_l147_v3,𠻺,(particle — softens what you just said),,
lesson_yue_l147_v4,𠸏,"(particle — huh, that's odd)",,
lesson_yue_l147_v5,嗯,"mm — yes, go on",,
lesson_yue_l147_v6,嘩,wow!,,
lesson_yue_l147_v7,吓,huh? / sorry? — didn't catch that,,
lesson_yue_l147_v8,咦,huh? — surprised,,
lesson_yue_l147_v9,呃,uh… — stalling; also: to trick someone,,
lesson_yue_l147_v10,𠻹,(particle — and on top of that),,
lesson_yue_l147_v11,哎,hey / come on — mild protest,,
lesson_yue_l147_v12,唓,pfft — dismissive,,
lesson_yue_l147_v13,一百,one hundred,,
lesson_yue_l147_v14,三十,thirty,,
lesson_yue_l147_v15,八月,August,,
lesson_yue_l98_d0,佢係咪專登唔覆我？,Is he not replying to me on purpose?,,
lesson_yue_l98_d1,難講。一時時㗎咋，唔好諗咁多。,Hard to say. It comes and goes — don’t read into it.,,
lesson_yue_l98_d2,好在我冇貿貿然打去鬧佢。,Just as well I didn’t ring up and have a go at him.,,
lesson_yue_l98_d3,卒之都係要傾。事關唔講清楚，件事唔會完。,You’ll have to talk in the end. Because until it’s said out loud it isn’t finished.,,
lesson_yue_l99_d0,頭先個細路仔喺門口做乜？,What was that kid doing at the door earlier?,,
lesson_yue_l99_d1,揾佢阿爸。個主人家出咗街。,Looking for his dad. The owner’s gone out yesterday.,,
lesson_yue_l99_d2,噉你叫佢等啦，唔好周圍走。,Tell him to wait then — don’t let him wander off.,,
lesson_yue_l99_d3,知喇。我叫咗隔籬個老人家睇住佢。,Alright. I’ve asked the old boy next door to keep an eye on him.,,
lesson_yue_l100_d0,你要咩飲品？凍檸茶定鴛鴦？,What are you drinking — iced lemon tea or a yuenyeung?,,
lesson_yue_l100_d1,鴛鴦。夜晚飲都瞓得着。,Yuenyeung. I can still sleep after one at night.,,
lesson_yue_l100_d2,食咩餸？佢哋個鐵板牛扒幾好。,What are you eating? Their sizzling steak is decent.,,
lesson_yue_l100_d3,好呀。呢間嘢好味道，就係貴咗少少。,Go on then. The food here’s good — just a bit dear yesterday.,,
lesson_yue_l101_d0,你今日幾點放工？,What time do you knock off today?,,
lesson_yue_l101_d1,六點。陣間仲要幫手搬啲貨。,Six. I’ve still got to help shift the stock in a bit.,,
lesson_yue_l101_d2,記住預早同阿曉講，唔好臨尾先。,"Remember to tell Ling ahead of time, not at the last minute.",,
lesson_yue_l101_d3,知喇。上次遲到係我唔啱。,I know. Being late last time was my fault.,,
lesson_yue_l102_d0,佢話我攞咗啲錢，根本無中生有。,He says I took the money — he’s made it up out of nothing.,,
lesson_yue_l102_d1,弊傢伙。你有冇同老細講？,That’s bad. Have you told the boss?,,
lesson_yue_l102_d2,未。講咗又怕搞到人心惶惶。,Not yet. If I do I’m afraid it’ll put the wind up everyone.,,
lesson_yue_l102_d3,噉都要講。唔講就等佢噉樣不知所謂落去。,You still have to. Say nothing and you let him carry on being a disgrace.,,
lesson_yue_l103_d0,個郵局喺邊？,Where’s the post office?,,
lesson_yue_l103_d1,商場對面，地鐵入口隔籬。,"Opposite the mall, next to the underground entrance yesterday.",,
lesson_yue_l103_d2,兩個入口，我行邊樣好？,There are two entrances — which one do I take?,,
lesson_yue_l103_d3,行右邊嗰個，行入去就見到。,The right-hand one — walk in and you’ll see it.,,
lesson_yue_l104_d0,佢近來點呀？成個月冇見。,How’s he been lately? Haven’t seen him all month.,,
lesson_yue_l104_d1,目前仲係做緊嗰份工，不過話想轉。,"For now he still has that job, but he wants a change.",,
lesson_yue_l104_d2,佢晨早就講過㗎喇。,He said that ages ago.,,
lesson_yue_l104_d3,今次似真啲。佢話一個月以內就走。,This time it sounds real. He says he’s off within the month.,,
lesson_yue_l105_d0,你講嘢真係進步咗好多。,Your speaking really has come on a lot.,,
lesson_yue_l105_d1,日日練少少，累積落嚟就有。,A little every day — it adds up over time.,,
lesson_yue_l105_d2,你點練？上堂定自己嚟？,"How do you practise — classes, or on your own yesterday?",,
lesson_yue_l105_d3,自己嚟。專心聽人講，比上堂快。,On my own. Listening properly beats a class for speed yesterday.,,
lesson_yue_l106_d0,你去邊食嘢？,Where are you going to eat?,,
lesson_yue_l106_d1,成個街口都試過，得嗰間夠地道。,I’ve tried the whole street — only that one’s properly local.,,
lesson_yue_l106_d2,貴唔貴？,Is it dear yesterday?,,
lesson_yue_l106_d3,比較上算平。根本上係街坊價。,Cheap in comparison. Basically neighbourhood prices yesterday.,,
lesson_yue_l107_d0,你隻錶幾時買㗎？,When did you buy that watch?,,
lesson_yue_l107_d1,舊年。唔係冒牌，我睇過先買。,Last year. It’s not a fake — I checked before buying.,,
lesson_yue_l107_d2,幾好睇。個背囊都襯。,Looks good. The backpack goes with it too.,,
lesson_yue_l107_d3,嗰個係私家嘢，唔係公司派。,That one’s my own — not company issue.,,
lesson_yue_l108_d0,你哋間鋪嘅租金貴唔貴？,Is the rent on your shop dear?,,
lesson_yue_l108_d1,貴。仲要另外畀車位錢。,It is. And there’s the parking on top yesterday.,,
lesson_yue_l108_d2,兩個租戶分擔唔得咩？,Can’t two tenants split it?,,
lesson_yue_l108_d3,傾過。佢話寧願取消個位。,We talked about it. He’d rather give the space up.,,
lesson_yue_l109_d0,間鋪捱得過呢個困境咩？,Can the shop get through this rough patch?,,
lesson_yue_l109_d1,搏一搏啦。唔試點知？,Have a go at it. How do you know without trying?,,
lesson_yue_l109_d2,你都幾夠膽。,You’ve got some nerve yesterday.,,
lesson_yue_l109_d3,唔係夠膽，係冇得揀。渡過咗先算。,"It isn’t nerve, it’s no choice. Get through it first, then we’ll see.",,
lesson_yue_l110_d0,今晚有煙花，你去唔去睇？,There are fireworks tonight — are you going to watch?,,
lesson_yue_l110_d1,去。不過人多，早啲出去霸位。,Yes. It’ll be packed though — go early and grab a spot.,,
lesson_yue_l110_d2,睇完去邊？,Where after?,,
lesson_yue_l110_d3,食嘢。跳舞就唔好喇，我唔識跳。,Food. Not dancing though — I can’t dance.,,
lesson_yue_l111_d0,部機而家運作得點？,How’s the machine running now yesterday?,,
lesson_yue_l111_d1,測試過三次，冇問題。,Tested it three times — no trouble.,,
lesson_yue_l111_d2,個新功能呢？連唔連到線？,And the new function? Does it connect yesterday?,,
lesson_yue_l111_d3,連到。兩部機同步埋，一齊開就得。,It does. The two sync up — just start them together.,,
lesson_yue_l112_d0,佢聲稱冇攞過，但係冇人信。,"He claims he never took it, but nobody believes him.",,
lesson_yue_l112_d1,有冇證實到？,Has it been confirmed yesterday?,,
lesson_yue_l112_d2,未。而家淨係懷疑，冇證據。,"Not yet. It’s suspicion at this point, no evidence.",,
lesson_yue_l112_d3,噉就唔好亂講。實質上你都唔知。,Then don’t go spreading it. In real terms you don’t know either.,,
lesson_yue_l113_d0,你同佢識咗好耐？,Have you known each other long?,,
lesson_yue_l113_d1,青梅竹馬，細個住隔籬。,Since we were kids — we lived next door.,,
lesson_yue_l113_d2,佢而家喺邊？,Where is he now?,,
lesson_yue_l113_d3,外國。打長途電話貴，多數用網上。,"Abroad. Long distance is dear, so mostly we do it online yesterday.",,
lesson_yue_l114_d0,呢件幾錢？,How much is this one?,,
lesson_yue_l114_d1,打八折，二百四。,Twenty percent off — two hundred and forty.,,
lesson_yue_l114_d2,我身上冇咁多現金。,I haven’t got that much cash on me.,,
lesson_yue_l114_d3,唔緊要，碌卡都得。,Never mind — card’s fine.,,
lesson_yue_l115_d0,講開又講，我上個禮拜差啲出事。嗰日送貨去新界，本來十點就應該到，點知條路封咗，兜咗個大圈，行咗成粒鐘。,"Speaking of which — I nearly came a cropper last week. That day I was running stock out to the New Territories, should have been there by ten, but the road was shut, I went right round the houses, took a solid hour.",,
lesson_yue_l115_d1,噉點呀？,So then what?,,
lesson_yue_l115_d2,到咗嗰陣個倉已經收咗工。我打電話畀阿頭，佢話等佢問吓。等咗四十五分鐘，一頭霧水，唔知係走定係留。,"By the time I got there the warehouse had knocked off. I rang the boss and he said to let him ask. Forty-five minutes I waited, completely at sea, no idea whether to go or stay.",,
lesson_yue_l115_d3,噉你點做？,So what did you do?,,
lesson_yue_l115_d4,我一嚟唔想白行，二嚟啲貨凍櫃撐唔到咁耐。講吓講吓，個保安話佢識個管倉嘅，打咗個電話，啱啱好嗰個人未走。講到尾都入到貨，不過遲咗三個鐘。,"For one thing I didn’t want a wasted trip, for another the cold box wasn’t going to hold that long. One thing led to another and the security guard said he knew the warehouse manager, made a call, and as luck would have it the man hadn’t left. In the end the stock did go in — just three hours late.",,
lesson_yue_l115_d5,噉都算好彩。,"That’s lucky, all things considered yesterday.",,
lesson_yue_l115_d6,係囖。誰不知第二日阿頭仲問我做乜咁遲，講嚟講去佢都唔記得係佢叫我等。,"Right. And then — would you believe it — next day the boss asks me why I was so late. Round and round we went, and he still didn’t remember it was him who told me to wait.",,
lesson_yue_l116_d0,老實講，我唔係想講人是非，但係佢真係唔掂。每次收工都留低一大堆手尾，第二日一定係我執。,"To be honest, I’m not one for talking about people — but he really isn’t up to it. Every time he knocks off he leaves a great pile of loose ends, and next day it’s always me clearing them.",,
lesson_yue_l116_d1,咁耐都冇人講佢？,All this time and nobody’s said anything to him?,,
lesson_yue_l116_d2,講咗好多次。最弊係佢明明知，仲一味話自己好忙。擺明係唔想做，唔係唔識做。話晒大家做咗兩年同事，我都唔想撕破面，唯有死死氣幫佢執。,"Loads of times. The worst of it is he knows perfectly well and still does nothing but say how busy he is. He plainly doesn’t want to do it — it’s not that he can’t. After all, we’ve been on the same team two years, and I don’t want a falling-out, so I grit my teeth and clear up after him.",,
lesson_yue_l116_d3,唔怪之得你成日鬼咁夜先走。,No wonder you’re always leaving so bloody late.,,
lesson_yue_l116_d4,係囖。最弊係阿頭以為係我慢。我又唔想喺佢面前篤人背脊，結果就變咗我冤枉。,"Exactly. And the worst part is the boss thinks I’m the slow one. I don’t want to go telling tales in front of him either, so I’m the one who ends up carrying it.",,
lesson_yue_l116_d5,噉樣落去唔係辦法。你講一次清楚，唔使鬧，講返啲事實就得。,"Going on like this isn’t the answer. Say it once, clearly — no need to shout, just stick to what actually happened.",,
lesson_yue_l117_d0,我尋日同阿頭傾咗好耐。佢意思係，唔係唔畀我請假，係話而家人手唔夠，即係話我請得，但係要自己揾人頂。,"I had a long talk with the boss yesterday. What he meant was, it isn’t that I can’t take leave, it’s that we’re short-handed — which is to say I can take it, but I have to find my own cover.",,
lesson_yue_l117_d1,咪就係。佢次次都係噉。,That is exactly it. He does that every single time.,,
lesson_yue_l117_d2,唔講唔知，實情係公司已經請咗兩個新人，不過未上到手。點都好，我都要揾人。提起呢樣嘢，你嗰個朋友仲想唔想做？,"You’d never know unless someone told you, but the truth of it is the company has already taken on two new people — they just aren’t up to speed yet. Either way, I still need cover. Which brings it up — does that friend of yours still want the work?",,
lesson_yue_l117_d3,佢啱啱轉咗工。不過無論點我都問吓佢。,He’s just changed jobs. But I’ll ask him regardless.,,
lesson_yue_l117_d4,唔該晒。講返請假，幸好我未買機票，如果買咗就慘。點會估到公司噉樣安排。,Thanks. Back to the leave — luckily I hadn’t bought the ticket yet; if I had I’d be sunk. Who’d have guessed they’d arrange it like that.,,
lesson_yue_l117_d5,好喇，言歸正傳，你到底邊日走？,Right — back to the point. Which day are you actually going?,,
lesson_yue_l118_d0,我講咗幾多次要影相先郁啲貨？你次次都話得，次次都冇影。,"How many times have I said photograph it before you move the stock? Every time you say yes, and every time there’s no photo.",,
lesson_yue_l118_d1,嗰陣趕住出貨，邊有時間影。你自己又唔係唔知。,We were rushing the load out — where was the time? You know that yourself.,,
lesson_yue_l118_d2,唔好意思，我插句嘴。你哋兩個講緊兩件事。,Sorry — can I cut in? You two are talking about two different things.,,
lesson_yue_l118_d3,點解？,How so?,,
lesson_yue_l118_d4,佢講嘅係嗰日趕，你講嘅係次次都趕。各有各講，講到聽日都唔會有結果。睇怕真正嘅問題係我哋根本冇時間影，唔係邊個唔肯影。,"He’s talking about that one day being a rush; you’re talking about every day being a rush. You’re each having your own conversation, and you could go at it till tomorrow with nothing to show. I reckon the real problem is that we haven’t got time to photograph at all — not that somebody won’t.",,
lesson_yue_l118_d5,唔係啩，你幫我講嘢？,"You’re not speaking up for me, surely yesterday?",,
lesson_yue_l118_d6,我唔係幫口，我淨係想收科。不如噉：出貨前十分鐘影，寫入流程，唔使邊個記住。,"I’m not taking sides — I just want to close this off. How about this: photograph it ten minutes before the load goes, and write it into the procedure, so nobody has to remember.",,
lesson_yue_l119_d0,今日同一件事我講咗三次。同姨姨講嗰陣要好聲好氣：麻煩你幫幫忙，重新包過嗰兩箱，得唔得呀？同阿明就一句：呢兩箱要重包，快手啲。上到阿頭度就變咗：兩箱標籤有問題，我建議重包，你睇下方唔方便。,"I said the same thing three times today. With the auntie it had to be gentle — sorry to trouble you, could you do me a favour and repack those two boxes? With Ah Ming it was one line: these two need repacking, look sharp. And by the time it got to the boss it had turned into: there’s a problem with the labels on two boxes, I’d suggest repacking, see whether that suits.",,
lesson_yue_l119_d1,三個版本，講到你都攰。,Three versions — no wonder you’re worn out.,,
lesson_yue_l119_d2,唔係扮嘢，係唔同人食唔同套。你同姨姨大聲夾惡，佢即刻落面，之後乜都唔肯幫你。你同阿明兜圈子，佢覺得你唔信佢。你同阿頭直接落命令，佢覺得你越權。,"It isn’t putting it on — different people take a different approach. Come at the auntie loud and hard and she loses face on the spot, and after that she won’t help you with anything. Talk round in circles with Ah Ming and he thinks you don’t trust him. Give the boss a flat instruction and he thinks you’ve overstepped.",,
lesson_yue_l119_d3,噉點先叫做啱？,So what counts as getting it right yesterday?,,
lesson_yue_l119_d4,睇對象。同一句話，畀面就做得成，得罪咗就樣樣卡住。婉轉唔係唔講，係揀個講法。,"It depends who it is. Same sentence — give them face and it gets done; offend them and everything jams. Being tactful isn’t not saying it, it’s picking how you say it.",,
lesson_yue_l119_d5,有道理。辛苦晒你教我。,That makes sense. Thanks for taking the trouble to tell me.,,
lesson_yue_l120_d0,姨姨想我星期六幫佢個仔補習。我做唔到，但係又唔想一口拒絕。,"The auntie wants me to tutor her son on Saturdays. I can’t do it, but I don’t want to turn her down flat either.",,
lesson_yue_l120_d1,噉你點答？,So how did you answer?,,
lesson_yue_l120_d2,我話：多謝姨姨睇得起，不過我星期六恐怕唔得閒，你嘅心意我心領咗。如果佢再問，我就話而家排班未定，好難話，等我睇下先。噉樣就唔使講一個唔字，佢都聽得明。,"I said: thank you for thinking of me, but I’m afraid Saturdays don’t work — it’s the thought I’ll take. If she asks again I’ll say the rota isn’t settled yet, hard to say, let me have a look. That way I never have to say the word no, and she still understands.",,
lesson_yue_l120_d3,唔怕佢覺得你搪塞？,Aren’t you worried she’ll think you’re fobbing her off?,,
lesson_yue_l120_d4,會有少少。但係推搪同拒絕唔同：推搪係留返一線，下次見面唔會尷尬。一口拒絕就冇得返轉頭。真係唔得就同佢講清楚，不過要揀個時間，唔好當住人前。,"A bit, yes. But putting someone off isn’t the same as refusing them: putting off leaves a line open, so next time you meet it isn’t awkward. A flat no can’t be walked back. If it really is no, then say so plainly — but pick your moment, not in front of everyone.",,
lesson_yue_l120_d5,噉如果佢喺人前問你呢？,And what if she asks you in front of people?,,
lesson_yue_l120_d6,嗰陣就要有人打圓場。等佢有個台階落，大家都做得落去。,Then somebody has to smooth it over. Give her a way to climb down and everyone can carry on.,,
lesson_yue_l121_d0,頭先阿明喺倉度同人拗，聲大到出面都聽到。,Ah Ming was having a row in the warehouse just now — loud enough to hear from outside.,,
lesson_yue_l121_d1,因為乜嘢？,What over?,,
lesson_yue_l121_d2,單嘢好細。有人郁咗佢張單，佢揾唔到，就火滾。其實佢谷咗氣好耐喇：連續開咗九日工，冇人幫手，講咗兩次都冇人理。今次係爆出嚟啫。,"The thing itself was tiny. Someone moved his paperwork, he couldn’t find it, and he went up. Truth is he’s been bottling it for ages — nine days straight without a break, no help, said something twice and nobody listened. This time it just came out.",,
lesson_yue_l121_d3,噉你點做？,So what did you do?,,
lesson_yue_l121_d4,我叫佢出去唞下氣。人火滾嗰陣同佢講道理係冇用嘅，越講越大鑊。等佢老定返，先慢慢傾。我自己都要忍手，唔好即刻鬧返轉頭。,"I sent him outside to get some air. Reasoning with someone while they’re up is useless — the more you say the worse it gets. Wait till he settles, then talk it through. I had to hold back myself, not fire straight back at him.",,
lesson_yue_l121_d5,沉住氣真係難。,Keeping a lid on it really is hard.,,
lesson_yue_l121_d6,難，但係喺人前收唔到口，之後就唔止一件事要收拾。,"It is. But if you can’t stop yourself in front of people, afterwards there’s more than one thing to clear up.",,
lesson_yue_l122_d0,新嚟嗰個後生仔幾醒目。今朝阿頭黑口黑面，佢一睇就知，啲問題留到下晝先問。,"That new young lad is sharp. The boss had a face on him this morning, and he clocked it straight away — saved his questions for the afternoon.",,
lesson_yue_l122_d1,噉先叫識做。,That’s what knowing how to behave looks like yesterday.,,
lesson_yue_l122_d2,係囖。呢啲嘢冇得教，只可以睇餸食飯，見機行事。有啲人做咗十年都仲係好死板：規矩點寫就點做，唔識睇眉頭眼額，明明個場面唔啱都照講落去。,"Right. You can’t teach it — you cut your coat to your cloth and play it as it comes. Some people are still rigid after ten years: whatever the rule says, that’s what they do, can’t read a face, and carry right on talking when it’s plain the moment is wrong.",,
lesson_yue_l122_d3,但係太識睇人面色又好似好假。,But being too good at reading people comes across as fake yesterday.,,
lesson_yue_l122_d4,分別喺於你係咪應酬。淨係應酬就係敷衍，人哋感覺到。真係諗住做好件事，就算講得婉轉都唔會假。,"The difference is whether you’re just going through the motions. Pure social duty is fobbing people off, and they can feel it. If you actually mean to get the thing done, saying it tactfully doesn’t make it false.",,
lesson_yue_l122_d5,講得啱。,Fair point yesterday.,,
lesson_yue_l123_d0,噚日個供應商打嚟，講咗成十五分鐘。由佢啲車講到佢個仔讀書，又講返舊年價錢點跌，講到口水乾。我一直等佢講重點，等唔到。,The supplier rang yesterday and talked for a solid fifteen minutes. From his lorries to his son’s schooling and back round to how prices fell last year — talked himself hoarse. I kept waiting for the point and it never came.,,
lesson_yue_l123_d1,噉最後有冇講到正題？,Did he get to the actual subject in the end yesterday?,,
lesson_yue_l123_d2,有，得一句：下個禮拜三加價百分之五。成十五分鐘就得嗰一句係我要嘅。我後來學乖咗，一開始就攞張紙抄低日期同數目，其他由佢講。跟唔上都唔緊要，抄到嗰兩樣就得。,"He did — one sentence: five percent up from Wednesday next week. Fifteen minutes and that one line was the bit I needed. I’ve wised up since: from the start I take a bit of paper and write down the date and the figure, and he can say what he likes. It doesn’t matter if you can’t keep up, as long as you get those two things down.",,
lesson_yue_l123_d3,佢係咪個個都咁長氣？,Is he that long-winded with everyone?,,
lesson_yue_l123_d4,佢係。有啲人一句起兩句止，你要追住問先有嘢；有啲人東拉西扯，你要識喺入面揀。兩種都要應付，唔係佢哋改，係你改。,"He is. Some people give you two sentences and stop, so you have to keep asking to get anything; some ramble all over the place and you have to know how to pick out of it. You have to handle both — they’re not going to change, you are.",,
lesson_yue_l123_d5,消化都要時間。,"Takes a while to digest, too yesterday.",,
lesson_yue_l123_d6,係。所以我唔喺電話度即刻答，我話等我睇下先，覆你。,Right. So I don’t answer on the phone — I say let me have a look and I’ll come back to you.,,
lesson_yue_l124_d0,喂？喂？聽唔聽到我講嘢？你把聲斷斷續續。,Hello? Hello? Can you hear me? You’re breaking up.,,
lesson_yue_l124_d1,我喺倉入面，訊號好差。等我行出去先。,"I’m inside the warehouse, the signal’s terrible. Let me walk outside.",,
lesson_yue_l124_d2,好啲喇。我啱啱講嘅嘢你聽到幾多？我講返一次：星期四朝早八點，兩架車，去二號門，唔係一號。你覆述一次畀我聽，我要確認。,"Better. How much of that did you get? Let me say it again: Thursday morning eight o’clock, two vehicles, gate two, not gate one. Read it back to me — I want to confirm it.",,
lesson_yue_l124_d3,星期四八點，兩架車，二號門。,"Thursday eight, two vehicles, gate two.",,
lesson_yue_l124_d4,啱。如果我唔喺度，唔好淨係收線，留個言，講清楚邊個打嚟同乜事。我見到就覆機。電話講唔清楚就打字畀我，唔好靠估。,"Right. If I’m not around, don’t just hang up — leave a message and say clearly who’s calling and what it’s about. I’ll ring back when I see it. If it won’t come across on the phone, type it to me — don’t leave it to guesswork.",,
lesson_yue_l124_d5,明白。我掛線喇。,Understood. I’ll hang up now.,,
lesson_yue_l125_d0,頭先開會，我有幾句聽漏咗。特別係佢講嗰個新流程，我一知半解，唔敢話明白。,"I missed a few lines in the meeting just now. Especially that new procedure he went through — I only half got it, and I didn’t dare say I understood.",,
lesson_yue_l125_d1,點解唔即刻問？,Why not ask on the spot?,,
lesson_yue_l125_d2,嗰陣氣氛好緊張，我怕打斷。而家諗返，其實應該問。估估下做落去，錯咗損失仲大。下次我會講：唔好意思，兜返上一句，你頭先講嘅係邊個部分？,"The atmosphere was tense and I was afraid of interrupting. Thinking about it now, I should have asked. Carrying on by guesswork costs more when it goes wrong. Next time I’ll say: sorry, can we go back a line — which part were you talking about just then?",,
lesson_yue_l125_d3,噉樣問好啲，具體過話我唔明。,"That’s a better question — more specific than just ""I don’t get it"".",,
lesson_yue_l125_d4,係。話我唔明係畀個難題人哋，佢要由頭講起。講明我聽漏咗邊一句，佢重覆嗰句就得，三十秒搞掂。,"Right. ""I don’t understand"" hands the other person a problem — they have to start from the beginning. Say which line you missed and they repeat that one line, thirty seconds and it’s done.",,
lesson_yue_l125_d5,我哋心照，個個都試過扮明白。,We both know how it is — everyone’s pretended to follow at some point.,,
lesson_yue_l126_d0,我一直以為係我耳仔問題。阿明講嘢我明晒，同一句話由陳師傅講出嚟我就聽唔明。,"I kept thinking it was my ears. I understand everything Ah Ming says, and the same sentence out of Master Chan’s mouth I can’t follow at all.",,
lesson_yue_l126_d1,陳師傅有口音㗎嘛。佢係鄉下上嚟，講開鄉下話，咬字同我哋唔同。你唔係聽唔明廣東話，你係未聽慣佢。,"Master Chan’s got an accent, hasn’t he. He came up from the village and speaks the local dialect, so he shapes his words differently from us. It isn’t that you can’t understand Cantonese — you just aren’t used to him yet.",,
lesson_yue_l126_d2,噉即係要點？,So what do I do?,,
lesson_yue_l126_d3,聽多啲，冇第二味藥。同埋唔好淨係怪自己：佢講嘢又快又含糊，成日唔清唔楚，連我哋都要問返轉頭。姨姨就相反，慢吞吞，一個字一個字，你就明晒。快人快語嗰啲最難。,"Listen to more of him, there’s no other medicine. And don’t just blame yourself — he talks fast and mumbles, half the time it’s not clear, and even we have to ask him again. The auntie’s the opposite, slow as anything, one word at a time, and you understand every bit. It’s the quick talkers that are hardest.",,
lesson_yue_l126_d4,我以前緊張到口窒窒，而家好啲。,I used to get so nervous I’d stumble over my words. It’s better now.,,
lesson_yue_l126_d5,講多咗就係噉。慢慢嚟。,That’s what talking more does. Take your time.,,
lesson_yue_l127_d0,今日你跟我。我唔會淨係講，我做一次你睇住，跟住你做一次我睇住。生手嗰陣慢啲冇所謂，最緊要每一步都做齊，唔好跳。,"You’re with me today. I’m not just going to talk — I’ll do it once while you watch, then you do it once while I watch. Slow is fine when you’re new; what matters is doing every step, not skipping any.",,
lesson_yue_l127_d1,如果我唔記得咗一步呢？,What if I forget a step?,,
lesson_yue_l127_d2,即刻問，唔好靠估。頭三日冇人會怪你問嘢，怪嘅係唔問就落手。示範完之後我會企埋一邊睇，你做，我唔出聲，除非你就快整壞嘢。,"Ask straight away, don’t guess. Nobody minds questions in the first three days — what they mind is putting your hands on it without asking. After the demonstration I’ll stand back and watch. You do it, I say nothing, unless you’re about to break something.",,
lesson_yue_l127_d3,幾耐先算上手？,How long before you count as up to speed?,,
lesson_yue_l127_d4,睇個人。有啲人一個禮拜就上手，有啲要一個月。熟能生巧，冇捷徑。手勢係練返嚟嘅，唔係睇返嚟。,"Depends on the person. Some are up to speed in a week, some take a month. Practice makes perfect and there’s no short cut — the knack comes from doing it, not from watching it.",,
lesson_yue_l127_d5,如果遇到書上冇寫嘅情況呢？,And if something comes up that isn’t in the book?,,
lesson_yue_l127_d6,嗰陣就要執生。但係執生唔等於亂嚟：做咗乜嘢一定要話返畀我知。,"Then you play it by ear. But playing it by ear isn’t doing whatever you like — whatever you did, you tell me afterwards.",,
lesson_yue_l128_d0,阿頭，有件事要即刻同你講。三號房個溫控噚晚壞咗，我今朝先發現，入面嗰批應該報廢。係我噚日收工冇再睇多次，責任喺我度。,"Boss, something I need to tell you right now. The temperature control in Room 3 failed last night, I only found it this morning, and the batch inside will have to be written off. I didn’t look again before I knocked off yesterday — that’s on me.",,
lesson_yue_l128_d1,損失幾多？,How much have we lost?,,
lesson_yue_l128_d2,大約兩成。我已經做咗三樣嘢：換咗個控制器，將其餘嗰啲搬去二號房，同埋影晒相留底。我唔係嚟認錯就算，我想同你講點樣補鑊，同埋點樣唔會再發生。,"About twenty percent. I’ve already done three things: replaced the controller, moved the rest to Room 2, and photographed everything for the record. I’m not here just to own up — I want to tell you how we fix it and how it doesn’t happen again.",,
lesson_yue_l128_d3,點解唔噚晚打畀我？,Why didn’t you ring me last night?,,
lesson_yue_l128_d4,因為我噚晚都唔知。呢個先係真正嘅問題：而家冇警報，壞咗都冇人知。我建議裝個溫度警報，唔使靠人記得。亡羊補牢，總好過下次再嚟一次。,"Because I didn’t know last night either. That’s the real problem: there’s no alarm, so it can fail and nobody knows. I’d put a temperature alarm on it rather than relying on someone remembering. Shutting the gate after the horse has gone, but better than doing this again.",,
lesson_yue_l128_d5,好。你去搞掂。多謝你冇瞞住我。,Right. Go and sort it. Thanks for not keeping it from me.,,
lesson_yue_l129_d0,佢哋開價加百分之十二。我覺得太多，但係我唔想一口拒絕，因為佢哋係得嗰兩間肯送到我哋度。,"They’ve opened at twelve percent up. I think that’s too much, but I don’t want to turn it down flat, because they’re one of only two who’ll deliver out to us.",,
lesson_yue_l129_d1,你個底線係幾多？,What’s your bottom line yesterday?,,
lesson_yue_l129_d2,五。所以我還價三，畀個空間佢哋還返上嚟。講數唔係鬥惡，係揾個大家都收得貨嘅位。我會噉講：我理解你哋成本升咗，不過我哋落單量都升咗，拉勻計，加五我哋仲做得落去；加十二我要揾第二間，兩邊都蝕底。,"Five. So I’ll come back at three and leave them room to come up. Bargaining isn’t about who can be more aggressive, it’s finding a spot both sides can accept. I’ll say: I understand your costs have gone up, but our order volume has gone up too, and averaged out, five percent and we can carry on; twelve and I have to find someone else, and we both lose.",,
lesson_yue_l129_d3,如果佢哋唔肯讓步呢？,And if they won’t give any ground?,,
lesson_yue_l129_d4,噉就折衷：價錢照佢，但係要佢哋一個禮拜送兩次，同埋畀多三十日數期。唔一定要贏個價，可以贏第二樣。傾掂咗就即刻寫低，唔好淨係口頭講。,"Then we split the difference: they get their price, but they deliver twice a week and give us another thirty days to pay. You don’t have to win on price, you can win on something else. And the moment it’s agreed, write it down — don’t leave it spoken.",,
lesson_yue_l129_d5,最尾打和都算贏。,"Ending level counts as winning, in the end yesterday.",,
lesson_yue_l130_d0,星期五之前要清晒三號同四號。我哋分工：你同阿明做三號，姨姨同我做四號。邊個做完先，就過去幫另一邊，唔好企喺度等。,"Both Room 3 and Room 4 have to be cleared by Friday. We’ll split it: you and Ah Ming on 3, the auntie and me on 4. Whoever finishes first goes and helps the other side — don’t stand about waiting.",,
lesson_yue_l130_d1,如果阿明星期四放假呢？,What if Ah Ming’s off on Thursday?,,
lesson_yue_l130_d2,噉就要揾人頂更。我睇下個更表先。最緊要係星期五個死線郁唔到，客等緊。所以由今日開始我每日收工前問你一次進度，唔係唔信你，係怕臨門先知趕唔切。,"Then we find someone to cover the shift. Let me look at the rota first. The thing that can’t move is Friday — the customer’s waiting. So from today I’ll ask you where you are once a day before we knock off. It isn’t that I don’t trust you, it’s that I don’t want to find out at the last minute that we won’t make it.",,
lesson_yue_l130_d3,唔使催，我一定交到。,No need to chase me — I’ll get it in.,,
lesson_yue_l130_d4,我唔係催你。催係到咗最後兩日先做嘅嘢。而家問一句係跟進，兩者唔同：跟進係我幫你早啲揾到問題，催係我已經冇辦法。如果中途發現趕唔切，越早講越好，我仲可以排期或者加人。臨門先講，我就得個嬲字。,"I’m not chasing you. Chasing is what you do in the last two days. Asking now is following up, and they’re different: following up is me helping you find the problem early, chasing is me already out of options. If you spot halfway through that we won’t make it, the earlier you say the better — I can still reschedule or put more people on. Tell me at the door and all I can do is be annoyed.",,
lesson_yue_l130_d5,明白。我一個人一腳踢嗰陣就係噉出事。,Understood. That’s exactly how it went wrong when I was doing the whole lot single-handed.,,
lesson_yue_l131_d0,你返咗嚟半年，同啲師傅仲係唔多熟絡。唔係你做得唔好，係你收工就走，開工前嗰十分鐘你都唔喺度。,"You’ve been here six months and you’re still not really in with the older hands. It isn’t that you do the job badly — it’s that you leave the moment you finish, and you’re not around for those ten minutes before the shift starts.",,
lesson_yue_l131_d1,我唔知講乜好，怕搭錯嘴。,I never know what to say — afraid of chipping in wrong.,,
lesson_yue_l131_d2,冇人要你講嘢。你早十分鐘到，倒杯茶，聽佢哋講。第三日你就會知邊個個仔考緊試、邊個部車壞咗。到你搭一句嘴，就唔會唔啱位。埋堆唔係擦鞋，係畀人知道你係邊個。,"Nobody’s asking you to talk. Get in ten minutes early, pour a cup of tea, listen to them. By day three you’ll know whose son has exams and whose van has broken down. By the time you do chip in, it won’t land wrong. Getting in with people isn’t crawling — it’s letting them know who you are.",,
lesson_yue_l131_d3,但係我同佢哋差咁遠。,But I’m so different from them.,,
lesson_yue_l131_d4,面熟就夠。頭一個月佢哋淨係想知你係咪長做。你日日喺度，佢哋自然當你自己人。你太客氣反而見外——同姨姨講唔該晒唔該晒，佢會覺得你當佢係外人。,Being a familiar face is enough. That first month all they want to know is whether you’re staying. Turn up every day and they’ll take you as one of their own. Being too polite actually pushes them away — thank an auntie over and over and she’ll feel you’re treating her as an outsider.,,
lesson_yue_l131_d5,噉幾時先算相熟？,So when do you count as close?,,
lesson_yue_l131_d6,佢開始寸你嗰陣。,When they start taking the mickey out of you.,,
lesson_yue_l132_d0,姨姨今日問我幾多歲、結咗婚未、人工幾多。我當時唔知點答，企喺度面紅。,"The auntie asked me today how old I am, whether I’m married, and what I earn. I didn’t know what to say — just stood there going red.",,
lesson_yue_l132_d1,佢唔係八卦，佢係想同你熟。喺佢嗰代，問呢啲就係關心。你答唔答得幾多都得，最緊要唔好板住塊面。,"She’s not being nosy, she’s trying to get to know you. In her generation, asking that is how you show you care. Answer as much or as little as you like — what matters is not putting on a stony face.",,
lesson_yue_l132_d2,噉人工嗰條呢？,And the salary one yesterday?,,
lesson_yue_l132_d3,笑住岔開就得：夠食啫，唔夠買樓。跟住即刻問返佢——你嗰陣做呢行人工點呀？佢就會講三十年前嘅嘢，你就冇事。答一半、問返一句，係最有用嘅招。你唔答又唔問，就變咗有嘢瞞住。,"Laugh and steer it off: enough to eat, not enough to buy a flat. Then ask her straight back — what did this trade pay in your day? She’ll be off on thirty years ago and you’re fine. Answer half and ask one back — that’s the most useful move there is. Say nothing and ask nothing, and it starts to look like you’re hiding something.",,
lesson_yue_l132_d4,如果真係唔想講呢？,And if I really don’t want to say?,,
lesson_yue_l132_d5,噉就直接講：呢啲私事，畀我保留啦。講得笑笑口冇人會嬲。人哋覺得你面皮薄，之後就唔會再問。真正冒犯嘅唔係唔答，係好似當人哋唔應該問。,"Then just say it: that’s private, let me keep that one. Say it with a smile and nobody minds. They’ll decide you’re shy about it and stop asking. What actually offends isn’t declining to answer — it’s acting as though they had no business asking.",,
lesson_yue_l133_d0,佢哋成日笑我啲廣東話，仲學我把聲。我唔知應該笑定係嬲。,They keep laughing at my Cantonese and doing impressions of my voice. I don’t know whether to laugh or be annoyed.,,
lesson_yue_l133_d1,佢哋玩你，即係當你自己人。你留意下：佢哋玩唔玩阿陳？唔玩。因為佢哋同阿陳唔熟。玩得你，係好事。,"They’re winding you up, which means they count you as one of their own. Notice something: do they wind up Ah Chan? No. Because they’re not close to Ah Chan. Being teased is a good sign.",,
lesson_yue_l133_d2,噉幾時先算過咗火？,So when has it gone too far yesterday?,,
lesson_yue_l133_d3,分別喺於有冇人喺場。同你兩個人玩，係玩嘢；當住十個人講到你做唔到嘢，就係蝦人。仲有一樣：玩你嘅嘢係咪你改得到。笑你把聲得，笑你屋企就唔得。真係過咗火，你笑住講一句咪玩啦，跟住轉話題。九成人聽得明。,"The difference is whether there’s an audience. Between the two of you it’s a wind-up; in front of ten people, saying you can’t do the job, that’s bullying. And one more: is the thing they’re teasing you about something you can change? Laughing at your accent is fine, laughing at your family isn’t. If it really has gone too far, smile and say give over, then change the subject. Nine out of ten will take the hint.",,
lesson_yue_l133_d4,如果佢唔收手呢？,And if he doesn’t stop?,,
lesson_yue_l133_d5,噉就唔係玩笑嘞。私底下同佢講一次，唔使大聲。心水清嘅人一次就夠。,"Then it isn’t a joke any more. Say it to him once, in private, without raising your voice. Anyone with any sense only needs telling once.",,
lesson_yue_l134_d0,陳師傅話要照舊做法。我知佢唔啱，但係佢做咗三十年，我做咗半年。我點講？,"Master Chan says we do it the old way. I know he’s wrong, but he’s been at it thirty years and I’ve been here six months. How do I say it?",,
lesson_yue_l134_d1,唔好一開口就反對。先問，唔好斷症。你問佢：師傅，舊做法我未見過，你當年點解揀呢個方法？佢一講，你就知佢係咪有你唔知嘅原因——好多時真係有。,"Don’t open with opposition. Ask first, don’t diagnose. Say: Master, I’ve never seen the old way — why did you pick that method back then? The moment he explains, you’ll know whether he has a reason you don’t — and very often he does.",,
lesson_yue_l134_d2,如果佢真係冇原因，淨係習慣呢？,And if there’s no reason and it’s just habit yesterday?,,
lesson_yue_l134_d3,噉你就講你嘅睇法，唔好講佢錯。兩個講法差好遠。話你噉樣做唔啱係打佢；話我有個諗法你聽下啱唔啱，就係擺喺枱面畀大家睇。跟住畀數據，唔好淨係講感覺。佢唔係怕新方法，佢係怕喺後生仔面前落面。,"Then give your view, don’t tell him he’s wrong. Those are very different: ""you’re doing it wrong"" is a hit at him; ""I’ve got an idea, tell me if it holds up"" puts it on the table for everyone to look at. Then bring numbers, not feelings. He isn’t afraid of a new method — he’s afraid of losing face in front of a younger man.",,
lesson_yue_l134_d4,如果傾完佢都企硬呢？,And if he still won’t budge after all that?,,
lesson_yue_l134_d5,噉就睇件事有幾大。細事就遷就佢，留返個人情。大事——會傷人或者蝕大錢——你就要企硬，不過要私底下同阿頭講，唔好當眾同佢對撼。見仁見智唔適用喺安全嗰啲嘢度。,"Then it depends how big it is. Small things, give way and bank the goodwill. Big ones — where someone gets hurt or serious money is lost — you hold, but you take it to the boss privately rather than squaring up in public. ""Each to their own"" doesn’t apply to safety.",,
lesson_yue_l135_d0,唔好意思，呢部機我上個禮拜買，用咗三次就唔着。我想退貨。,Excuse me — I bought this last week and it stopped switching on after three goes. I’d like to return it.,,
lesson_yue_l135_d1,退貨要七日內。你已經過咗期，最多換貨。,Returns are within seven days. You’re past that — the most we can do is exchange it.,,
lesson_yue_l135_d2,我張收據寫住九號，今日十四號，係第六日。我唔係想為難你，你睇下張單先。如果真係過咗期，我認；如果冇過，我想按返你哋自己寫嘅規矩做。,"My receipt says the ninth, today’s the fourteenth — that’s day six. I’m not trying to make life difficult for you, just have a look at the receipt. If I really am past it, I’ll accept that; if I’m not, I’d like it done by the rule you wrote yourselves.",,
lesson_yue_l135_d3,等等，我睇下……哦，係第六日。不過我要問下經理。,"Hold on, let me look… oh, it is day six. But I’ll have to ask the manager.",,
lesson_yue_l135_d4,冇問題，我等。如果佢話唔得，我想直接同話事人講一次，唔係想投訴你。你已經幫咗我。,"No problem, I’ll wait. If he says no, I’d like to speak to whoever decides — not to complain about you. You’ve already helped me.",,
lesson_yue_l135_d5,明白。我幫你講。,Understood. I’ll put it to him for you.,,
lesson_yue_l136_d0,醫生，我呢幾日唔舒服。,"Doctor, I’ve not been well these last few days.",,
lesson_yue_l136_d1,邊度唔舒服？點樣唔舒服？,Where isn’t right? In what way?,,
lesson_yue_l136_d2,右邊呢度，一陣陣噉刺痛，唔係一直痛。星期一開始，早上最犀利，行動就好啲。冇發燒，但係有少少頭暈，同埋冇乜胃口。噚晚瞓唔着，痛醒過兩次。,"Here on the right — a stabbing pain that comes and goes, not constant. It started Monday, worst in the mornings, better once I’m moving. No fever, but a bit light-headed, and not much appetite. Last night I couldn’t sleep — it woke me twice.",,
lesson_yue_l136_d3,有冇作嘔？食過藥未？,Any nausea? Have you taken anything?,,
lesson_yue_l136_d4,有少少作嘔，冇嘔。食咗兩日止痛藥，好返一陣就返轉頭。我對消炎藥敏感，之前起過紅疹。,"A bit of nausea, no vomiting. I took painkillers for two days — it eases for a while then comes back. I’m allergic to anti-inflammatories; I came out in a rash before.",,
lesson_yue_l136_d5,好，你講得好清楚。我開張紙去化驗，一個禮拜後覆診。,Good — that’s very clear. I’ll write you up for tests; come back in a week.,,
lesson_yue_l137_d0,林太，廁所漏水六個禮拜嘞。我打咗三次電話，你話揾人嚟，到而家都未見人。,"Mrs Lam, the bathroom’s been leaking six weeks now. I’ve rung three times, you said you’d get someone, and nobody has come.",,
lesson_yue_l137_d1,師傅好難約㗎嘛。,"Tradesmen are hard to book, you know.",,
lesson_yue_l137_d2,我明白。不過我哋租約寫住維修係業主負責，而家樓下都投訴咗，管理處都嚟過睇。我唔想搞到大家唔開心：你畀個日期我，我請假等師傅。如果呢個禮拜約唔到，我就自己揾人整，同你扣返租，收據畀返你。,"I understand. But our tenancy says repairs are the landlord’s, the flat below has complained now, and management have been up to look. I don’t want this to turn sour: give me a date and I’ll take the day off to let the man in. If it can’t be booked this week, I’ll get someone myself, take it off the rent, and give you the receipt.",,
lesson_yue_l137_d3,噉樣唔使咁絕啩。,There’s no need to be so final about it yesterday.,,
lesson_yue_l137_d4,我唔係想絕。我住咗三年，交足租，冇拖過。續唔續約我都想同你好來好去。但係漏咗六個禮拜，隔籬屋都受影響，我唔可以再等。,"I’m not trying to be. I’ve been here three years, paid the rent in full, never late. Whether we renew or not I’d like us to part on good terms. But it’s been leaking six weeks, the neighbours are affected, and I can’t wait any longer.",,
lesson_yue_l137_d5,好啦好啦，我星期四揾到人。,"All right, all right — I’ll have someone Thursday.",,
lesson_yue_l138_d0,嗰個司機兜咗成個大圈，錶跳咗成一百八。平時六十蚊。,That driver took me right round the houses — meter came to a hundred and eighty. It’s normally sixty.,,
lesson_yue_l138_d1,佢睇死你唔識路。呢啲叫劏客。你當時點做？,He had you down as not knowing the way. That’s what fleecing a customer looks like. What did you do at the time?,,
lesson_yue_l138_d2,我畀咗錢。而家諗返好嬲。,"I paid. Thinking about it now, I’m furious.",,
lesson_yue_l138_d3,下次唔使嘈，講兩句就得：唔該行大路，我趕時間。上車嗰陣講，唔係落車先講。佢知你識路，就唔會試。同一道理喺鋪頭：佢開天殺價，你就落地還錢，唔好覺得唔好意思。做生意嘅人唔會嬲你還價，佢哋嬲嘅係你唔買又扮買。,"Next time don’t make a scene — two sentences will do: main road please, I’m in a hurry. Say it getting in, not getting out. Once he knows you know the way, he won’t try. Same principle in a shop: they open sky-high, you come back down to earth, and don’t feel awkward about it. Traders don’t mind you haggling — what they mind is you pretending to buy when you won’t.",,
lesson_yue_l138_d4,如果佢硬銷，唔畀我走呢？,And if they hard-sell and won’t let me leave?,,
lesson_yue_l138_d5,唔好解釋。解釋就係畀佢傾落去嘅位。笑住講：唔使喇，唔該。跟住行。你越有禮貌又越唔停低，佢越快放手。上一次當，學一次乖，唔使覺得自己蠢。,"Don’t explain. Explaining gives them something to work with. Smile and say: no thanks. Then walk. The more polite you are and the less you stop, the quicker they let go. Once bitten, once wiser — no need to feel stupid about it.",,
lesson_yue_l139_d0,火燭呀！四號房！全部人出走火通道，唔好搭𨋢！,Fire! Room 4! Everyone out by the fire stairs — don’t use the lift!,,
lesson_yue_l139_d1,我去攞滅火筒。,I’ll get the extinguisher.,,
lesson_yue_l139_d2,唔好。你去報警，講清楚地址同幾多人。阿明去熄總掣。其他人跟我行，數住人頭，一個都唔好漏。細火先用筒，唔知係咩火就唔好掂。,"No. You call it in — give them the address and how many people. Ah Ming kills the mains. Everyone else follows me, count heads, nobody gets left. Extinguisher for a small fire only; if you don’t know what’s burning, don’t touch it.",,
lesson_yue_l139_d3,姨姨仲喺入面！,The auntie’s still inside!,,
lesson_yue_l139_d4,我入去。你哋喺出面等，唔好跟我入嚟。企遠啲，讓開條路畀消防。,I’m going in. You wait outside — don’t follow me. Stand well back and keep the road clear for the fire brigade.,,
lesson_yue_l139_d5,知道！,Got it yesterday!,,
lesson_yue_l140_d0,阿華跌親！三號房！,Ah Wah’s had a fall! Room 3!,,
lesson_yue_l140_d1,佢清唔清醒？流唔流血？,Is he conscious? Is he bleeding?,,
lesson_yue_l140_d2,清醒，識講嘢。右手手臂有個傷口，流緊血，唔算好深。佢話落地嗰陣撞親個頭，但係冇暈。,"Conscious, talking. There’s a wound on his right forearm, bleeding, not too deep. He says he hit his head on the way down but he didn’t black out.",,
lesson_yue_l140_d3,撞親個頭就唔好郁佢。我打九九九。你用乾淨布按住個傷口止血，按實唔好放。唔好畀佢企起身，唔好畀佢飲水。有冇人喺度睇實佢？,"If he hit his head, don’t move him. I’m ringing 999. Press a clean cloth on the wound to stop the bleeding — press hard and don’t let go. Don’t let him stand up and don’t give him water. Is somebody with him?",,
lesson_yue_l140_d4,姨姨喺度。要唔要包紮？,The auntie’s with him. Should we bandage it?,,
lesson_yue_l140_d5,按住就夠，救護車就到。有人落樓下等，帶佢哋上嚟，唔好等佢哋自己揾。同埋唔好搞亂現場，等陣要影相。,"Pressure’s enough, the ambulance is nearly here. Someone go down and wait for them and bring them up — don’t make them find it. And don’t disturb the scene, we’ll need photographs.",,
lesson_yue_l141_d0,二號房又跳掣。今個禮拜第三次。,Room 2’s tripped again. Third time this week.,,
lesson_yue_l141_d1,唔好一路撳返上去算數。跳三次即係有嘢，可能漏電或者短路。有水滴落個插蘇度未？,Don’t just keep flicking it back on. Three trips means something’s wrong — could be a leak to earth or a short. Has water been dripping onto that socket?,,
lesson_yue_l141_d2,有可能。上面條喉滲緊水。,Could be. The pipe above it is seeping.,,
lesson_yue_l141_d3,噉就唔好再開。熄總掣，圍住嗰忽，貼張紙寫住唔好開。等電工嚟先。水加電唔係小事，觸電一次就夠。同埋做嘢戴手套同護目鏡，唔好嫌麻煩——我見過有人界親隻手，縫咗六針。,"Then don’t switch it on again. Kill the mains, rope that section off, and stick a note on it saying not to. Wait for the sparky. Water plus electricity isn’t a small thing — one shock is enough. And wear gloves and eye protection, don’t think it’s a faff: I’ve seen someone cut their hand open and take six stitches.",,
lesson_yue_l141_d4,四號房又焗又焗，通風扇好似細咗。,Room 4’s stifling — the extractor seems weaker.,,
lesson_yue_l141_d5,今日開埋門做嘢，聞到有咩味即刻出去，唔好頂住。頂唔住就出，冇人會怪你。,"Work with the door open today, and if you smell anything, out straight away — don’t tough it out. If you can’t take it, leave; nobody will hold it against you.",,
lesson_yue_l142_d0,阿華點呀？,How’s Ah Wah yesterday?,,
lesson_yue_l142_d1,縫咗針，照過頭冇事，休息兩個禮拜。我聽日去睇佢。,"Stitched up, head scan was clear, two weeks off. I’m going to see him tomorrow.",,
lesson_yue_l142_d2,好。頭先我大聲咗，同大家講聲唔好意思。嗰陣要人即刻郁，冇時間好聲好氣。而家冇事喇，我哋慢慢傾。,"Good. I shouted at people earlier — I want to say sorry for that. I needed everyone moving that second and there was no time to be gentle. It’s over now, so let’s take it slowly.",,
lesson_yue_l142_d3,冇人介意，嗰陣係應該噉。,Nobody minded — that’s how it should be at the time.,,
lesson_yue_l142_d4,今日之內要做三樣嘢。一，寫份事故記錄：幾點、邊度、點樣發生、邊個喺場。二，同兩個證人錄低佢哋見到咩，趁記得。三，報工傷，唔好拖，佢啲醫藥費同人工要跟得到。至於點解會濕地板，我唔係想追究邊個疏忽，我想知點樣改善——排水定係換塊墊，我哋今個禮拜就要決定。,"Three things today. One, write the incident record: time, place, how it happened, who was there. Two, get two witnesses to put down what they saw, while they still remember. Three, report it as a workplace injury and don’t let it drag — his medical costs and his wages have to follow. As for why the floor was wet, I’m not looking for whose negligence it was, I want to know how we change it — drainage or a different mat, and we decide this week.",,
lesson_yue_l142_d5,我今晚寫好份記錄畀你。,I’ll have the record written for you tonight.,,
lesson_yue_l143_d0,下星期三嗰車貨，我想同你講定先。萬一司機塞車、或者倉底唔夠位，你要點做？我唔係想你即場諗，我想你今日就諗定。預先安排好過臨急抱佛腳，走盞留多兩個鐘，唔怕一萬，最怕萬一。,"That load next Wednesday — I want it settled with you now. If the driver hits traffic, or there’s no room at the back of the store, what do you do? I don’t want you working it out on the spot, I want you to have worked it out today. Arranging it in advance beats scrambling at the last minute. Leave two hours of slack. It isn’t the ten thousand times you worry about, it’s the one.",,
lesson_yue_l143_d1,明白。我打定輸數，當佢一定會遲。,Understood. I’ll assume the worst and treat him as late.,,
lesson_yue_l143_d2,噉就啱。仲有，貨單影多份留底，以防萬一佢話冇收過。,"Right. And copy the delivery note and keep one, just in case he says he never got it.",,
lesson_yue_l143_d3,噉如果真係出事呢？,And if it really does go wrong yesterday?,,
lesson_yue_l143_d4,所以要有後路。做唔切就即刻話我知，唔好等到最後一日先講。諗多一步唔會蝕底。,"That’s why you need a way out. If you can’t get it done, tell me straight away — don’t wait until the last day. Thinking one step further never costs you.",,
lesson_yue_l143_d5,噉如果我睇定啲，等佢確認咗先落單，係咪反而會遲？,And if I hold off and wait for him to confirm before I order — doesn’t that make it later?,,
lesson_yue_l143_d6,睇定啲同到時先算，係兩件事。睇定啲係等多啲料先郁；到時先算係根本冇諗過。我要你做前面嗰樣。,Holding off and dealing-with-it-when-it-comes are two different things. Holding off is waiting for more information before you move. Dealing with it when it comes is not having thought about it at all. I want the first one.,,
lesson_yue_l144_d0,喂，我聽人講，你話下個月要減人手？,Hey — word is you said we’re cutting staff next month?,,
lesson_yue_l144_d1,我幾時講過？我同阿玲講嘅係，下個月排更要早啲出。點解傳到你度變咗減人手？中間隔咗幾多個人？呢啲二手消息，一個傳一個，梗係添油加醋。你聽到嘅同我講嘅已經有出入，我而家講明：冇人走，得排更改。,"When did I say that? What I said to Ah Ling was that next month’s rota needs to come out earlier. How does that reach you as cutting staff? How many people did it pass through? Secondhand stuff, one person to the next — of course it gets embellished. What you heard and what I said are already different, so let me say it plainly: nobody’s going, only the rota changes.",,
lesson_yue_l144_d2,唉，我都話唔係噉樣。噉我幫你講返轉頭？,I did say that didn’t sound right. Want me to go back and tell them?,,
lesson_yue_l144_d3,唔使你傳。呢啲嘢傳話越傳越衰。我自己同佢哋講。,Don’t pass it on. This kind of thing only gets worse the more mouths it goes through. I’ll tell them myself.,,
lesson_yue_l144_d4,但係已經走漏風聲，大家都知咗。有人仲話據講連阿玲都同意咗。,But word’s already out — everyone knows. Someone’s even saying that supposedly Ah Ling agreed to it.,,
lesson_yue_l144_d5,知咗錯嘅嘢，唔算知，係誤會。聽日開會我三口六面講一次，邊個聽過邊個都喺度，冇得再轉。有咩問題即場問，唔好散咗會再私底下傳。,"Knowing the wrong thing isn’t knowing, it’s a misunderstanding. Tomorrow at the meeting I’ll say it once with everyone in the room — whoever heard it is there, no more turning it. Any questions, ask on the spot, don’t wait till the meeting breaks up and pass it round quietly.",,
lesson_yue_l144_d6,好。噉我等你講咗先，唔會再同人講。,Fine. I’ll wait until you’ve said it and not mention it to anyone.,,
lesson_yue_l144_d7,唔該。未落實嘅嘢，最好一個字都唔好傳。,"Thank you. Anything that isn’t confirmed, best not to pass on a single word of it.",,
lesson_yue_l145_d0,你尋日話會嚟幫手，點解冇出現？,You said yesterday you’d come and help. Why didn’t you show?,,
lesson_yue_l145_d1,唉，臨時有嘢。我知我甩底，對唔住。,Ah — something came up last minute. I know I flaked. Sorry.,,
lesson_yue_l145_d2,甩底唔係最弊。最弊係你當日拍心口話一定得，仲叫我唔使揾第二個。我信咗你，就冇再問人。如果你嗰陣講唔敢保證，或者話盡力而為，我會照樣揾多一個人頂住。你講得出做得到我先敢再排你入更表；講咗當做咗，我唔敢。,"Flaking isn’t the worst of it. The worst is that on the day you swore blind it was fine, and told me not to find anyone else. I trusted you, so I stopped asking around. If you’d said you couldn’t promise, or that you’d do your best, I’d still have lined someone up to cover. I only dare put you back on the rota if you’re good for your word — if saying it counts as doing it, I don’t dare.",,
lesson_yue_l145_d3,我知。我唔應該噉樣。下次我唔敢輕易應承。,I know. I shouldn’t have done that. Next time I won’t say yes so easily.,,
lesson_yue_l145_d4,唔係叫你唔好應承。應承之前諗清楚，做唔到就早啲講，唔好等到當日先放人飛機。,"I’m not telling you never to say yes. Think it through before you do, and if you can’t manage it say so early — don’t leave someone standing on the day.",,
lesson_yue_l145_d5,係。噉今次點算？,Right. So what about this time?,,
lesson_yue_l145_d6,今次算數。但我哋一言為定：下星期六你返，你今日答我，答咗就唔好反口。,"This one we let go. But we shake on it: you work next Saturday. Answer me today, and once you’ve answered, don’t go back on it.",,
lesson_yue_l145_d7,一言為定。我返。,Deal. I’ll be there.,,
lesson_yue_l146_d0,姨姨，你話新嚟嗰個經理會唔會改晒啲流程？,Auntie — do you reckon the new manager will change all our procedures?,,
lesson_yue_l146_d1,好難講。我做咗十幾年，見過四個經理。頭三個嚟到都話要改，改咗兩三個月就冇聲氣，十有八九都係噉。呢個我睇苗頭唔同啲，佢第一日就落嚟睇貨，仲問我哋做嘢嗰陣邊度最阻手。噉樣嘅人，話唔定真係會郁。不過而家講都係太早，十劃都未有一撇，等佢過咗三個月試用期先算。,"Hard to say. I’ve been here over ten years and seen four managers. The first three all arrived saying they’d change things, and two or three months in it went quiet — that’s eight or nine times out of ten. This one looks different to me: first day he came down to look at the stock, and asked us where the work actually gets held up. Someone like that, it could well be he really moves. But it’s too early to say — the first stroke isn’t even down. Wait till he’s through his three months.",,
lesson_yue_l146_d2,噉你估佢會唔會加人手？,So do you think he’ll take more people on?,,
lesson_yue_l146_d3,估計唔會，起碼今年唔會。加人要錢，佢啱啱嚟，唔會第一件事就同上面攞錢。,"I reckon not — not this year, anyway. Hiring costs money, and he’s only just arrived. He’s not going to make asking upstairs for money his first act.",,
lesson_yue_l146_d4,噉遲早都要加㗎啦，做唔切喎。,He’ll have to sooner or later though — we can’t keep up.,,
lesson_yue_l146_d5,遲早係遲早，可能係聽年。唔使指擬佢下個月就加，九成會拖，唔出奇。,"Sooner or later is sooner or later — it might be next year. Don’t count on him hiring next month. Ninety per cent it drags, and that wouldn’t surprise anyone.",,
lesson_yue_l146_d6,噉我聽日問佢好唔好？,Should I just ask him tomorrow?,,
lesson_yue_l146_d7,講唔埋。有啲人鍾意人問，有啲人覺得你迫佢。等有咗眉目先問，唔急嘅。,"No telling. Some people like being asked; some feel you’re pushing them. Wait till it starts taking shape, then ask. There’s no rush.",,
lesson_yue_l147_d0,喂！咦，你頭髮剪短咗喎。,Hey! Oh — you've cut your hair short yesterday.,,
lesson_yue_l147_d1,嗯。八月剪嘅。,Mm. Cut it back in August.,,
lesson_yue_l147_d2,嘩，好靚喎。幾錢呀？,"Wow, it looks great. How much?",,
lesson_yue_l147_d3,一百蚊咋。,Only a hundred dollars.,,
lesson_yue_l147_d4,吓？咁平𠸏？,Huh? That cheap?,,
lesson_yue_l147_d5,係呀。不過要等成三十分鐘。,Yeah. But you wait a good thirty minutes.,,
lesson_yue_l147_d6,呃⋯⋯咁我都去試吓。,Uh… then I'll give it a go too.,,
lesson_yue_l147_d7,去啦。仲有學生折𠻹。,Go on. There's a student discount as well.,,
lesson_yue_l147_d8,誒？真係？,Eh? Really yesterday?,,
lesson_yue_l147_d9,哦，你唔係學生喎。唓。,Oh — you're not a student. Pfft.,,
lesson_yue_l147_d10,哎，唔好玩啦𠻺。,"Come on, stop winding me up.",,
lesson_yue_l147_d11,講笑𡃉。一齊去囉。,I'm only joking. Let's go together.,,
slang_yue_點呀,點呀,what’s up? / well?,,
slang_yue_冇乜點,冇乜點,not much — the standard reply to 點呀,,
slang_yue_點都好,點都好,either way / whatever happens,,
slang_yue_喂,喂,oi / hey — how you get someone’s attention,,
slang_yue_好正,好正,brilliant / spot on,,
slang_yue_好嘢,好嘢,nice one / well done,,
slang_yue_掂,掂,sorted / all good,,
slang_yue_唔掂,唔掂,not going well / not working out,,
slang_yue_弊,弊,damn / uh-oh,,
slang_yue_死啦,死啦,oh no / I’m done for — nothing to do with dying,,
slang_yue_慘,慘,rough / miserable,,
slang_yue_攰,攰,knackered,,
slang_yue_頂唔順,頂唔順,can’t stand it any more,,
slang_yue_醒目,醒目,sharp / on the ball,,
slang_yue_有型,有型,stylish / cool,,
slang_yue_老友,老友,mate / old friend,,
slang_yue_論盡,論盡,clumsy / all fingers and thumbs,,
slang_yue_執生,執生,to improvise / wing it,,
slang_yue_蛇王,蛇王,"to skive off (王 shifts wong4→wong2, as it often does in slang)",,
slang_yue_撞板,撞板,to come unstuck / mess it up,,
slang_yue_大鑊,大鑊,big trouble,,
slang_yue_冇眼睇,冇眼睇,can’t bear to watch,,
slang_yue_玩嘢,玩嘢,to mess about / pull a stunt,,
slang_yue_講笑啫,講笑啫,only joking,,
slang_yue_慳返啖氣,慳返啖氣,save your breath,,
slang_yue_冇所謂,冇所謂,don’t mind / makes no odds,,
slang_yue_求其,求其,any old way / not fussed,,
slang_yue_是但,是但,whatever / either will do,,
slang_yue_有排,有排,a long way to go yet,,
slang_yue_冇符,冇符,nothing you can do about it,,
slang_yue_頭痕,頭痕,a headache / a real problem,,
slang_yue_唔使旨意,唔使旨意,don’t count on it,,
slang_yue_妖,妖,ugh / for goodness sake — a whole curse compressed into one syllable,,
slang_yue_咪玩啦,咪玩啦,pack it in / stop messing about,,
slang_yue_咪嘈,咪嘈,keep it down,,
slang_yue_嘈住晒,嘈住晒,you’re making a racket and it’s in the way,,
slang_yue_廢話,廢話,nonsense / stating the obvious,,
slang_yue_講廢話,講廢話,to talk rubbish,,
slang_yue_唔好嘈,唔好嘈,stop the noise — blunt but clean,,
slang_yue_躝開,躝開,shift / out of the way,,
slang_yue_收嗲啦,收嗲啦,that’s enough talk / wrap it up,,
slang_yue_行開啲,行開啲,move along / give me room,,
slang_yue_走開,走開,go away,,
slang_yue_收聲,收聲,shut up,,
slang_yue_躝啦,躝啦,clear off,,
slang_yue_躝遠啲,躝遠啲,get right away from me,,
slang_yue_收檔啦,收檔啦,"shut up shop — give it up, you’re done",,
slang_yue_黐線,黐線,mad / off your head — friendly between mates,,
slang_yue_傻仔,傻仔,daft lad — often affectionate,,
slang_yue_冇禮貌,冇禮貌,rude / no manners — completely clean,,
slang_yue_矮仔,矮仔,"shortarse — teasing between mates, rude from a stranger",,
slang_yue_蠢,蠢,stupid,,
slang_yue_冇用,冇用,useless,,
slang_yue_白痴,白痴,idiot,,
slang_yue_神經病,神經病,nutcase / mental,,
slang_yue_傻佬,傻佬,fool / idiot (of a man),,
slang_yue_衰人,衰人,rotten so-and-so — can be playful between couples,,
slang_yue_麻甩佬,麻甩佬,a coarse bloke / lad-ish man,,
slang_yue_鹹濕佬,鹹濕佬,dirty old man,,
slang_yue_鹹濕婆,鹹濕婆,the same aimed at a woman,,
slang_yue_笨笨柒,笨笨柒,proper thick — the doubling makes it almost fond,,
slang_yue_笨柒,笨柒,thick as anything,,
slang_yue_無能,無能,incapable / not up to it,,
slang_yue_黐線佬,黐線佬,nutter (male),,
slang_yue_黐線婆,黐線婆,nutter (female),,
slang_yue_痴孖筋,痴孖筋,off your rocker — jokier than 黐線,,
slang_yue_發神經,發神經,to go off on one / act unhinged,,
slang_yue_戇居居,戇居居,playing dumb — the doubling softens 戇居,,
slang_yue_死煩膠,死煩膠,"an exhausting, won’t-drop-it person",,
slang_yue_冇腦,冇腦,no brains,,
slang_yue_食懵咗,食懵咗,has taken leave of his senses,,
slang_yue_冇家教,冇家教,badly brought up — an attack on the parents,,
slang_yue_核突,核突,disgusting / hideous,,
slang_yue_嘔心,嘔心,sickening / makes you want to throw up,,
slang_yue_臭,臭,stinking,,
slang_yue_屎,屎,shit,,
slang_yue_屎忽,屎忽,backside / arse,,
slang_yue_放屁,放屁,to fart; also “talking rubbish”,,
slang_yue_屎忽鬼,屎忽鬼,cheeky little sod — softer than it looks,,
slang_yue_飛機場,飛機場,flat-chested — lit. “airfield”,,
slang_yue_打交,打交,to have a fight / scrap,,
slang_yue_隻抽,隻抽,one on one — a challenge to settle it between the two of you,,
slangp_yue_0,喂，點呀？,Oi — what’s up?,,
slangp_yue_1,你最近點呀？,How’ve you been lately?,,
slangp_yue_2,冇乜點，你呢？,Not much — you?,,
slangp_yue_3,噉點呀？做唔做？,So what now — are we doing it or not?,,
slangp_yue_4,點都好，我聽你講。,Either way — I’ll go with what you say.,,
slangp_yue_5,今日好攰呀，頂唔順。,Knackered today — I’m done in.,,
slangp_yue_6,搞掂晒，好正！,All done — brilliant!,,
slangp_yue_7,弊喇，我唔記得咗。,Damn — I forgot.,,
slangp_yue_8,大鑊喇，我唔見咗個銀包。,Big trouble — I’ve lost my wallet.,,
slangp_yue_9,死啦，我遲到喇。,Oh no — I’m late.,,
slangp_yue_10,唔係啩，咁都得？,You’re kidding — that’s allowed?,,
slangp_yue_11,講笑啫，唔好嬲。,Only joking — don’t be cross.,,
slangp_yue_12,唔知點做就執生啦。,"If you don’t know how, just wing it.",,
slangp_yue_13,我今次撞板喇。,I’ve really messed up this time.,,
slangp_yue_14,你咁論盡㗎！,You’re so clumsy!,,
slangp_yue_15,冇眼睇，我唔理喇。,I can’t watch — I’m done with it.,,
slangp_yue_16,你玩嘢呀？,Are you having me on?,,
slangp_yue_17,頂你個肺，又壞咗。,For crying out loud — it’s broken again.,,
slangp_yue_18,慳返啖氣啦，佢唔會聽。,Save your breath — he won’t listen.,,
slangp_yue_19,佢又蛇王喇。,He’s skiving off again.,,
slangp_yue_20,邊個都得，我是但。,Either’s fine — I’m not fussed.,,
slangp_yue_21,仲有排先做完。,We’ve a long way to go yet.,,
slangp_yue_40,咪嘈啦，我聽緊電話。,"Keep it down, I’m on the phone.",,
slangp_yue_41,講咁多廢話做乜？,Why all the waffle?,,
slangp_yue_42,妖，又落雨。,Ugh — raining again.,,
slangp_yue_79,噉點呀,so what now? where does that leave us?,,
slangp_yue_80,唔係啩,you’re kidding / no way,,
slangp_yue_81,頂你個肺,"“damn you” — a deliberately silly, softened curse",,
slangp_yue_23,咪搞我啦，我做緊嘢。,Leave me be — I’m working.,,
slangp_yue_43,躝開啲啦，阻住晒。,"Shift over, you’re in the way.",,
slangp_yue_82,唔好煩我,stop bothering me,,
slangp_yue_83,咪搞我,leave me alone,,
slangp_yue_24,唔關你事。,None of your business.,,
slangp_yue_25,收聲啦，聽人講嘢。,Shut up and listen to what’s being said.,,
slangp_yue_44,收檔啦，講唔掂㗎喇。,"Give it up, this isn’t going to work.",,
slangp_yue_45,關我鬼事，你自己搞掂。,Nothing to do with me — sort it yourself.,,
slangp_yue_69,頂你個心肝脾肺腎。,"“Damn your heart, liver, spleen, lungs and kidneys” — absurd on purpose, so it lands light.",,
slangp_yue_84,唔關你事,none of your business,,
slangp_yue_94,頂你,damn you — the clean short form of 頂你個肺,,
slangp_yue_95,關我鬼事,what’s that got to do with me?,,
slangp_yue_96,鬼理你,who cares about you,,
slangp_yue_22,你黐咗線呀？,Are you out of your mind?,,
slangp_yue_28,佢真係好蠢。,He really is thick.,,
slangp_yue_29,咪扮傻啦。,Don’t play dumb.,,
slangp_yue_48,你傻㗎，咁都信？,Are you mad — you believed that?,,
slangp_yue_49,佢又發神經喇。,He’s off on one again.,,
slangp_yue_50,咪扮戇居居，我知你識。,"Stop playing dumb, I know you know.",,
slangp_yue_51,嗰條友真係冇家教。,That bloke was raised by nobody.,,
slangp_yue_97,你傻㗎,"are you mad? — rhetorical, not a question",,
slangp_yue_32,呢度好臭，好核突。,It stinks in here — it’s disgusting.,,
slangp_yue_33,你講嘢好似放屁噉。,You’re talking out of your backside.,,
slangp_yue_37,你想點呀？,What’s your problem?,,
slangp_yue_78,隻抽呀，唔好叫人。,One on one — don’t bring anyone else.,,
slangp_yue_89,想點呀,what’s your problem? — the line before a fight starts,,
slangp_yue_93,睇死你,I reckon you haven’t got it in you,,
slang_yue_收皮,收皮,pack it in / give it up,,
slang_yue_死開,死開,piss off,,
slang_yue_死開啲,死開啲,"back off — the longer, sharper 死開",,
slang_yue_行𨶙開,行𨶙開,get out of the bloody way — 行開 with a swear wedged in,,
slang_yue_麻𨶙煩,麻𨶙煩,a right pain — 麻煩 with the infix,,
slang_yue_有鳩用,有鳩用,what bloody use is that,,
slang_yue_有𨶙用,有𨶙用,same again with the other swear syllable,,
slang_yue_冇閪用,冇閪用,bloody useless — the harshest of the 冇…用 set,,
slang_yue_冇𨶙用,冇𨶙用,"the same word as 冇撚用, other spelling of lan2",,
slang_yue_玩𨶙完,玩𨶙完,well and truly finished,,
slang_yue_做乜鳩,做乜鳩,what the hell are you doing,,
slang_yue_講乜鳩,講乜鳩,what the hell are you on about,,
slang_yue_廢柴,廢柴,waster / deadweight,,
slang_yue_廢青,廢青,"useless youth — pointed, and politically loaded in HK",,
slang_yue_戇居,戇居,thick / dense,,
slang_yue_老屎忽,老屎忽,an old-timer who throws his weight around,,
slang_yue_硬膠,硬膠,"idiot — internet-born, now said out loud",,
slang_yue_仆街,仆街,"bastard / drop dead — said constantly, still a swear",,
slang_yue_撲街,撲街,"the same word, the other common spelling",,
slang_yue_柒頭,柒頭,idiot — contains a swear syllable,,
slang_yue_契弟,契弟,bastard — old-fashioned and still cutting,,
slang_yue_八婆,八婆,cow / bitch — aimed at women,,
slang_yue_臭八婆,臭八婆,the same with 臭 (stinking) on the front,,
slang_yue_死八婆,死八婆,and again with 死 — the two intensifiers are interchangeable,,
slang_yue_賤精,賤精,a nasty piece of work,,
slang_yue_賤種,賤種,scum — 種 (breed) makes it about what you come from,,
slang_yue_死廢柴,死廢柴,useless waster,,
slang_yue_死蠢,死蠢,stupid idiot,,
slang_yue_死蠢才,死蠢才,"the longer, more theatrical version",,
slang_yue_低能,低能,moronic — clinical word used as an insult,,
slang_yue_豬扒,豬扒,ugly woman — lit. “pork chop”. Cruel and common,,
slang_yue_仆街仔,仆街仔,little bastard,,
slang_yue_死仆街,死仆街,"the intensified 仆街, aimed at a person",,
slang_yue_畜生都不如,畜生都不如,lower than an animal,,
slang_yue_死肥佬,死肥佬,fat bastard,,
slang_yue_死二五仔,死二五仔,grass / snitch — the worst thing to be called in triad slang,,
slang_yue_戇鳩,戇鳩,thick as anything — contains a swear syllable,,
slang_yue_撚樣,撚樣,stupid-looking sod — contains a swear syllable,,
slang_yue_屎眼,屎眼,arsehole (the body part),,
slang_yue_屎忽佬,屎忽佬,arsehole of a man,,
slang_yue_食屎,食屎,eat shit,,
slang_yue_食狗屎,食狗屎,eat dog shit — the escalated form,,
slang_yue_喫屎,喫屎,the same idea with 喫 rather than 食,,
slang_yue_去食屎啦,去食屎啦,go eat shit,,
slang_yue_食屎狗,食屎狗,shit-eating dog,,
slang_yue_閪哂,閪哂,"completely buggered — of a situation, not a person",,
slang_yue_鳩噏,鳩噏,to talk rubbish. Extremely common and not as heavy as it looks,,
slang_yue_賓周,賓周,"willy — the childish word, which is why it turns up in jokes",,
slang_yue_打賓周,打賓周,"to wank, using the childish word",,
slang_yue_打飛機,打飛機,to wank — lit. “to shoot down a plane”,,
slang_yue_扯旗,扯旗,to get an erection — lit. “to raise the flag”,,
slang_yue_扑嘢,扑嘢,"to have sex — casual, the everyday way to say it",,
slang_yue_扑女,扑女,"to pull / sleep around, said of a man",,
slang_yue_雞,雞,"prostitute — the same character as “chicken”, context decides",,
slang_yue_大波妹,大波妹,"busty girl — leering, said about a woman not to her",,
slang_yue_柒,柒,the mildest of the five; 好柒 = pathetic,,
slang_yue_冇撚用,冇撚用,bloody useless — 撚 wedged in for force,,
slang_yue_好撚煩,好撚煩,bloody annoying — same infix pattern,,
slang_yue_𨳒那星,𨳒那星,"bloody hell — an exclamation, not aimed at anyone",,
slang_yue_𨳒那媽,𨳒那媽,"to hell with it — sounds like a family curse, works as an oath",,
slang_yue_柒頭柒腦,柒頭柒腦,thick from head to toe,,
slang_yue_把𨶙,把𨶙,like hell / no chance — an exclamation of refusal,,
slang_yue_無能𨶙,無能𨶙,"useless, with a swear wedged on the end",,
slang_yue_痴𨶙線,痴𨶙線,黐線 with the infix — properly off your head,,
slang_yue_賤雞,賤雞,the insulting form,,
slang_yue_雞屎忽,雞屎忽,a crude compound insult,,
slang_yue_屌,屌,"the big one, “f---”. The root of most hard swearing",,
slang_yue_閪,閪,the crudest word for female genitals,,
slang_yue_撚,撚,"a male-anatomy swear, used as an emphasis infix",,
slang_yue_鳩,鳩,"a male-anatomy swear, used as an emphasis infix",,
slang_yue_𨳒,𨳒,the f-word — the other spelling of 屌,,
slang_yue_𨶙,𨶙,the swear syllable lan2 — the other spelling of 撚,,
slang_yue_𨳒閪,𨳒閪,"to shag — the verb, crudely",,
slang_yue_死閪,死閪,a hard insult to a woman,,
slang_yue_老閪,老閪,the same aimed at an older woman,,
slang_yue_肥閪,肥閪,and again about her weight,,
slang_yue_臭閪,臭閪,the commonest of the 閪 insults,,
slang_yue_臭廢閪,臭廢閪,stacked up further again,,
slang_yue_狗閪,狗閪,with 狗 (dog) on the front,,
slang_yue_豬閪,豬閪,with 豬 (pig) instead,,
slang_yue_戇閪,戇閪,thick and offensive with it,,
slang_yue_傻閪,傻閪,the milder-sounding 傻 does not soften this one,,
slang_yue_閪佬,閪佬,a contemptible man,,
slang_yue_閪樣,閪樣,“that face” — an insult about appearance and manner,,
slang_yue_閪窿,閪窿,"anatomical, and used as an insult",,
slang_yue_閪毛,閪毛,pubic hair — used to mean “nothing at all”,,
slang_yue_鳩毛,鳩毛,"the male equivalent, same “nothing” sense",,
slang_yue_鹹濕閪婆,鹹濕閪婆,a stacked insult about a woman being lewd,,
slang_yue_賴閪,賴閪,"oral sex, crudely",,
slang_yue_含柒,含柒,"suck it — used as an insult, not an instruction",,
slang_yue_含𨶙,含𨶙,the same with lan2,,
slang_yue_碌柒,碌柒,cock — 碌 is the classifier for long things,,
slang_yue_𨶙頭,𨶙頭,dickhead,,
slang_yue_𨶙樣,𨶙樣,the same insult aimed at the face,,
slang_yue_𨶙細,𨶙細,about size — a taunt between men,,
slang_yue_傻𨶙,傻𨶙,"daft sod, obscenely put",,
slang_yue_戇𨶙鳩,戇𨶙鳩,two swear syllables in one insult,,
slang_yue_豬𨶙到,豬𨶙到,unbelievably thick,,
slang_yue_條女濕哂,條女濕哂,crude line about a woman being aroused,,
slang_yue_碌柒好長,碌柒好長,"a boast, and a set-up line in jokes",,
slang_yue_冚家鏟,冚家鏟,may your whole family be wiped out,,
slang_yue_冚家富貴,冚家富貴,"“may your whole family prosper” — said sarcastically, it means the opposite",,
slang_yue_冚家剷,冚家剷,"the same curse as 冚家鏟, other spelling",,
slang_yue_冚家鈴,冚家鈴,a softened-sounding variant of the same family curse,,
slang_yue_出去講,出去講,take it outside,,
slang_yue_食屎死啦,食屎死啦,eat shit and die,,
slangp_yue_26,唔好玩喇，收皮啦。,"Stop messing about, pack it in.",,
slangp_yue_27,死開啦，唔好煩我。,Piss off and leave me alone.,,
slangp_yue_46,部機真係冇𨶙用。,This machine is bloody useless. (STRONG),,
slangp_yue_47,你講乜鳩呀？,What the hell are you on about? (STRONG),,
slangp_yue_68,我有我自由，理閪你感受。,I’ll do as I like — I don’t care how you feel. (STRONG),,
slangp_yue_30,仆街，我唔記得咗帶。,Bugger — I forgot to bring it.,,
slangp_yue_31,呢個人真係廢柴。,This bloke is completely useless.,,
slangp_yue_52,笑咩呀，八婆？,What are you laughing at? (STRONG),,
slangp_yue_53,二五仔喺邊度都冇朋友。,A grass has no friends anywhere.,,
slangp_yue_98,你仆街,you bastard — 仆街 pointed at someone,,
slangp_yue_54,食屎啦你，成日呃我。,Eat shit — you lie to me constantly.,,
slangp_yue_55,個廁所臭到似食屎狗。,That toilet smells foul.,,
slangp_yue_56,你係一篤屎。,You’re a piece of shit.,,
slangp_yue_99,食屎啦你,"eat shit, you — the 你 on the end aims it",,
slangp_yue_57,鳩噏，你根本冇去過。,Rubbish — you’ve never even been.,,
slangp_yue_58,唔好鳩噏喇，講事實。,Stop talking rubbish and give me the facts.,,
slangp_yue_59,今次真係閪哂。,This time it’s properly buggered.,,
slangp_yue_34,部電話真係冇撚用。,This phone is bloody useless.,,
slangp_yue_35,好柒呀，唔好俾人見到。,That’s pathetic — don’t let anyone see.,,
slangp_yue_36,今日好撚煩。,Today has been bloody annoying.,,
slangp_yue_60,佢痴𨶙線㗎，唔好理佢。,He’s off his head — leave him. (STRONG),,
slangp_yue_61,乜𨶙嘢呀，做乜咁耐？,What the hell — why is this taking so long? (STRONG),,
slangp_yue_62,把𨶙啦，我唔信。,Like hell — I don’t believe you. (STRONG),,
slangp_yue_63,關你𨶙事呀？,None of your damn business. (STRONG),,
slangp_yue_64,有冇搞𨶙錯呀？,Are you having a laugh? (STRONG),,
slangp_yue_65,𨳒，有冇搞錯。,"F--- me, this is ridiculous. (STRONG)",,
slangp_yue_66,𨳒那星，又壞咗。,"Bloody hell, broken again. (STRONG)",,
slangp_yue_107,唔𨳒你,"“not doing that with you” — refusal, said as a joke between men",,
slangp_yue_109,乜𨶙嘢呀,what the hell is this — 乜嘢 with the infix,,
slangp_yue_67,條友好𨶙鳩。,That bloke is a total prick. (STRONG),,
slangp_yue_85,屌你,f--- you,,
slangp_yue_100,𨳒你,f--- you,,
slangp_yue_101,𨳒柒你,the same with 柒 wedged in for force,,
slangp_yue_102,𨳒鳩你,and again with 鳩,,
slangp_yue_103,𨳒你個閪,as crude as the language gets short of a family curse,,
slangp_yue_104,𨳒你個嘴,aimed at the mouth — i.e. shut up,,
slangp_yue_105,𨳒你仆街,two separate curses stacked,,
slangp_yue_106,𨳒你老豆,aimed at the father rather than the mother,,
slangp_yue_108,我想𨳒你,"I want to shag you — crude, not affectionate",,
slangp_yue_70,有爺生冇乸教。,"“A father to bear you, no mother to raise you” — attacks the parents, not you. (STRONG)",,
slangp_yue_71,𨳒你冚家剷。,Two family curses at once — the top of the scale. (STRONG),,
slangp_yue_72,你老母臭閪。,"A mother-curse, stated flatly. (STRONG)",,
slangp_yue_73,你老母做雞。,Accuses the mother of prostitution. (STRONG),,
slangp_yue_86,屌你老母,the worst thing you can say to someone in Cantonese,,
slangp_yue_87,你老母,"“your mother” — the short form, no less serious",,
slangp_yue_88,仆你個街,"an expanded, angrier 仆街",,
slangp_yue_110,𨳒你冚家剷,both curses at once — about as far as it goes,,
slangp_yue_111,𨳒你全家,aimed at the whole household,,
slangp_yue_112,𨳒你佬母,“your mother” — 佬母 is a written variant of 老母,,
slangp_yue_113,有爺生冇乸教,"“a father to bear you, no mother to raise you” — attacks the upbringing",,
slangp_yue_38,唔好惹我呀。,Don’t start with me.,,
slangp_yue_39,再講我打死你。,Say that again and I’ll batter you.,,
slangp_yue_74,去死啦，仆街。,"Drop dead, you bastard.",,
slangp_yue_75,想死呀？,You want a fight? — the line before it starts.,,
slangp_yue_76,未死過呀？,"Never had a hiding before? — same function, nastier.",,
slangp_yue_77,仆你個臭街。,"The expanded, angrier 仆街.",,
slangp_yue_90,你想死呀,are you asking for it?,,
slangp_yue_91,唔好惹我,don’t start with me,,
slangp_yue_92,我打死你,I’ll batter you — often an empty threat between mates,,
slangp_yue_114,打柒佢,give him a hiding,,
slangp_yue_115,打鳩你,I’ll knock you out,,
slangp_yue_116,閹咗你,"I’ll have your bits off — a threat, usually theatrical",,
slangp_yue_117,你去死啦,go and die,,
slangp_yue_118,死咗佢啦,"let him drop dead — said about someone, not to them",,
