ID,Vietnamese_Text,English_Text,Vietnamese_Female_Sound,Vietnamese_Male_Sound
lesson_vi2_l1_4,Một người thôi.,Just the one person.,,
lesson_vi2_l3_4,Bạn nói gì cơ?,"Sorry, what did you say?",,
lesson_vi2_l4_4,"Rất tốt, cảm ơn.","Very good, thank you.",,
lesson_vi2_l5_4,"Thôi, đủ rồi.","Right, that's enough.",,
lesson_vi2_l6_4,Nghe hay đấy chứ.,"That sounds good, actually.",,
lesson_vi2_l7_4,Tên anh là gì?,What's your name?,,
lesson_vi2_l8_4,Tất cả bao nhiêu?,How much altogether?,,
lesson_vi2_l9_4,Đường nào cũng được.,Either road's fine.,,
lesson_vi2_l10_4,Mang theo nhé.,Bring it with you.,,
lesson_vi2_l11_4,Chắc là được.,It should be fine.,,
lesson_vi2_l12_4,Nhanh lên!,Hurry up!,,
lesson_vi2_l13_4,Tự em làm được.,I can do it myself.,,
lesson_vi2_l14_4,Cho vài cái.,"A few of them, please.",,
lesson_vi2_l15_4,Chạy nhanh lên!,"Run, quick!",,
lesson_vi2_l16_4,Quan trọng lắm.,It matters a lot.,,
lesson_vi2_l17_4,Vui quá!,So much fun!,,
lesson_vi2_l18_4,Đổi ý rồi à?,Changed your mind?,,
lesson_vi2_l19_4,Để em kiểm tra lại.,Let me check it again.,,
lesson_vi2_l20_4,Cuối cùng cũng xong.,Finally it is finished.,,
lesson_vi2_l21_4,Em lo cho anh thật.,I really do worry about you.,,
lesson_vi2_l22_4,Đọc kỹ giúp em.,Please read it carefully for me.,,
lesson_vi2_l23_4,Kết quả tốt lắm.,The result is very good.,,
lesson_vi2_l24_4,Em sẵn sàng rồi ạ.,I am ready now.,,
lesson_vi2_l25_4,Chất lượng tốt lắm.,The quality is very good.,,
lesson_vi2_l26_4,Nhờ anh việc này.,I am asking you to do this.,,
lesson_vi2_l27_4,Kết thúc rồi ạ.,It has finished now.,,
lesson_vi2_l28_4,Bao nhiêu tiền ạ?,How much money is it?,,
lesson_vi2_l29_4,Suốt ngày như thế.,It is like that all day long.,,
lesson_vi2_l30_4,Cười lên một cái.,Give us a smile.,,
lesson_vi2_l31_4,Uống rượu không anh?,Would you like a drink?,,
word_có thể,có thể,can / to be able to,,
word_chúng ta,chúng ta,we/us (inclusive),,
word_chúng tôi,chúng tôi,we / us (not you),,
word_không thể,không thể,impossibly; impossible,,
word_tất cả,tất cả,total,,
word_thời gian,thời gian,time,,
word_Việt Nam,Việt Nam,Vietnam (a country in Southeast Asia),,
word_sử dụng,sử dụng,to use,,
word_xin lỗi,xin lỗi,sorry,,
word_bao giờ,bao giờ,"when, how long until",,
word_tổ chức,tổ chức,organisation / to organise,,
word_gia đình,gia đình,family,,
word_bây giờ,bây giờ,now,,
word_vấn đề,vấn đề,problem / issue,,
word_làm việc,làm việc,to work,,
word_thế giới,thế giới,world,,
word_công ty,công ty,company,,
word_phát triển,phát triển,"to develop, to expand; developed; development",,
word_thực hiện,thực hiện,to realize; to carry out; to bring about,,
word_hoạt động,hoạt động,"active; activity, event",,
word_cảm ơn,cảm ơn,thank you,,
word_xây dựng,xây dựng,"to build, to construct",,
word_đầu tiên,đầu tiên,first,,
word_bắt đầu,bắt đầu,to start,,
word_một số,một số,a number of; some; several; certain,,
word_đặc biệt,đặc biệt,special / especially,,
word_đối với,đối với,regarding / towards,,
word_thông tin,thông tin,information,,
word_thành phố,thành phố,a city,,
word_quan trọng,quan trọng,important,,
word_Mỹ,Mỹ,America,,
word_chương trình,chương trình,a program,,
word_sản phẩm,sản phẩm,product,,
word_thế nào,thế nào,how,,
word_nói chuyện,nói chuyện,"to talk, to speak; conversation",,
word_tiếp tục,tiếp tục,to continue; to keep on,,
word_đầu tư,đầu tư,to invest,,
word_tham gia,tham gia,"to participate, to take part",,
word_tuy nhiên,tuy nhiên,"however, but, nevertheless",,
word_hệ thống,hệ thống,a system; a franchise or chain,,
word_bảo vệ,bảo vệ,to protect / security guard,,
word_thay đổi,thay đổi,"to change, to alter, to modify",,
word_trở thành,trở thành,to become; to turn into,,
word_Chúa,Chúa,God; the Lord; synonym of Thiên Chủ (“Sakra”),,
word_khả năng,khả năng,likelihood; ability; capability,,
word_công việc,công việc,"work (labour, employment, occupation, job)",,
word_cám ơn,cám ơn,to thank,,
word_thị trường,thị trường,market,,
word_doanh nghiệp,doanh nghiệp,a firm; enterprise; business,,
word_phụ nữ,phụ nữ,woman (adult female human),,
word_quan tâm,quan tâm,to care about; to be interested in,,
word_quyết định,quyết định,to decide / decision,,
word_kiểm tra,kiểm tra,to check or examine,,
word_kinh tế,kinh tế,economy / economic,,
word_sản xuất,sản xuất,to produce; production,,
word_hôm nay,hôm nay,today,,
word_cảnh sát,cảnh sát,police,,
word_kế hoạch,kế hoạch,plan,,
word_nghiên cứu,nghiên cứu,to research; to study intensively; a study,,
word_an toàn,an toàn,safe / safety,,
word_quản lý,quản lý,to manage / manager,,
word_cuối cùng,cuối cùng,finally; at last; final; last; ultimate,,
word_cuộc sống,cuộc sống,life,,
word_thực sự,thực sự,"really, indeed, actually",,
word_Hà Nội,Hà Nội,Hanoi,,
word_xã hội,xã hội,society,,
word_con người,con người,"human, human being",,
word_yêu cầu,yêu cầu,to request / requirement,,
word_huyện,huyện,a subdivision of a tỉnh (“province”) along with thành phố …,,
word_chắc chắn,chắc chắn,Definitely / for sure,,
word_khó khăn,khó khăn,"difficult, hard; difficulty",,
word_cơ hội,cơ hội,opportunity,,
word_hoàn toàn,hoàn toàn,completely,,
word_dự án,dự án,project,,
word_bất cứ,bất cứ,any; whatever,,
word_khu vực,khu vực,area / zone,,
word_kết quả,kết quả,result,,
word_bác sĩ,bác sĩ,doctor,,
word_người ta,người ta,people / they,,
word_thiết kế,thiết kế,to design,,
word_cảm thấy,cảm thấy,to feel,,
word_công tác,công tác,work assignment,,
word_trung tâm,trung tâm,center,,
word_khách hàng,khách hàng,a customer or client,,
word_điện thoại,điện thoại,telephone,,
word_trở lại,trở lại,"to return, to come back, to go back",,
word_sẵn sàng,sẵn sàng,to be willing; ready; prepared,,
word_chuẩn bị,chuẩn bị,to prepare,,
word_dịch vụ,dịch vụ,service,,
word_hiệu quả,hiệu quả,efficacious; efficient; effective,,
word_đại học,đại học,"university, college (institution of higher education that …",,
word_hiện nay,hiện nay,"now, presently, nowadays",,
word_khoa học,khoa học,scientific; academic; science,,
word_chất lượng,chất lượng,quality,,
word_thành công,thành công,to succeed; success,,
word_Anh,Anh,alternative letter-case form of anh,,
word_hỗ trợ,hỗ trợ,to support / assistance,,
word_liên quan,liên quan,"a relevant connection, association, relation or affinity",,
word_trả lời,trả lời,to answer; to reply; to respond,,
word_đàn ông,đàn ông,man (adult male human),,
word_lựa chọn,lựa chọn,to choose / choice,,
word_duy nhất,duy nhất,only / unique,,
word_làm ơn,làm ơn,to do (someone else) a favour,,
word_bởi vì,bởi vì,because,,
word_một cách,một cách,"Used other than figuratively or idiomatically: see một, cách",,
word_con trai,con trai,boy (young male),,
word_một chút,một chút,a little,,
word_học sinh,học sinh,a pupil; a schoolchild/schoolkid; a student,,
word_cung cấp,cung cấp,to supply; to provide,,
word_vị trí,vị trí,location,,
word_sinh viên,sinh viên,university student,,
word_kết thúc,kết thúc,to end (in/with something); to come to an end,,
word_quốc gia,quốc gia,"national; state, nation, country",,
word_nhiệm vụ,nhiệm vụ,task / duty,,
word_công nghệ,công nghệ,technology,,
word_kinh doanh,kinh doanh,business / to do business,,
word_con gái,con gái,girl (young female); daughter,,
word_lý do,lý do,Alternative spelling of lí do,,
word_cơ sở,cơ sở,foundation; base,,
word_bao nhiêu,bao nhiêu,how much,,
word_thật sự,thật sự,really / truly,,
word_trường hợp,trường hợp,"a case, scenario or situation",,
word_quy định,quy định,regulation / rule,,
word_đơn vị,đơn vị,unit (part of whole),,
word_ồ,ồ,oh! (exclamation),,
word_văn hoá,văn hoá,culture; primary and secondary education,,
word_Trung Quốc,Trung Quốc,Chinese,,
word_xuất hiện,xuất hiện,to appear; to become visible,,
word_cơ quan,cơ quan,a government institution,,
word_thậm chí,thậm chí,even,,
word_đánh giá,đánh giá,to evaluate or estimate the price; to evaluate,,
word_ngân hàng,ngân hàng,bank,,
word_du lịch,du lịch,travel / tourism,,
word_tuyệt vời,tuyệt vời,great,,
word_giải quyết,giải quyết,to resolve,,
word_đào tạo,đào tạo,to vocationally train,,
word_quan hệ,quan hệ,clipping of quan hệ tình dục (“to have sex”),,
word_thiết bị,thiết bị,"a piece of equipment such as a machine, an appliance, a pi…",,
word_giáo dục,giáo dục,education,,
word_ảnh hưởng,ảnh hưởng,to influence; influence,,
word_chính phủ,chính phủ,government,,
word_xử lý,xử lý,Alternative spelling of xử lí,,
word_quá trình,quá trình,process,,
word_phát hiện,phát hiện,to discover; to find out,,
word_môi trường,môi trường,environmental; surrounding; environment,,
word_điều kiện,điều kiện,"condition, terms",,
word_giá trị,giá trị,"value, worth; value",,
word_địa phương,địa phương,local / locality,,
word_hình ảnh,hình ảnh,form and shadow; image; picture; photograph,,
word_đơn giản,đơn giản,simple (uncomplicated),,
word_báo cáo,báo cáo,to report / report,,
word_cố gắng,cố gắng,to try hard,,
word_bản thân,bản thân,oneself,,
word_quốc tế,quốc tế,international,,
word_trách nhiệm,trách nhiệm,responsibility or accountability; liability,,
word_máy bay,máy bay,"aircraft, (specifically) airplane",,
word_tấn công,tấn công,to attack; to offend,,
word_phù hợp,phù hợp,"to accord, to agree; appropriate; fitting",,
word_tập trung,tập trung,to gather (at a particular location),,
word_hy vọng,hy vọng,to hope / hope,,
word_chính xác,chính xác,correctly; precisely; exactly; accurately,,
word_tất nhiên,tất nhiên,of course,,
word_đảm bảo,đảm bảo,to guarantee; to assure,,
word_nhà nước,nhà nước,state (a political entity that regulates society and the p…,,
word_cảm giác,cảm giác,feeling / sensation,,
word_thực tế,thực tế,"in reality; real, actual; realistic, practical",,
word_lao động,lao động,to toil; to labour; to do physical labour,,
word_lãnh đạo,lãnh đạo,leader / to lead,,
word_cá nhân,cá nhân,"individual, personal; individual; person",,
word_cán bộ,cán bộ,"you, a government employee",,
word_câu chuyện,câu chuyện,"a story; tale; matter, affair, subject",,
word_mục tiêu,mục tiêu,"goal, objective, target",,
word_phục vụ,phục vụ,to serve / service staff,,
word_hạnh phúc,hạnh phúc,happiness / happy,,
word_nội dung,nội dung,content,,
word_nhân viên,nhân viên,employee,,
word_chia sẻ,chia sẻ,to share,,
word_bình thường,bình thường,normally; usually; normal; ordinary,,
word_giới thiệu,giới thiệu,to introduce,,
word_nhu cầu,nhu cầu,need; demand,,
word_nhân dân,nhân dân,"people, population",,
word_thành viên,thành viên,member,,
word_rõ ràng,rõ ràng,clear / obvious,,
word_Pháp,Pháp,France (a country located primarily in Western Europe),,
word_cơ thể,cơ thể,"human body, organism",,
word_chết tiệt,chết tiệt,damn; fucking,,
word_tình trạng,tình trạng,situation; condition; state,,
word_bệnh viện,bệnh viện,hospital,,
word_thời điểm,thời điểm,point in/of time; timing; date,,
word_may mắn,may mắn,lucky / luck,,
word_trở nên,trở nên,to become,,
word_tình yêu,tình yêu,love; passion,,
word_toàn bộ,toàn bộ,"entire, whole; everything, all",,
word_dễ dàng,dễ dàng,easy / easily,,
word_tìm kiếm,tìm kiếm,to look for; to search (for); to seek,,
word_nguy hiểm,nguy hiểm,dangerous,,
word_sự thật,sự thật,relevant fact or truth,,
word_chăm sóc,chăm sóc,to look after; to take care of,,
word_lịch sử,lịch sử,historical; historic,,
word_văn phòng,văn phòng,office (room used for non-manual work),,
word_hồ sơ,hồ sơ,application file,,
word_Việt,Việt,of Yue origin; Vietic,,
word_chú ý,chú ý,to notice; to take note of; to focus on,,
word_trực tiếp,trực tiếp,directly; live; direct; straight; in person,,
word_hành động,hành động,action / to act,,
word_tự nhiên,tự nhiên,natural / suddenly,,
word_nổi tiếng,nổi tiếng,"celebrated, illustrious, famous, well-known",,
word_lĩnh vực,lĩnh vực,field; domain; sphere,,
word_kỹ thuật,kỹ thuật,Alternative spelling of kĩ thuật,,
word_kinh nghiệm,kinh nghiệm,experience,,
word_kiểm soát,kiểm soát,to control,,
word_máy tính,máy tính,calculator (electronic device that performs mathematical c…,,
word_tương lai,tương lai,future,,
word_đồng ý,đồng ý,"to agree, to consent",,
word_thể hiện,thể hiện,to show; to manifest itself; to reveal,,
word_triển khai,triển khai,to expand (into); to extend; to widen,,
word_hoàn thành,hoàn thành,"to finish, to complete",,
word_tổng thống,tổng thống,president (of non-communist/non-socialist country),,
word_sức khoẻ,sức khoẻ,health,,
word_Nga,Nga,"of Russia, Russia’s, Russian",,
word_ý kiến,ý kiến,opinion,,
word_suy nghĩ,suy nghĩ,to think; to ponder,,
word_tự do,tự do,free (not imprisoned; unconstrained,,
word_cần thiết,cần thiết,necessary,,
word_đồng thời,đồng thời,at the same time; simultaneously,,
word_cẩn thận,cẩn thận,careful / carefully,,
word_điều trị,điều trị,to receive or give medical treatment,,
word_đề nghị,đề nghị,"to propose, to suggest",,
word_đất nước,đất nước,country; nation,,
word_ứng dụng,ứng dụng,app / application,,
word_chủ tịch,chủ tịch,chairperson; person presiding over a meeting,,
word_cuộc đời,cuộc đời,the period during which one lives,,
word_xác định,xác định,"to decide, to determine",,
word_bệnh nhân,bệnh nhân,"patient, sufferer",,
word_Đức,Đức,a male given name from Chinese,,
word_điều tra,điều tra,to investigate; to survey; to inquire,,
word_chính sách,chính sách,a policy (especially in government),,
word_hiện tại,hiện tại,presently; currently; current; the present,,
word_giúp đỡ,giúp đỡ,to help,,
word_theo dõi,theo dõi,to follow / monitor,,
word_bình tĩnh,bình tĩnh,calm,,
word_khách sạn,khách sạn,hotel,,
word_đối tượng,đối tượng,"a subject, usually a human one, to study or experiment on",,
word_thường xuyên,thường xuyên,frequently; regularly; usually; recurrently,,
word_tạm biệt,tạm biệt,goodbye,,
word_tiến hành,tiến hành,to carry out; to proceed; to conduct,,
word_tài chính,tài chính,finance (management of money); budget,,
word_chiến đấu,chiến đấu,to fight; to combat; to take action,,
word_lo lắng,lo lắng,worried,,
word_giải thích,giải thích,to explain; to explicate,,
word_mặc dù,mặc dù,although; though,,
word_thông qua,thông qua,to pass; to let through; to approve,,
word_ý nghĩa,ý nghĩa,meaning / meaningful,,
word_sở hữu,sở hữu,"to own, to hold",,
word_công trình,công trình,construction project,,
word_thông báo,thông báo,to tell; to report; to advise; to announce,,
word_giai đoạn,giai đoạn,stage / phase,,
word_hướng dẫn,hướng dẫn,to guide,,
word_đăng ký,đăng ký,to register,,
word_nước ngoài,nước ngoài,foreign; a foreign country,,
word_không gian,không gian,"space; area, room",,
word_phương pháp,phương pháp,method,,
word_chấp nhận,chấp nhận,to accept; to approve; to admit,,
word_vũ khí,vũ khí,weapon; arms,,
word_chính thức,chính thức,official; formal; standard,,
word_thú vị,thú vị,enjoyable; interesting,,
word_đại diện,đại diện,to represent; representative; agent,,
word_cụ thể,cụ thể,specific; detailed; concrete,,
word_tình hình,tình hình,situation,,
word_anh em,anh em,"y'all, you guys, my bros, my pals",,
word_đến nỗi,đến nỗi,to the point that,,
word_hấp dẫn,hấp dẫn,"to attract; attractive, captivating, seductive",,
word_lực lượng,lực lượng,"force, strength",,
word_nguyên nhân,nguyên nhân,"cause, reason",,
word_hợp tác,hợp tác,to cooperate; to collaborate,,
word_bí mật,bí mật,secret,,
word_tinh thần,tinh thần,spirit / morale,,
word_vô cùng,vô cùng,"ultimately; endless, infinite; infinity",,
word_nghệ thuật,nghệ thuật,art,,
word_tiếp theo,tiếp theo,to follow; to be next,,
word_tác dụng,tác dụng,an effect (one someone or something) or efficacy,,
word_đầy đủ,đầy đủ,fully / complete,,
word_thông minh,thông minh,"clever, intelligent, smart",,
word_khẳng định,khẳng định,to affirm; to confirm; to assert,,
word_công nghiệp,công nghiệp,industry,,
word_bao gồm,bao gồm,to include,,
word_kết hợp,kết hợp,"to combine, to link up, to coordinate",,
word_giao thông,giao thông,transportation; traffic,,
word_chuyên gia,chuyên gia,expert; specialist,,
word_chi tiết,chi tiết,detailed; meticulous; specific; detail,,
word_diện tích,diện tích,area,,
word_danh sách,danh sách,list,,
word_ngày mai,ngày mai,tomorrow,,
word_truyền thống,truyền thống,tradition / traditional,,
word_ấn tượng,ấn tượng,impressive; impression,,
word_chi phí,chi phí,cost / expense,,
word_bạn bè,bạn bè,friends,,
word_thương mại,thương mại,trade; commerce,,
word_sức mạnh,sức mạnh,power; strength,,
word_tồn tại,tồn tại,"to exist; persisting, unresolved",,
word_hiện đại,hiện đại,modern,,
word_nói dối,nói dối,to lie; to tell a lie,,
word_tìm hiểu,tìm hiểu,to try to understand; to examine,,
word_bất kỳ,bất kỳ,alternative spelling of bất kì,,
word_y tế,y tế,medical / health care,,
word_chức năng,chức năng,"a function, role or feature",,
word_mục đích,mục đích,"a goal, a purpose, an aim or an objective",,
word_nhanh chóng,nhanh chóng,rapid; quick; swift,,
word_học tập,học tập,to study; to learn,,
word_chính trị,chính trị,political; politics,,
word_Đảng,Đảng,short for Đảng Cộng sản Việt Nam (“Communist Party of Viet…,,
word_chiến thắng,chiến thắng,to win (against); to triumph (over),,
word_áp dụng,áp dụng,to apply; to put into practice,,
word_giải pháp,giải pháp,solution (to a problem),,
word_vui vẻ,vui vẻ,happy; joyful,,
word_việc làm,việc làm,job,,
word_ổn định,ổn định,stable; secure; stability,,
word_bố mẹ,bố mẹ,parents,,
word_sự kiện,sự kiện,an event,,
word_cộng đồng,cộng đồng,communal; public; a community,,
word_bất ngờ,bất ngờ,sudden / surprise,,
word_năng lượng,năng lượng,energy,,
word_thành lập,thành lập,to establish; to set up; to found,,
word_chiến tranh,chiến tranh,war (conflict involving organized use of arms),,
word_số lượng,số lượng,"amount, quantity",,
word_hội nghị,hội nghị,conference; meeting,,
word_có mặt,có mặt,to be present (at),,
word_một vài,một vài,"some, a few",,
word_dân tộc,dân tộc,ethnic group / people,,
word_chế độ,chế độ,a system,,
word_Nam,Nam,a unisex given name from Chinese,,
word_mạnh mẽ,mạnh mẽ,strongly; strong; powerful,,
word_thoải mái,thoải mái,comfortable / relaxed,,
word_giáo viên,giáo viên,teacher,,
word_tốc độ,tốc độ,speed,,
word_thị trấn,thị trấn,commune-level town (Vietnamese administrative unit),,
word_thực phẩm,thực phẩm,foodstuff,,
word_giám đốc,giám đốc,director,,
word_phần mềm,phần mềm,software (encoded computer instructions),,
word_quân đội,quân đội,"army, armed forces, military",,
word_an ninh,an ninh,secure; security,,
word_Nguyễn,Nguyễn,a surname from Chinese,,
word_vai trò,vai trò,"a role or part that someone or something plays in life, in…",,
word_thức ăn,thức ăn,food; non-rice and non-vegetable-soup food,,
word_địa chỉ,địa chỉ,address,,
word_nạn nhân,nạn nhân,victim,,
word_di chuyển,di chuyển,"to transfer, to move",,
word_cơ bản,cơ bản,basically; essentially; basic; essential,,
word_vì vậy,vì vậy,therefore; consequently; so for that reason,,
word_hợp đồng,hợp đồng,contract,,
word_địa bàn,địa bàn,the whole territory; a turf,,
word_màn hình,màn hình,screen,,
word_Bắc,Bắc,a male given name from Chinese,,
word_yếu tố,yếu tố,factor / element,,
word_đồng chí,đồng chí,comrade; lad; dude,,
word_Nhật Bản,Nhật Bản,Japanese,,
word_liên lạc,liên lạc,to connect; to communicate,,
word_cà phê,cà phê,coffee,,
word_phối hợp,phối hợp,to coordinate (with); to cooperate (with),,
word_trẻ em,trẻ em,children; kids,,
word_chủ yếu,chủ yếu,"principally; mainly, mostly",,
word_thu hút,thu hút,to draw (closer); to attract,,
word_đáp ứng,đáp ứng,to respond (positively to); to meet (needs),,
word_tư vấn,tư vấn,to offer expert or professional advice,,
word_dữ liệu,dữ liệu,data; information,,
word_cửa hàng,cửa hàng,store,,
word_rắc rối,rắc rối,complicated; complex; intricate; troublesome,,
word_pháp luật,pháp luật,law,,
word_ý tưởng,ý tưởng,"idea, thought",,
word_Được,Được,a unisex given name,,
word_điều khiển,điều khiển,to control; to conduct; to manipulate,,
word_thoả thuận,thoả thuận,to agree (to something),,
word_hoàn hảo,hoàn hảo,perfect,,
word_hội đồng,hội đồng,clipping of đánh hội đồng (“to gang up on”),,
word_thương hiệu,thương hiệu,trademark,,
word_phường,phường,ward (subdivision of a tỉnh or thành phố),,
word_không khí,không khí,air / atmosphere,,
word_liên tục,liên tục,continuously; continuous,,
word_trò chơi,trò chơi,a game (playful or competitive activity),,
word_tích cực,tích cực,"positive (favorable, desirable; optimistic)",,
word_căn hộ,căn hộ,apartment,,
word_tài sản,tài sản,property; assets; wealth,,
word_điều hành,điều hành,to manage; to run; to operate,,
word_phiên bản,phiên bản,version; edition; reproduction,,
word_kiến thức,kiến thức,"knowledge, science",,
word_công an,công an,police,,
word_phong cách,phong cách,manner; bearing; style,,
word_hạn chế,hạn chế,to limit; to restrict; to restrain,,
word_ánh sáng,ánh sáng,light; spiritual or mental illumination,,
word_công bố,công bố,to announce; to proclaim; to publish,,
word_xung quanh,xung quanh,around; round; about; surrounding,,
word_mở rộng,mở rộng,to extend; to expand; to enlarge,,
word_sáng tạo,sáng tạo,to create; creative,,
word_hình thức,hình thức,"model, form",,
word_tác phẩm,tác phẩm,"work, especially work of art",,
word_ủng hộ,ủng hộ,to support,,
word_giao dịch,giao dịch,"to meet, to contact, to exchange (often about work)",,
word_hết sức,hết sức,"with all one's might, with all one's strength",,
word_chỉ đạo,chỉ đạo,to guide; to lead; to steer; to conduct,,
word_tai nạn,tai nạn,accident,,
word_thanh niên,thanh niên,"you/he/him, a young dude",,
word_tài liệu,tài liệu,document / material,,
word_bao lâu,bao lâu,how long,,
word_tin tưởng,tin tưởng,to believe; to trust,,
word_chúc mừng,chúc mừng,to congratulate (on); to wish well,,
word_thí sinh,thí sinh,"a student who is about to take, or is in the process of ta…",,
word_quảng cáo,quảng cáo,advertisement / to advertise,,
word_tỷ lệ,tỷ lệ,Alternative spelling of tỉ lệ,,
word_quần áo,quần áo,clothes,,
word_xuất khẩu,xuất khẩu,to export,,
word_tăng cường,tăng cường,to strengthen; to reinforce,,
word_trao đổi,trao đổi,to exchange; to swap; to interchange,,
word_tiết kiệm,tiết kiệm,to save / thrifty,,
word_sai lầm,sai lầm,mistaken; wrong; erroneous; mistake,,
word_bổ sung,bổ sung,"to supplement; additional, supplementary",,
word_chỉ huy,chỉ huy,to command; to conduct; to lead; a commander,,
word_trái tim,trái tim,heart (as seat of emotions),,
word_kết nối,kết nối,"to connect, to link",,
word_thất bại,thất bại,to fail; to be unsuccessful; to be defeated,,
word_khai thác,khai thác,"to exploit (resources, etc.); to make use of",,
word_tập đoàn,tập đoàn,"a group of people with the same goal or aim, such as a cli…",,
word_ngạc nhiên,ngạc nhiên,to be surprised; to be astonished,,
word_mong muốn,mong muốn,to wish; to desire; desire,,
word_chuyên nghiệp,chuyên nghiệp,professional; vocational,,
word_tốt nghiệp,tốt nghiệp,to graduate,,
word_mô hình,mô hình,model,,
word_tham dự,tham dự,"to participate/take part/partake, especially in a formal o…",,
word_đôi khi,đôi khi,sometimes; occasionally,,
word_góp phần,góp phần,to contribute to (something),,
word_chứng minh,chứng minh,to prove (to demonstrate that something is true,,
word_thể thao,thể thao,a sport (any athletic activity that uses physical skills),,
word_phân tích,phân tích,to analyze,,
word_cha mẹ,cha mẹ,parents,,
word_liên hệ,liên hệ,"to contact, especially by phone",,
word_khán giả,khán giả,audience,,
word_điện tử,điện tử,electronic,,
word_vệ sinh,vệ sinh,hygiene; sanitation; personal health practices,,
word_nhân vật,nhân vật,character / figure,,
word_kéo dài,kéo dài,to prolong / last,,
word_bộ phận,bộ phận,part; section; component; division,,
word_ví dụ,ví dụ,"supposing that, for example",,
word_tiến sĩ,tiến sĩ,doctor; doctorate,,
word_Hồ Chí Minh,Hồ Chí Minh,Ho Chi Minh City,,
word_dĩ nhiên,dĩ nhiên,of course,,
word_chính quyền,chính quyền,government,,
word_quý khách,quý khách,customer (formal),,
word_đồng hồ,đồng hồ,watch,,
word_ung thư,ung thư,cancer,,
word_vận động,vận động,"to do a physical activity, as opposed to staying sedentary",,
word_trang bị,trang bị,to equip; equipment,,
word_luật sư,luật sư,lawyer,,
word_thủ tục,thủ tục,procedure; formalities,,
word_tình cảm,tình cảm,sentimental; emotional; affection,,
word_tương tự,tương tự,"similar to, alike to",,
word_tốt đẹp,tốt đẹp,good; fine,,
word_chiến lược,chiến lược,strategic; strategy,,
word_hôm qua,hôm qua,yesterday,,
word_xuất sắc,xuất sắc,excellent,,
word_dấu hiệu,dấu hiệu,a telltale sign,,
word_nhà trường,nhà trường,school (generally speaking); school authority,,
word_biện pháp,biện pháp,method; measure,,
word_thanh tra,thanh tra,to inspect; to check; to investigate,,
word_điều chỉnh,điều chỉnh,to change for a desired outcome; to adjust,,
word_du khách,du khách,a tourist or traveler,,
word_nỗ lực,nỗ lực,to strive; to endeavor; great effort,,
word_cảm nhận,cảm nhận,to feel; to sense; to detect; thoughts,,
word_nguy cơ,nguy cơ,"the risk, odds or likelihood of something disastrous happe…",,
word_nhà hàng,nhà hàng,"a restaurant that accommodates large numbers of people, is…",,
word_trận đấu,trận đấu,a match; competition; a battle; fight,,
word_khác biệt,khác biệt,different,,
word_nghiêm túc,nghiêm túc,serious,,
word_hợp lý,hợp lý,Alternative spelling of hợp lí,,
word_duy trì,duy trì,"to maintain, to support, to keep up, to uphold",,
word_tác động,tác động,to have an effect (on); to influence,,
word_giám sát,giám sát,to supervise; to check; to oversee,,
word_tiêu chuẩn,tiêu chuẩn,standard,,
word_kỹ năng,kỹ năng,Alternative spelling of kĩ năng,,
word_nông nghiệp,nông nghiệp,agriculture,,
word_thế thì,thế thì,so; then; in that case,,
word_phổ biến,phổ biến,common / widespread,,
word_năng lực,năng lực,capability,,
word_nông dân,nông dân,a peasant (member of the agriculture low class),,
word_vợ chồng,vợ chồng,"conjugal, marital; husband and wife",,
word_thích hợp,thích hợp,suitable; matching; fitting,,
word_Hàn Quốc,Hàn Quốc,South Korean,,
word_phản ứng,phản ứng,to react; to respond; a reaction; a response,,
word_xem xét,xem xét,to examine; to consider; to review,,
word_tính năng,tính năng,a function or feature,,
word_hay là,hay là,"represents an alternative theory, option or solution in an…",,
word_Nhật,Nhật,Japanese,,
word_Tết,Tết,New Year (either the first few days of the calendrical New…,,
word_thời trang,thời trang,fashion,,
word_nhà máy,nhà máy,"factory, plant",,
word_diễn viên,diễn viên,an actor (person who performs in a theatrical play or film),,
word_màu sắc,màu sắc,colours,,
word_đô thị,đô thị,"a city, particularly an administrative division or urban a…",,
word_tự hào,tự hào,proud,,
word_cao cấp,cao cấp,high-ranking; senior; advanced,,
word_con số,con số,number; figure,,
word_lập tức,lập tức,immediately,,
word_hàng hoá,hàng hoá,goods,,
word_tác giả,tác giả,author,,
word_hàng đầu,hàng đầu,foremost; leading; top; first place,,
word_anh chàng,anh chàng,guy; dude; chap,,
word_cạnh tranh,cạnh tranh,to compete; competitive (inclined to compete),,
word_vì thế,vì thế,therefore; thus; hence; as a result,,
word_miễn phí,miễn phí,free of charge,,
word_xứng đáng,xứng đáng,to deserve; to be worthy of; deserving,,
word_văn bản,văn bản,written text; passage; document,,
word_chào mừng,chào mừng,welcome,,
word_anh hùng,anh hùng,heroic; a hero,,
word_quốc hội,quốc hội,a national legislature,,
word_uỷ ban,uỷ ban,committee,,
word_cảm xúc,cảm xúc,to be affected by emotion; to feel,,
word_trung ương,trung ương,"central; the central government, Hanoi",,
word_cầu thủ,cầu thủ,a ball player,,
word_ngày nay,ngày nay,nowadays; these days,,
word_tiêu dùng,tiêu dùng,to consume (goods and services); to spend,,
word_địa điểm,địa điểm,location,,
word_tăng trưởng,tăng trưởng,to grow; to develop,,
word_lái xe,lái xe,to drive a car (or any vehicle); driver,,
word_tưởng tượng,tưởng tượng,to imagine,,
word_đời sống,đời sống,life,,
word_hành vi,hành vi,an act; a deed,,
word_mở cửa,mở cửa,to open the door,,
word_tuỳ,tuỳ,depends / up to,,
word_nêu,nêu,"to raise (a question, suggestion, etc.)",,
word_bộ trưởng,bộ trưởng,a minister or secretary (head of a department of government),,
word_đại biểu,đại biểu,a representative,,
word_đóng góp,đóng góp,to contribute; contribution,,
word_dự kiến,dự kiến,to foresee; to foreknow; to prepare beforehand,,
word_xinh đẹp,xinh đẹp,beautiful; pretty,,
word_phương tiện,phương tiện,a thing that aids people to do something,,
word_sự nghiệp,sự nghiệp,a career (one's calling in life,,
word_nhất định,nhất định,"fixed, certain, given",,
word_thi đấu,thi đấu,to compete athletically,,
word_phong trào,phong trào,movement (an activity that attracts numerous participants),,
word_hành tinh,hành tinh,a planet,,
word_ban đầu,ban đầu,first; initial; beginning; the get-go,,
word_chùa,chùa,"for free, without charge; free, uncharged",,
word_phức tạp,phức tạp,complicated,,
word_thu nhập,thu nhập,earnings,,
word_bảo hiểm,bảo hiểm,insurance,,
word_tiếp cận,tiếp cận,to approach; to reach,,
word_giáo sư,giáo sư,a professor,,
word_phẫu thuật,phẫu thuật,surgery (procedure involving major incisions,,
word_thay thế,thay thế,to replace; to take the place of,,
word_lợi ích,lợi ích,benefit; interest,,
word_Đà Nẵng,Đà Nẵng,Da Nang,,
word_khẩu trang,khẩu trang,face mask,,
word_tội phạm,tội phạm,crime; criminal,,
word_nghi ngờ,nghi ngờ,to doubt; to suspect,,
word_bảo đảm,bảo đảm,to ensure; to guarantee,,
word_từ chối,từ chối,to refuse,,
word_khám phá,khám phá,to discover; to find out; to explore,,
word_cuộc chiến,cuộc chiến,war; fight; battle,,
word_dễ thương,dễ thương,cute / lovable,,
word_thế hệ,thế hệ,generation (single step in the succession of natural desce…,,
word_nghiêm trọng,nghiêm trọng,serious / severe,,
word_cách mạng,cách mạng,revolution,,
word_thủ tướng,thủ tướng,"a premier, a prime minister or a chancellor",,
word_chủ đề,chủ đề,"subject, theme, leitmotif",,
word_chuyên môn,chuyên môn,highly prone to; highly inclined to,,
word_phát biểu,phát biểu,to express; to formulate,,
word_đòi hỏi,đòi hỏi,to require; to need; to demand; to exact,,
word_tài khoản,tài khoản,account,,
word_tín hiệu,tín hiệu,"sign, signal",,
word_sân bay,sân bay,airport,,
word_liên kết,liên kết,to associate (with); to ally (with),,
word_nông thôn,nông thôn,the countryside; the country; rural areas,,
word_cửa sổ,cửa sổ,window,,
word_đối mặt,đối mặt,"to face (difficulty, danger, etc.)",,
word_ma tuý,ma tuý,narcotic; illicit drug,,
word_truyền hình,truyền hình,to transmit image (usually also implying audio) using tele…,,
word_xác nhận,xác nhận,to confirm,,
word_tổn thương,tổn thương,to harm; to damage; to wound; to injure,,
word_cho nên,cho nên,therefore; hence; consequently,,
word_vui lòng,vui lòng,please,,
word_ngu ngốc,ngu ngốc,"dull, dull-headed",,
word_tình dục,tình dục,sex (act of sexual intercourse),,
word_quy hoạch,quy hoạch,to plan (a city),,
word_tuyên bố,tuyên bố,to announce; to declare; announcement,,
word_dân số,dân số,population (a count of the number of residents within a po…,,
word_đe doạ,đe doạ,to threaten (with); to menace (with),,
word_vi phạm,vi phạm,to violate (a law); to break,,
word_luôn luôn,luôn luôn,always,,
word_bằng chứng,bằng chứng,evidence; proof,,
word_đặc vụ,đặc vụ,special agent; secret agent,,
word_quan sát,quan sát,to observe; observation,,
word_đội ngũ,đội ngũ,"team, staff, corps",,
word_âm nhạc,âm nhạc,music (as a concept),,
word_căn cứ,căn cứ,"to base on; basis, grounds",,
word_công cụ,công cụ,tool,,
word_lúa,lúa,short for hai lúa (“rustic; bumpkinish”),,
word_cho dù,cho dù,even though; although; even if,,
word_tự tin,tự tin,to be self-confident; self-confident,,
word_cảnh báo,cảnh báo,to warn; to alert; warning; alert,,
word_để ý,để ý,to pay attention; to regard; to take notice of,,
word_thông thường,thông thường,commonly; usually; ordinarily; common,,
word_New York,New York,"New York, New York City (the largest city in the state of …",,
word_đối thủ,đối thủ,opponent; rival; competitor,,
word_ờ,ờ,yeah; nope; uh; er,,
word_mức độ,mức độ,level / degree,,
word_hoá ra,hoá ra,it turns out,,
word_Tây,Tây,alternative letter-case form of tây (“Western,,
word_quan điểm,quan điểm,a stance (opinion or point of view),,
word_căng thẳng,căng thẳng,strained; stressed; tense,,
word_ra mắt,ra mắt,to present oneself (in front of others),,
word_bỏ qua,bỏ qua,to bypass; to skip; to let slip; to miss,,
word_cập nhật,cập nhật,to update; to keep yourself posted,,
word_trung bình,trung bình,average,,
word_cải thiện,cải thiện,to improve; to better,,
word_sắp xếp,sắp xếp,"to arrange, to organize",,
word_xu hướng,xu hướng,tendency; trend,,
word_chị em,chị em,sisters,,
word_gạo,gạo,"engrossed in studies; dehusked, uncooked rice",,
word_nhẹ nhàng,nhẹ nhàng,gentle / light,,
word_truyền thông,truyền thông,communication; media,,
word_sinh hoạt,sinh hoạt,to engage in non-work everyday or community activities,,
word_tế bào,tế bào,a cell,,
word_thuyết phục,thuyết phục,to persuade,,
word_chờ đợi,chờ đợi,to wait; to await,,
word_kết hôn,kết hôn,to get married,,
word_hình thành,hình thành,to form; to take shape,,
word_nhiệt độ,nhiệt độ,temperature,,
word_thế kỷ,thế kỷ,Alternative spelling of thế kỉ,,
word_kẻ thù,kẻ thù,enemy; foe,,
word_hành chính,hành chính,administrative,,
word_Hoa Kỳ,Hoa Kỳ,alternative spelling of Hoa Kì,,
word_chứng kiến,chứng kiến,to witness; to see,,
word_kỷ niệm,kỷ niệm,memory / to commemorate,,
word_tâm lý,tâm lý,Alternative spelling of tâm lí,,
word_nổi bật,nổi bật,distinguished; notable; salient; prominent,,
word_tự động,tự động,"automatic, spontaneous",,
word_tình huống,tình huống,"situation, state of affairs",,
word_thanh toán,thanh toán,to pay,,
word_tôn trọng,tôn trọng,to respect; to honour; to revere,,
word_nghỉ ngơi,nghỉ ngơi,to rest,,
word_nhập khẩu,nhập khẩu,to import,,
word_âm thanh,âm thanh,sound,,
word_sợ hãi,sợ hãi,"scared, afraid",,
word_thuận lợi,thuận lợi,favourable,,
word_thôn,thôn,village,,
word_tồi tệ,tồi tệ,bad; evil; terrible,,
word_thừa nhận,thừa nhận,"to recognise (one's shortcomings, faults, etc.)",,
word_độc đáo,độc đáo,unique; original,,
word_bàn tay,bàn tay,hand; hand; participation; involvement,,
word_hiện tượng,hiện tượng,a phenomenon,,
word_tối đa,tối đa,at most; maximum,,
word_báo chí,báo chí,the press,,
word_động cơ,động cơ,state of someone's mind when committing a crime,,
word_hoàn cảnh,hoàn cảnh,"circumstances, especially historical circumstances, or sur…",,
word_đạo đức,đạo đức,morality; ethics,,
word_ả,ả,elder sister; villainess,,
word_thành phần,thành phần,"component, constituent, composition, background",,
word_thảo luận,thảo luận,to discuss,,
word_quá khứ,quá khứ,the past,,
word_giải thưởng,giải thưởng,a prize; award; trophy,,
word_làm ăn,làm ăn,to work (for one's living); to make a living,,
word_chiến trận,chiến trận,battle,,
word_hài lòng,hài lòng,contented; satisfied,,
word_khó chịu,khó chịu,uncomfortable; uneasy; intolerable,,
word_thống nhất,thống nhất,to unite; to unify,,
word_thực ra,thực ra,actually; in fact; really,,
word_tết,tết,"to plait; to twist (rope, hair, etc.)",,
word_mẹ kiếp,mẹ kiếp,damn it,,
word_tham quan,tham quan,to visit and examine thoroughly (a fascinating place),,
word_đám cưới,đám cưới,wedding,,
word_sống sót,sống sót,to survive,,
word_quý vị,quý vị,you,,
word_Huế,Huế,Hue (a large city in Central Vietnam),,
word_đàn bà,đàn bà,woman (adult female human),,
word_im lặng,im lặng,silent,,
word_Sài Gòn,Sài Gòn,Saigon,,
word_cổ phần,cổ phần,"equity (ownership, especially in terms of net monetary val…",,
word_ngôn ngữ,ngôn ngữ,language,,
word_em gái,em gái,younger sister,,
word_năm học,năm học,a school year,,
word_bất động sản,bất động sản,real estate (property that cannot easily be moved),,
word_thành tích,thành tích,achievement; attainment; (academic) results,,
word_lợi nhuận,lợi nhuận,profit,,
word_vĩ đại,vĩ đại,"great, extraordinary",,
word_vô địch,vô địch,to be the champion,,
word_đổi mới,đổi mới,to renovate; to modernise,,
word_chiến dịch,chiến dịch,a campaign (series of operations undertaken to achieve a s…,,
word_thử nghiệm,thử nghiệm,trial; experiment,,
word_ra đời,ra đời,to be born; to come into the world,,
word_thất vọng,thất vọng,disappointed; disappointment,,
word_ngân sách,ngân sách,budget,,
word_chế biến,chế biến,to process; to refine,,
word_lễ hội,lễ hội,festival,,
word_tài năng,tài năng,talent; skill; talented person; talent,,
word_đóng cửa,đóng cửa,to close the door; to shut the door,,
word_hoàn thiện,hoàn thiện,to complete; to perfect,,
word_thiên nhiên,thiên nhiên,natural; nature,,
word_truy cập,truy cập,to access,,
word_trang trí,trang trí,to decorate,,
word_bản đồ,bản đồ,map,,
word_trang phục,trang phục,costume; attire; dress,,
word_công nhân,công nhân,blue-collar worker; worker,,
word_nhận thức,nhận thức,to get to know; to cognise; to realise,,
word_sinh nhật,sinh nhật,birthday; birthday party,,
word_tạp chí,tạp chí,a journal (newspaper or magazine),,
word_mệt mỏi,mệt mỏi,"tired, exhausted",,
word_quản trị,quản trị,to supervise; to administer; to manage,,
word_tổng hợp,tổng hợp,to join; to unite; to combine; to synthesise,,
word_khốn kiếp,khốn kiếp,Damn! Shit!,,
word_phần lớn,phần lớn,the greatest part; the most part,,
word_tập thể,tập thể,communal; a community or union of people,,
word_kiến trúc,kiến trúc,architecture; structure,,
word_kích thước,kích thước,size; measurement; dimension,,
word_thưởng thức,thưởng thức,"to enjoy, to appreciate",,
word_hành trình,hành trình,a journey,,
word_lưu ý,lưu ý,"to be careful, to watch out",,
word_cổ phiếu,cổ phiếu,a single share/stock issued to prospective investors,,
word_ca sĩ,ca sĩ,a singer (person who sings),,
word_anh trai,anh trai,you (used for a male who the speaker assumes is somewhat o…,,
word_thuyền trưởng,thuyền trưởng,a sea captain,,
word_giải trí,giải trí,to amuse; to relax; to entertain oneself,,
word_khổng lồ,khổng lồ,huge; gigantic; colossal; massive; enormous,,
word_ngăn chặn,ngăn chặn,to prevent; to block; to stop,,
word_áp lực,áp lực,pressuring; stressful; pressure,,
word_đại hội,đại hội,assembly; congress; conference,,
word_động vật,động vật,an animal,,
word_quân sự,quân sự,military,,
word_công bằng,công bằng,just; fair,,
word_tín dụng,tín dụng,credit,,
word_nghệ sĩ,nghệ sĩ,a specialist in humanities,,
word_đa dạng,đa dạng,diversified; diverse,,
word_yêu thương,yêu thương,to love and cherish; to be attached to,,
word_thời tiết,thời tiết,weather,,
word_mãi mãi,mãi mãi,for a very long time; always and always,,
word_biểu diễn,biểu diễn,to perform,,
word_Đoàn,Đoàn,a surname from Chinese,,
word_năm ngoái,năm ngoái,last year,,
word_hội thảo,hội thảo,a formal meeting where important topics are discussed,,
word_toàn cầu,toàn cầu,whole world; entire world; globe,,
word_tha thứ,tha thứ,to forgive; to pardon,,
word_người yêu,người yêu,lover / partner,,
word_nhà thờ,nhà thờ,a house of worship,,
word_học viên,học viên,"a student who does not go to an accredited institution, bu…",,
word_phát huy,phát huy,to bring into play,,
word_trang web,trang web,web page; website,,
word_bóng đá,bóng đá,association football; soccer,,
word_kịp thời,kịp thời,timely; in time,,
word_thời kỳ,thời kỳ,Alternative spelling of thời kì,,
word_Ấn Độ,Ấn Độ,India (a country in South Asia),,
word_đối tác,đối tác,partner; collaborator,,
word_quy mô,quy mô,"scale, scope",,
word_chủ động,chủ động,active or proactive,,
word_di động,di động,mobile; roving,,
word_thần kinh,thần kinh,mental or nervous; crazy; nuts,,
word_thống kê,thống kê,statistics,,
word_dinh dưỡng,dinh dưỡng,nutrition,,
word_hẹn hò,hẹn hò,to make an appointment; to make a date,,
word_Đông,Đông,a unisex given name from Chinese,,
word_nguyên tắc,nguyên tắc,principle,,
word_thí nghiệm,thí nghiệm,"experiment, test",,
word_khủng bố,khủng bố,"to terrorize, to cause terror",,
word_công nhận,công nhận,to recognize or approve; to agree,,
word_giới hạn,giới hạn,limit; bound,,
word_Bác,Bác,"I/me, the old Ho Chi Minh",,
word_công viên,công viên,a park (ground for recreation),,
word_Google,Google,Google (search engine or company),,
word_trình độ,trình độ,"talented, skilled; level (of ability)",,
word_sang trọng,sang trọng,luxurious and elegant (generally speaking),,
word_chia tay,chia tay,to part ways (with); to say goodbye (to),,
word_ưu tiên,ưu tiên,priority,,
word_bài học,bài học,lesson (for a student); lesson,,
word_sửa chữa,sửa chữa,to repair,,
word_Hùng,Hùng,a male given name from Chinese,,
word_phỏng vấn,phỏng vấn,interview,,
word_vùng đất,vùng đất,land; territory,,
word_công chúa,công chúa,"princess, daughter of a monarch (king, emperor)",,
word_vận chuyển,vận chuyển,to transport; to deliver; to ship,,
word_đáng kể,đáng kể,noticeable; significant; remarkable,,
word_huấn luyện,huấn luyện,to train / coach,,
word_chìa khoá,chìa khoá,key (device designed to open and close a lock),,
word_độc lập,độc lập,independent; independence,,
word_Á,Á,"Asian (of, from or relating to Asia)",,
word_tiếp xúc,tiếp xúc,to make contact (with something),,
word_quyền lực,quyền lực,power; authority,,
word_phụ thuộc,phụ thuộc,to depend (on); to be dependent (on),,
word_linh hồn,linh hồn,"soul, spirit",,
word_khuôn mặt,khuôn mặt,face; facial appearance,,
word_quái vật,quái vật,monster,,
word_gương mặt,gương mặt,face; look; expression (of the face),,
word_phản bội,phản bội,to betray; to be unfaithful to,,
word_từ bỏ,từ bỏ,to abandon; to disown; to reject; to renounce,,
word_giấy tờ,giấy tờ,documents,,
word_phát hành,phát hành,"to release (to make available to the public), to publish",,
word_thủ đô,thủ đô,capital city of a sovereign state or a de facto independen…,,
word_khắc phục,khắc phục,to overcome a weakness or shortcoming,,
word_hậu quả,hậu quả,consequence; aftermath,,
word_coi chừng,coi chừng,to watch out; to look out,,
word_hàng loạt,hàng loạt,"mass (production, storage, distribution, etc.)",,
word_mua sắm,mua sắm,to go shopping,,
word_tuyên truyền,tuyên truyền,to propagate; propaganda,,
word_sân khấu,sân khấu,stage,,
word_tổng số,tổng số,total amount; total,,
word_đề tài,đề tài,"subject, theme; project",,
word_uy tín,uy tín,reputable; credibility,,
word_Thái Lan,Thái Lan,Thailand (a country in Southeast Asia),,
word_bà con,bà con,"y'all, my rural townspeople; relatives",,
word_cam kết,cam kết,to pledge (to); to commit (to); pledge,,
word_chấm dứt,chấm dứt,to end; to terminate; to put an end to,,
word_triệu chứng,triệu chứng,a sign; omen,,
word_người thân,người thân,relative (someone in the same family,,
word_trình bày,trình bày,to present; to set forth,,
word_đâu đó,đâu đó,somewhere,,
word_ăn uống,ăn uống,to consume foods and drinks (generally speaking),,
word_kích thích,kích thích,to stimulate; to incite; to excite,,
word_vừa mới,vừa mới,just; recently; newly,,
word_cơ chế,cơ chế,mechanism; structure,,
word_tin tức,tin tức,news,,
word_hầu hết,hầu hết,nearly all; almost all; most,,
word_quyến rũ,quyến rũ,to seduce; to charm; to captivate; charming,,
word_ý thức,ý thức,to recognize; to be aware of; consciousness,,
word_mô tả,mô tả,to describe,,
word_đề xuất,đề xuất,to suggest; to put forward; to propose,,
word_vũ trụ,vũ trụ,the universe; outer space,,
word_nguyên liệu,nguyên liệu,raw material; an ingredient,,
word_trường học,trường học,school,,
word_ghi nhận,ghi nhận,to record; to acknowledge,,
word_thói quen,thói quen,habit,,
word_trưởng thành,trưởng thành,to grow up; mature,,
word_gia tăng,gia tăng,to increase,,
word_thúc đẩy,thúc đẩy,to promote; to speed up; to motivate,,
word_đồng nghiệp,đồng nghiệp,colleague,,
word_trẻ con,trẻ con,childish; infantile; children,,
word_vật liệu,vật liệu,material,,
word_miêu tả,miêu tả,to describe; to outline,,
word_tiêu thụ,tiêu thụ,to sell (goods); to consume; to use,,
word_xét nghiệm,xét nghiệm,medical test,,
word_tiêu diệt,tiêu diệt,"to kill, to apply genocide, to destroy",,
word_em trai,em trai,younger brother,,
word_giải phóng,giải phóng,to liberate; to free; to emancipate,,
word_phân phối,phân phối,to distribute; to allocate; distributive,,
word_vật chất,vật chất,matter; material; substance,,
word_đau đớn,đau đớn,painful; sore,,
word_phóng viên,phóng viên,a correspondent or reporter,,
word_trực tuyến,trực tuyến,online,,
word_đại tá,đại tá,senior colonel; commodore,,
word_sĩ quan,sĩ quan,a commissioned officer,,
word_hôn nhân,hôn nhân,marriage,,
word_tính toán,tính toán,to calculate (to determine the value of something by a mat…,,
word_thế mà,thế mà,but; however; yet; still; nevertheless,,
word_phương án,phương án,the rundown of a course of action,,
word_xoá,xoá,to efface; to rub out; to erase; to delete,,
word_ra lệnh,ra lệnh,to issue a command,,
word_tham khảo,tham khảo,to consult; to reference; to refer to,,
word_lãi suất,lãi suất,an interest rate,,
word_bắt cóc,bắt cóc,to kidnap; to abduct,,
word_ca khúc,ca khúc,song,,
word_Trung,Trung,a male given name from Chinese; Sino-,,
word_điên rồ,điên rồ,crazy / insane,,
word_công đoàn,công đoàn,"labor union, trade union",,
word_chỉ số,chỉ số,an index,,
word_chứng khoán,chứng khoán,security (financial instrument),,
word_mặt hàng,mặt hàng,commodities of commerce; product; item,,
word_nội thất,nội thất,furniture,,
word_loại bỏ,loại bỏ,to reject; to discard (generally speaking),,
word_bố trí,bố trí,to arrange (things or manpower) in proper places,,
word_giờ đây,giờ đây,"now, at present",,
word_khuyến khích,khuyến khích,to encourage,,
word_khởi động,khởi động,"to boot, to start up; to warm up",,
word_cao đẳng,cao đẳng,related to junior college/community college,,
word_đại uý,đại uý,captain; lieutenant,,
word_Hoàng,Hoàng,a surname from Chinese,,
word_biên giới,biên giới,border,,
word_rủi ro,rủi ro,risky; hazardous; unfortunate; risk,,
word_vết thương,vết thương,wound; site of injury; cut,,
word_mất tích,mất tích,to go missing; to disappear,,
word_hy sinh,hy sinh,Alternative spelling of hi sinh,,
word_kế toán,kế toán,accounting,,
word_phó chủ tịch,phó chủ tịch,vice-chairman,,
word_Phật,Phật,Buddha,,
word_tiềm năng,tiềm năng,potential,,
word_đam mê,đam mê,to be passionate about; obsessed with,,
word_chất liệu,chất liệu,material; matter; component,,
word_chịu đựng,chịu đựng,to endure; to bear; to withstand; forbearing,,
word_thiệt hại,thiệt hại,to suffer a damage or loss; damage,,
word_thắc mắc,thắc mắc,to wonder (about something); question,,
word_đánh bại,đánh bại,to defeat,,
word_biểu tượng,biểu tượng,symbol,,
word_triển lãm,triển lãm,to put on exhibit; to display; exhibition,,
word_lắng nghe,lắng nghe,to listen attentively; to be all ears,,
word_thiết lập,thiết lập,"to set up, to form, to establish",,
word_cực kỳ,cực kỳ,alternative spelling of cực kì,,
word_so sánh,so sánh,to compare; simile,,
word_giảng dạy,giảng dạy,to teach; to instruct; to lecture; to preach,,
word_địa ngục,địa ngục,hell (abode for the condemned),,
word_thư viện,thư viện,library (institution which holds books etc.),,
word_cầu nguyện,cầu nguyện,to pray (a spiritual act to communicate with the divine),,
word_ý định,ý định,intention,,
word_chủ nghĩa,chủ nghĩa,an ideology; doctrine; system of thought,,
word_tư tưởng,tư tưởng,thought; ideology,,
word_nhấn mạnh,nhấn mạnh,to stress; to emphasise,,
word_phân biệt,phân biệt,to distinguish; to discriminate; to discern,,
word_thử thách,thử thách,to challenge; to try; to put to the test,,
word_một ít,một ít,a little bit,,
word_xấu hổ,xấu hổ,to be ashamed; to be embarrassed,,
word_quy trình,quy trình,process / procedure,,
word_khẩn cấp,khẩn cấp,urgent; pressing; emergent,,
word_nâng cấp,nâng cấp,to upgrade; to improve,,
word_phong phú,phong phú,abundant; rich; plentiful,,
word_hạt nhân,hạt nhân,nuclear; a nucleus,,
word_hầu như,hầu như,"almost, nearly",,
word_ông già,ông già,old man; elderly man; old man (father),,
word_phụ huynh,phụ huynh,parent (of a pupil),,
word_dự báo,dự báo,"to forecast, to predict",,
word_thách thức,thách thức,to challenge; to defy; challenge,,
word_con cái,con cái,children; offspring (generally speaking),,
word_đa số,đa số,majority,,
word_phục hồi,phục hồi,to restore; to recover,,
word_giao tiếp,giao tiếp,to communicate; to associate with,,
word_khảo sát,khảo sát,to investigate; to survey; to examine,,
word_toà án,toà án,court (tribunal),,
word_đẩy mạnh,đẩy mạnh,to push forward; to promote; to advance,,
word_tuyệt đối,tuyệt đối,absolute,,
word_vậy mà,vậy mà,but; however; yet; still,,
word_trật tự,trật tự,orderly; order (good arrangement),,
word_biểu hiện,biểu hiện,to express; to manifest; expression,,
word_hiện trường,hiện trường,a scene (where something happened),,
word_bền vững,bền vững,strong; firm; unshakeable; sustainable,,
word_nữ hoàng,nữ hoàng,a queen regnant or an empress regnant,,
word_khoảng cách,khoảng cách,"distance, space",,
word_Tây Ban Nha,Tây Ban Nha,Spanish,,
word_quyết tâm,quyết tâm,to be determined (to),,
word_công dân,công dân,a citizen,,
word_kết luận,kết luận,to conclude; conclusion,,
word_thái độ,thái độ,to have a bad attitude towards; attitude,,
word_quê hương,quê hương,hometown; birthplace; homeland; motherland,,
word_tương đương,tương đương,which is equivalent to the fact that,,
word_định hướng,định hướng,to determine the direction; to set course,,
word_vớ vẩn,vớ vẩn,ridiculous; stupid; nonsensical,,
word_diễn đàn,diễn đàn,forum,,
word_trung học,trung học,secondary education,,
word_tài nguyên,tài nguyên,resources,,
word_thi công,thi công,to construct or repair a building or infrastructure facility,,
word_tài trợ,tài trợ,"to sponsor, fund or finance (a partner, program, venture o…",,
word_nhận định,nhận định,"to judge (to form an opinion, infer or suppose something)",,
word_trước hết,trước hết,firstly; first of all,,
word_đặc trưng,đặc trưng,"characteristic, feature",,
word_sơ cứu,sơ cứu,first aid,,
word_cân bằng,cân bằng,to balance; balanced; equal; balance,,
word_chỉ tiêu,chỉ tiêu,target; quota,,
word_lãng mạn,lãng mạn,"romantic (concerned with, or conducive to, romance and love)",,
word_phá huỷ,phá huỷ,to destroy; to demolish; to ruin,,
word_giao lưu,giao lưu,"to exchange (ideas, discourse, etc.)",,
word_số phận,số phận,fate; destiny (usually bad); life or lifespan,,
word_lâu dài,lâu dài,long,,
word_vận tải,vận tải,to transport,,
word_trời ơi,trời ơi,good heavens; good God; good Lord; oh my God,,
word_dân chủ,dân chủ,democratic; democracy,,
word_chặt chẽ,chặt chẽ,tightly; closely; strictly; rigidly,,
word_ngoại giao,ngoại giao,diplomacy; foreign affairs,,
word_đấu tranh,đấu tranh,to struggle; to fight,,
word_thân thiện,thân thiện,friendly; amicable,,
word_chứng nhận,chứng nhận,to certify,,
word_trung thành,trung thành,loyal; faithful; true; devoted,,
word_nhà văn,nhà văn,writer,,
word_nhận xét,nhận xét,to observe; to comment; to remark; to judge,,
word_bảo tàng,bảo tàng,museum,,
word_doanh thu,doanh thu,earnings,,
word_hoàng tử,hoàng tử,prince (son or male-line grandson of a reigning monarch),,
word_nước mắt,nước mắt,tear (liquid from the eyes),,
word_trình diễn,trình diễn,to perform,,
word_khủng khiếp,khủng khiếp,to be terrible; to be dreadful,,
word_danh hiệu,danh hiệu,honourable name; title; appellation,,
word_học bổng,học bổng,"scholarship, grant",,
word_ban hành,ban hành,to promulgate (a law or decree); to enforce,,
word_Minh,Minh,a male given name from Chinese,,
word_kinh phí,kinh phí,appropriation (for public affairs),,
word_cấp cứu,cấp cứu,emergency,,
word_nằm xuống,nằm xuống,to lie down; to die,,
word_kỳ lạ,kỳ lạ,Alternative spelling of kì lạ,,
word_dân cư,dân cư,population (of a place); inhabitants,,
word_vận hành,vận hành,"to run, to be operational, to function",,
word_cô giáo,cô giáo,female teacher,,
word_tình nguyện,tình nguyện,to volunteer,,
word_xe tải,xe tải,truck/lorry,,
word_sinh học,sinh học,biology,,
word_liên bang,liên bang,federal; federative; interstate,,
word_phạm vi,phạm vi,range; scope; realm; extent,,
word_sâu sắc,sâu sắc,deep; profound,,
word_tiêu chí,tiêu chí,criterion,,
word_tiếp nhận,tiếp nhận,to receive; to accept,,
word_tiết lộ,tiết lộ,"to reveal, to disclose",,
word_cài đặt,cài đặt,to install; to configure,,
word_nghị quyết,nghị quyết,resolution; decision (after a formal meeting),,
word_hạ tầng,hạ tầng,short for hạ tầng công tác (“to downgrade (as a form of di…,,
word_giáng sinh,giáng sinh,to be born; to incarnate,,
word_nền tảng,nền tảng,foundation; basis; platform,,
word_nhân lực,nhân lực,manpower; human resources,,
word_phu nhân,phu nhân,a First Lady,,
word_sự việc,sự việc,"an intangible thing, such as an affair, a happening or an …",,
word_chiến binh,chiến binh,warrior; combatant; fighter,,
word_xe máy,xe máy,a vehicle that is either a mô tô (“high capacity motorcycl…,,
word_hâm mộ,hâm mộ,"to like, to be fond of, to be a fan of",,
word_phụ trách,phụ trách,to be in charge of; to be responsible for,,
word_huy động,huy động,"to mobilise (people, money); to raise (funds)",,
word_vất vả,vất vả,"hard, laborious, difficult",,
word_thông điệp,thông điệp,diplomatic note; official note; correspondence,,
word_đi lại,đi lại,to go back and forth,,
word_tiểu học,tiểu học,primary education,,
word_yên tâm,yên tâm,to feel at ease / don't worry,,
word_giá cả,giá cả,price,,
word_trị giá,trị giá,to be worth (a certain amount of money),,
word_chứng tỏ,chứng tỏ,to prove; to demonstrate,,
word_cô đơn,cô đơn,lonely,,
word_đặc điểm,đặc điểm,peculiarity; feature; characteristic,,
word_rối loạn,rối loạn,disorderly; disturbed; troubled; a disorder,,
word_người lớn,người lớn,adult; grown-up,,
word_đương nhiên,đương nhiên,obviously; evidently; apparently; obvious,,
word_biến đổi,biến đổi,to change; to fluctuate,,
word_văn học,văn học,literature,,
word_đồ chơi,đồ chơi,a toy; plaything,,
word_tâm sự,tâm sự,to bare one's soul,,
word_thay vì,thay vì,instead of,,
word_vụ việc,vụ việc,case; incident; matter,,
word_thỉnh thoảng,thỉnh thoảng,Sometimes,,
word_bàn thờ,bàn thờ,altar,,
word_khủng hoảng,khủng hoảng,crisis,,
word_hân hạnh,hân hạnh,honoured / pleased,,
word_khoảnh khắc,khoảnh khắc,moment,,
word_cửa hiệu,cửa hiệu,shop,,
word_can thiệp,can thiệp,to intervene,,
word_ấm áp,ấm áp,warm,,
word_kịch ngắn,kịch ngắn,short play,,
word_trân trọng,trân trọng,to value / respectfully,,
word_có ích,có ích,useful,,
word_bận rộn,bận rộn,busy,,
word_xe buýt,xe buýt,bus,,
word_tò mò,tò mò,curious,,
word_mồ hôi,mồ hôi,sweat,,
word_từ thiện,từ thiện,charity,,
word_điển hình,điển hình,typical,,
word_bán buôn,bán buôn,wholesale,,
word_tài xế,tài xế,driver,,
word_linh hoạt,linh hoạt,flexible,,
word_kinh hồn,kinh hồn,terrifying,,
word_dị ứng,dị ứng,allergy,,
word_tâm trạng,tâm trạng,mood,,
word_bồi thường,bồi thường,to compensate,,
word_kiên nhẫn,kiên nhẫn,patient / patience,,
word_đồ đạc,đồ đạc,belongings / furniture,,
word_khởi hành,khởi hành,to depart,,
word_lang thang,lang thang,to wander,,
word_dự phòng,dự phòng,backup / spare,,
word_hiền lành,hiền lành,gentle / kind-hearted,,
word_giám khảo,giám khảo,judge (of a contest),,
word_mềm mại,mềm mại,soft / supple,,
word_chu đáo,chu đáo,thoughtful / attentive,,
word_ngưỡng mộ,ngưỡng mộ,to admire,,
word_vĩnh viễn,vĩnh viễn,forever / permanent,,
word_thung lũng,thung lũng,valley,,
word_quyết chí,quyết chí,determined,,
word_song song,song song,parallel / alongside,,
word_ngư dân,ngư dân,fisherman,,
word_lễ tân,lễ tân,reception,,
word_giả thuyết,giả thuyết,hypothesis,,
word_thủ công,thủ công,handmade / manual,,
word_hải sản,hải sản,seafood,,
word_hộ chiếu,hộ chiếu,passport,,
word_kỳ tích,kỳ tích,miracle / feat,,
word_trí nhớ,trí nhớ,memory (faculty),,
word_thất nghiệp,thất nghiệp,unemployed,,
word_phàn nàn,phàn nàn,to complain,,
word_đàng hoàng,đàng hoàng,proper / decent,,
word_hào hứng,hào hứng,excited,,
word_ranh giới,ranh giới,boundary,,
word_thực đơn,thực đơn,menu,,
word_khai trương,khai trương,to open (a business),,
word_phán xét,phán xét,to judge,,
word_bảo trì,bảo trì,maintenance,,
word_côn trùng,côn trùng,insect,,
word_tái khám,tái khám,follow-up check-up,,
word_nghỉ dưỡng,nghỉ dưỡng,to take a rest cure / resort,,
word_chóng mặt,chóng mặt,dizzy,,
word_vinh danh,vinh danh,to honour,,
word_suy thoái,suy thoái,recession / decline,,
word_cai trị,cai trị,to rule / govern,,
word_liệt kê,liệt kê,to list,,
word_phong tục,phong tục,custom,,
word_phản diện,phản diện,villain / antagonist,,
word_tụ tập,tụ tập,to gather,,
word_thăng chức,thăng chức,to be promoted,,
word_thí dụ,thí dụ,example,,
word_cốt lõi,cốt lõi,core,,
word_thù lao,thù lao,payment / fee,,
word_chằm chằm,chằm chằm,intently (staring),,
word_dã ngoại,dã ngoại,picnic / outdoors,,
word_ghen tị,ghen tị,jealous,,
word_lung lay,lung lay,wobbly / shaky,,
word_mênh mông,mênh mông,vast / immense,,
word_ngẩn ngơ,ngẩn ngơ,dazed / stunned,,
word_su su,su su,chayote,,
word_thụ phấn,thụ phấn,to pollinate,,
word_tráng miệng,tráng miệng,dessert,,
word_vả lại,vả lại,besides / moreover,,
word_vũ điệu,vũ điệu,dance,,
word_xà phòng,xà phòng,soap,,
word_tổng vệ sinh,tổng vệ sinh,general cleaning,,
word_đảm bảo an toàn,đảm bảo an toàn,to ensure safety,,
lesson_vi2_l1_d0,Chào anh. Anh là Nam phải không?,"Hello. You're Nam, right?",,
lesson_vi2_l1_d1,Đúng rồi. Còn chị?,That is right. Are you Lan from the office?,,
lesson_vi2_l1_d2,Tôi là Lan. Rất vui.,I'm Lan. It's good to meet you today.,,
lesson_vi2_l1_d3,Tôi cũng vậy.,Same here — it's good to meet you too.,,
lesson_vi2_l1_d4,Anh có thời gian không?,Have you got a minute?,,
lesson_vi2_l1_d5,Có chứ. Mời chị.,Of course I have time. Go ahead and ask.,,
lesson_vi2_l2_d0,Em đi đâu đấy?,Where are you off to?,,
lesson_vi2_l2_d1,Em về nhà. Còn cô?,Heading home. What about you?,,
lesson_vi2_l2_d2,Cô ở lại làm việc.,I'm staying on to work.,,
lesson_vi2_l2_d3,Cô làm đến khi nào?,Till when?,,
lesson_vi2_l2_d4,Chưa biết. Chắc muộn.,"Not sure. Late, probably.",,
lesson_vi2_l2_d5,Vậy cô giữ sức nhé.,"Take it easy, then.",,
lesson_vi2_l3_d0,Cậu đang làm gì đấy?,What are you up to?,,
lesson_vi2_l3_d1,Đang nấu ăn. Cậu ăn chưa?,Cooking. Have you eaten?,,
lesson_vi2_l3_d2,Chưa. Nhưng tớ không đói lắm.,"Not yet. I'm not that hungry, though.",,
lesson_vi2_l3_d3,Vẫn còn nhiều mà. Ăn với tớ đi.,There's loads left. Eat with me.,,
lesson_vi2_l3_d4,"Ừ, cũng được.","Alright then, I will eat with you.",,
lesson_vi2_l3_d5,Ngồi đi. Sắp xong rồi.,Sit down here. The food is nearly ready.,,
lesson_vi2_l4_d0,Cái này bao nhiêu?,How much is this one?,,
lesson_vi2_l4_d1,Hai trăm nghìn.,Two hundred thousand.,,
lesson_vi2_l4_d2,Đắt hơn cái kia nhiều.,That is much more expensive than the other one.,,
lesson_vi2_l4_d3,Nhưng cái này tốt hơn.,"This one's better, though.",,
lesson_vi2_l4_d4,Em muốn nghĩ thêm đã.,I would like to think about it a bit more.,,
lesson_vi2_l4_d5,"Vâng, chị cứ xem.","Sure, take your time.",,
lesson_vi2_l5_d0,Ai đấy?,Who is at the door?,,
lesson_vi2_l5_d1,Em đây. Chị ở nhà không?,It's me. Are you home?,,
lesson_vi2_l5_d2,Có. Em lên đi.,"Yes, I am home. Come up now.",,
lesson_vi2_l5_d3,Chị ăn chưa?,Have you eaten?,,
lesson_vi2_l5_d4,Chưa. Đợi em về đã.,Not yet. I was waiting for you to come home.,,
lesson_vi2_l5_d5,Vậy mình ăn cùng nhau nhé.,Let's eat together then.,,
lesson_vi2_l6_d0,Hôm nay mẹ có nhà không?,Is Mum home today?,,
lesson_vi2_l6_d1,Có chứ. Mẹ vẫn ở trên nhà.,Of course. She's still upstairs.,,
lesson_vi2_l6_d2,Con mới về hôm qua.,I only got back yesterday.,,
lesson_vi2_l6_d3,Mẹ biết rồi. Mẹ nghe thấy.,Mum already knows. She heard you come in.,,
lesson_vi2_l6_d4,Con lên chào mẹ đây.,I'll go up and say hello.,,
lesson_vi2_l6_d5,"Ừ, đi đi.","Go on up and see her, then.",,
lesson_vi2_l7_d0,Anh giúp em một tay được không?,Could you give me a hand?,,
lesson_vi2_l7_d1,Được chứ. Cần gì?,Sure. What do you need?,,
lesson_vi2_l7_d2,Em tìm mãi không thấy cái chìa khoá.,I can't find the key anywhere.,,
lesson_vi2_l7_d3,Đừng lo. Để anh xem.,Don't worry. Let me look.,,
lesson_vi2_l7_d4,Đây rồi! Cảm ơn anh nhé.,Here it is! Thanks.,,
lesson_vi2_l7_d5,Không có gì.,It was really no bother at all yesterday.,,
lesson_vi2_l8_d0,Tớ gặp cậu ở đâu nhỉ?,Where did I see you before?,,
lesson_vi2_l8_d1,"Hôm nọ, ở quán cà phê.","The other day, at the café.",,
lesson_vi2_l8_d2,À đúng rồi! Cậu ngồi bên kia.,Oh right! You were sitting over there.,,
lesson_vi2_l8_d3,Ừ. Tớ nhìn thấy cậu mà không dám gọi.,"Yeah, I saw you there but I did not want to shout.",,
lesson_vi2_l8_d4,"Trời, gọi đi chứ.","Come on, you should have.",,
lesson_vi2_l8_d5,Lần sau nhé.,I will call out to you next time.,,
lesson_vi2_l9_d0,Đi xe gì cho nhanh?,Which vehicle is the quickest way to get there?,,
lesson_vi2_l9_d1,Xe máy. Đường này hay tắc lắm.,Motorbike. This road gets jammed.,,
lesson_vi2_l9_d2,Mất bao nhiêu tiền?,How much will it cost?,,
lesson_vi2_l9_d3,Không nhiều đâu. Vài chục nghìn thôi.,It is not much money. A few tens of thousands.,,
lesson_vi2_l9_d4,Thế thì đi luôn.,"Let us go there now, then.",,
lesson_vi2_l9_d5,Ăn gì trước đã. Còn sớm.,Eat something first. There's time.,,
lesson_vi2_l10_d0,Chị có thích cái này không?,Do you like this one?,,
lesson_vi2_l10_d1,Thích chứ. Nhưng hơi đắt.,"I do like it. It is a bit expensive, though.",,
lesson_vi2_l10_d2,Em xin thêm mười phần trăm nhé.,I'll take another ten percent off.,,
lesson_vi2_l10_d3,Thế thì lấy. Mang về luôn được không?,Then I'll take it. Can I take it now?,,
lesson_vi2_l10_d4,Được ạ. Chị đợi em một chút.,Of course you can. Please wait one moment.,,
lesson_vi2_l10_d5,"Ừ, cảm ơn em.","Thank you, you have helped me a lot.",,
lesson_vi2_l11_d0,"Xin lỗi, cho hỏi phòng 203 ở đâu ạ?",Sorry — where's room 203?,,
lesson_vi2_l11_d1,"Lên tầng hai, rẽ phải.","Second floor, turn right.",,
lesson_vi2_l11_d2,Cảm ơn chị nhiều ạ.,"Thank you, you have helped me very much yesterday.",,
lesson_vi2_l11_d3,Không có gì. Em học ở đây à?,Not at all. Do you study at this school?,,
lesson_vi2_l11_d4,"Vâng, em mới vào trường.","Yes, I've just started.",,
lesson_vi2_l11_d5,Thế thì chúc em học tốt nhé.,"Good luck with it, then.",,
lesson_vi2_l12_d0,Gia đình em có mấy người?,How many are there in your family?,,
lesson_vi2_l12_d1,"Bốn ạ. Bố mẹ, em và một chị.","Four. Mum and Dad, me and a sister.",,
lesson_vi2_l12_d2,Chị em làm việc ở đâu?,Where does your sister work?,,
lesson_vi2_l12_d3,Chị ấy làm ở Hà Nội. Bây giờ ít về lắm.,In Hanoi. She hardly gets back these days.,,
lesson_vi2_l12_d4,Chắc em nhớ chị.,You must miss her.,,
lesson_vi2_l12_d5,Có chứ. Nhưng vẫn gọi suốt.,"I do. We're always on the phone, though.",,
lesson_vi2_l13_d0,Anh làm ở công ty nào?,Which company do you work at?,,
lesson_vi2_l13_d1,Một công ty nhỏ dưới quận 3.,A small one down in District 3.,,
lesson_vi2_l13_d2,Làm lâu chưa?,Have you worked there long?,,
lesson_vi2_l13_d3,Hai năm rồi. Cũng đủ hiểu việc.,Two years. Long enough to know the job.,,
lesson_vi2_l13_d4,Thế là tốt. Giữ được chỗ ổn định.,That is good. It sounds like a steady place.,,
lesson_vi2_l13_d5,"Ừ, cũng may.","Yeah, I think I was quite lucky yesterday.",,
lesson_vi2_l14_d0,"Chị ơi, cái này giá bao nhiêu?",Excuse me — how much is this?,,
lesson_vi2_l14_d1,"Dạ, hai trăm ạ.",Two hundred.,,
lesson_vi2_l14_d2,Bớt chút được không chị?,Is there any chance of taking a bit off the price?,,
lesson_vi2_l14_d3,Một trăm tám nhé. Giá đó là tốt rồi.,One eighty. That's a good price.,,
lesson_vi2_l14_d4,"Vâng, em lấy. Cảm ơn chị.","Alright, I'll take it. Thank you.",,
lesson_vi2_l14_d5,Cảm ơn em nhé.,"Thank you, please come again yesterday.",,
lesson_vi2_l15_d0,Mai bắt đầu lúc mấy giờ?,What time does it start tomorrow?,,
lesson_vi2_l15_d1,Tám giờ sáng. Đừng đến muộn.,Eight in the morning. Don't be late.,,
lesson_vi2_l15_d2,Chỗ đó ở phía nào?,Which direction is that place in?,,
lesson_vi2_l15_d3,"Phía kia, gần trung tâm thành phố.","Over that way, near the city centre.",,
lesson_vi2_l15_d4,Được rồi. Em đi sớm cho chắc.,Right. I'll leave early to be safe.,,
lesson_vi2_l15_d5,"Ừ, đường sáng hay tắc.","Yeah, the roads jam in the morning.",,
lesson_vi2_l16_d0,Tối qua em không ổn lắm.,I wasn't great last night.,,
lesson_vi2_l16_d1,Sao thế? Bệnh à?,How come? Are you ill?,,
lesson_vi2_l16_d2,Chắc do thời tiết. Giờ đỡ rồi.,"The weather, probably. Better now.",,
lesson_vi2_l16_d3,Em phải nói chuyện với bác sĩ chứ.,You ought to speak to a doctor.,,
lesson_vi2_l16_d4,Nếu mai chưa đỡ thì em đi.,"If it's no better tomorrow, I'll go.",,
lesson_vi2_l16_d5,Nhớ đấy nhé.,Make sure that you go tomorrow.,,
lesson_vi2_l17_d0,Ngồi đây đi. Anh uống gì?,Sit here. What'll you have?,,
lesson_vi2_l17_d1,Cho em cà phê đá.,Iced coffee for me.,,
lesson_vi2_l17_d2,Chờ chút nhé.,Won't be a minute.,,
lesson_vi2_l17_d3,Tối nay vui thật.,Tonight has been really good fun.,,
lesson_vi2_l17_d4,Ừ. Nhưng mai anh phải dậy sớm.,It has. But I'm up early tomorrow.,,
lesson_vi2_l17_d5,Thế thì về ngủ đi.,"Get yourself home to bed, then.",,
lesson_vi2_l18_d0,Lâu rồi không gặp!,Long time no see!,,
lesson_vi2_l18_d1,"Ừ, mấy tuần rồi. Dạo này thế nào?","Yeah, it has been a few weeks. How have you been lately?",,
lesson_vi2_l18_d2,Công việc thay đổi nhiều.,Work's changed a lot.,,
lesson_vi2_l18_d3,Tốt hay xấu?,Better or worse?,,
lesson_vi2_l18_d4,Tốt hơn. Bận hơn thôi.,Better. Just busier.,,
lesson_vi2_l18_d5,Thế là mừng cho anh.,Good to hear.,,
lesson_vi2_l19_d0,Em quyết định chưa?,Have you decided yet?,,
lesson_vi2_l19_d1,Chưa. Khó quá anh ạ.,I have not decided yet. It is really difficult yesterday.,,
lesson_vi2_l19_d2,Em sợ điều gì?,What are you afraid will happen?,,
lesson_vi2_l19_d3,Sợ chọn sai rồi hối hận.,I am afraid I will choose wrong and regret it.,,
lesson_vi2_l19_d4,Cho em thêm vài phút nghĩ nhé.,Take a few more minutes to think about it.,,
lesson_vi2_l19_d5,"Vâng, em cám ơn anh nhiều.","Yes, I will think about it. Thank you very much.",,
lesson_vi2_l20_d0,Kế hoạch tuần này xong chưa?,Is this week's plan finished yet?,,
lesson_vi2_l20_d1,Gần xong rồi. Còn một phần nhỏ.,Nearly finished. There is one small part left.,,
lesson_vi2_l20_d2,Nhớ kiểm tra phần an toàn nhé.,Remember to check the safety part.,,
lesson_vi2_l20_d3,"Vâng, em làm cuối cùng.","Yes, I will do that one last.",,
lesson_vi2_l20_d4,Tốt. Có gì thì báo anh.,Good. Let me know if anything comes up.,,
lesson_vi2_l20_d5,Em sẽ báo anh ngay ạ.,I will tell you about it right away.,,
lesson_vi2_l21_d0,Tối nay xem phim không?,Shall we watch a film tonight?,,
lesson_vi2_l21_d1,Có. Nhưng ăn trước đã nhé.,Yes. But let us eat first.,,
lesson_vi2_l21_d2,Em thích món gì?,Which dish would you like to eat?,,
lesson_vi2_l21_d3,Món nào cũng được anh ạ.,Any dish at all is fine with me.,,
lesson_vi2_l21_d4,Thế thì quán quen nhé.,"Let us go to the usual place, then yesterday.",,
lesson_vi2_l21_d5,"Vâng, quán đó mở muộn.","Yes, that place opens late.",,
lesson_vi2_l22_d0,Em gửi bài cho lớp chưa?,Have you sent the work to the class yet?,,
lesson_vi2_l22_d1,Rồi ạ. Em gửi sáng nay.,Yes I have. I sent it this morning.,,
lesson_vi2_l22_d2,Cả nhóm nhận được chứ?,Did the whole group get the work yesterday?,,
lesson_vi2_l22_d3,Chắc chắn rồi ạ.,"Yes, they definitely got it yesterday.",,
lesson_vi2_l22_d4,Mùa này nhiều việc nhỉ.,"There is a lot of work this season, is there not?",,
lesson_vi2_l22_d5,"Vâng, bận thật anh ạ.","Yes, it really is busy.",,
lesson_vi2_l23_d0,Em cảm thấy thế nào rồi?,How are you feeling now?,,
lesson_vi2_l23_d1,Đỡ hơn hôm qua nhiều ạ.,Much better than yesterday.,,
lesson_vi2_l23_d2,Bác sĩ nói sao?,What did the doctor say?,,
lesson_vi2_l23_d3,Bác sĩ bảo nghỉ vài hôm.,The doctor said to rest for a few days.,,
lesson_vi2_l23_d4,Thế thì nghỉ cho khỏe hẳn.,Then you should rest until you are properly well.,,
lesson_vi2_l23_d5,"Vâng, em sẽ về sớm hôm nay.","Yes, I will go home early today.",,
lesson_vi2_l24_d0,Chuẩn bị xong chưa em?,Have you finished getting ready?,,
lesson_vi2_l24_d1,Sắp xong rồi ạ.,I have almost finished getting ready.,,
lesson_vi2_l24_d2,Đừng quên điện thoại nhé.,Do not forget your phone.,,
lesson_vi2_l24_d3,"May quá, em quên thật.","Lucky you said that, I really had forgotten.",,
lesson_vi2_l24_d4,Anh đợi ở ngoài.,I will wait outside.,,
lesson_vi2_l24_d5,Em ra ngay đây ạ.,I will come outside right now.,,
lesson_vi2_l25_d0,Em học đại học ở đâu?,Where do you go to university?,,
lesson_vi2_l25_d1,Em học ở trên thành phố ạ.,I study at a university in the city yesterday.,,
lesson_vi2_l25_d2,Học có khó không em?,Is the studying there difficult?,,
lesson_vi2_l25_d3,Cũng không dễ đâu anh ạ.,"It is not very easy, no.",,
lesson_vi2_l25_d4,Cố lên. Rồi sẽ thành công thôi.,Keep at it. You will succeed in the end.,,
lesson_vi2_l25_d5,"Vâng, em cảm ơn anh nhiều.",Yes I will. Thank you very much.,,
lesson_vi2_l26_d0,Em nhờ anh một việc được không?,Could I ask you to do something for me?,,
lesson_vi2_l26_d1,Được chứ. Em cứ nói đi.,Of course you can. Just go ahead and say it.,,
lesson_vi2_l26_d2,Anh trả lời giúp em cái thư này.,Please answer this letter for me.,,
lesson_vi2_l26_d3,Để anh đọc đã rồi trả lời.,Let me read it first and then answer.,,
lesson_vi2_l26_d4,Em đợi anh ở ngoài nhé.,I will wait for you outside.,,
lesson_vi2_l26_d5,"Ừ, anh làm ngay bây giờ.","Alright, I will do it right now.",,
lesson_vi2_l27_d0,Con trai chị học lớp mấy rồi?,What year is your son in now?,,
lesson_vi2_l27_d1,Cháu học lớp năm rồi anh ạ.,He is in year five now.,,
lesson_vi2_l27_d2,Nhanh thật. Cháu học có tốt không?,That was quick. Is he doing well?,,
lesson_vi2_l27_d3,Cũng được. Cháu học mạnh môn toán.,Not bad. He is strong at maths.,,
lesson_vi2_l27_d4,Giỏi quá. Chúc cháu học tốt.,Very good. I wish him well with it.,,
lesson_vi2_l27_d5,Cảm ơn anh đã hỏi thăm.,Thank you for asking after him.,,
lesson_vi2_l28_d0,Lý do là gì hả em?,What is the reason for it?,,
lesson_vi2_l28_d1,Quy định mới ạ. Từ tháng này.,A new rule. From this month.,,
lesson_vi2_l28_d2,Bên nào cũng phải làm theo à?,Do all the staff have to follow this rule?,,
lesson_vi2_l28_d3,"Vâng, bên nào cũng phải làm theo.","Yes, all the staff have to follow this rule.",,
lesson_vi2_l28_d4,Thế thì hơi khó cho mình.,"That is a bit difficult for us, then.",,
lesson_vi2_l28_d5,Em biết. Nhưng em phải làm theo.,I know. But I have to follow it.,,
lesson_vi2_l29_d0,Em nấu ăn giỏi thật đấy.,You are really good at cooking.,,
lesson_vi2_l29_d1,Anh quá khen rồi ạ.,You are being too kind to me yesterday.,,
lesson_vi2_l29_d2,Anh nói thật mà. Ngon lắm.,I really mean it. It is delicious.,,
lesson_vi2_l29_d3,Em học mẹ em thôi ạ.,I only learned it from my mother.,,
lesson_vi2_l29_d4,Mẹ em nấu chắc còn ngon hơn.,Your mother must cook even better.,,
lesson_vi2_l29_d5,"Vâng, mẹ em nấu ngon hơn nhiều.","Yes, my mother cooks much better.",,
lesson_vi2_l30_d0,Chuyến đi vừa rồi thế nào em?,How was the trip that you just took yesterday?,,
lesson_vi2_l30_d1,Tuyệt vời anh ạ. Đồ ăn ngon lắm.,It was wonderful. The food there was delicious yesterday.,,
lesson_vi2_l30_d2,Có đi được nhiều chỗ không?,Did you get to see many places?,,
lesson_vi2_l30_d3,Đi được khá nhiều nơi ạ.,I got to see quite a few places.,,
lesson_vi2_l30_d4,Thích nhỉ. Lần sau anh đi với.,Sounds good. I will come along next time.,,
lesson_vi2_l30_d5,"Vâng, lần sau mình đi cùng nhau.","Yes, next time let us go together.",,
lesson_vi2_l31_d0,Áo này cũ rồi anh ạ.,This shirt is old now.,,
lesson_vi2_l31_d1,Nhưng anh vẫn thích mặc nó.,But I still like wearing it.,,
lesson_vi2_l31_d2,"Kìa, có cái mới ở kia.","Look, there is a new one over there.",,
lesson_vi2_l31_d3,Để anh xem thử cái đó.,Let me have a look at that one.,,
lesson_vi2_l31_d4,Hôm nay đông người quá.,There are a lot of people today.,,
lesson_vi2_l31_d5,"Ừ, cuối tuần lúc nào cũng đông.","Yes, the weekend is always crowded.",,
lesson_vi2_l32_d0,Sáng nay em dậy muộn quá.,I got up very late this morning.,,
lesson_vi2_l32_d1,Không sao. Ai cũng có hôm như thế.,Never mind. Everyone has days like that.,,
lesson_vi2_l32_d2,Em sẽ cố gắng dậy sớm hơn.,I will try to get up earlier.,,
lesson_vi2_l32_d3,Đơn giản thôi. Ngủ sớm là được.,It is simple. Just sleep earlier.,,
lesson_vi2_l32_d4,Anh nói đúng rồi ạ.,You are right about that.,,
lesson_vi2_l32_d5,Anh cũng hay dậy muộn mà.,I often get up late as well.,,
lesson_vi2_l33_d0,Chỗ này hình như sai rồi.,This part here seems to be wrong.,,
lesson_vi2_l33_d1,Đâu ạ? Anh chỉ em xem.,"Where? Show me, please.",,
lesson_vi2_l33_d2,Chỗ này này. Không chính xác.,Right here. It is not accurate.,,
lesson_vi2_l33_d3,"Vâng, lỗi của em ạ.","Yes, that is my mistake.",,
lesson_vi2_l33_d4,Không sao. Sửa lại là được.,It is fine. Just fix it.,,
lesson_vi2_l33_d5,Em sẽ sửa lại ngay bây giờ.,I will fix it right now.,,
lesson_vi2_l34_d0,Sếp em thế nào?,What is your boss like?,,
lesson_vi2_l34_d1,Cũng được ạ. Nhưng khó tính.,Not bad. But hard to please.,,
lesson_vi2_l34_d2,Anh tưởng em thích chỗ đó.,I thought that you liked that place yesterday.,,
lesson_vi2_l34_d3,Em thích công việc thôi ạ.,I only like the work that I do yesterday.,,
lesson_vi2_l34_d4,Thực tế là như thế à?,Is that how it actually is?,,
lesson_vi2_l34_d5,"Vâng, thực tế là như vậy ạ.","Yes, that is how it actually is.",,
lesson_vi2_l35_d0,Em giới thiệu anh với mọi người nhé.,Let me introduce you to everyone.,,
lesson_vi2_l35_d1,"Vâng, cảm ơn em nhiều.","Yes please, thank you very much yesterday.",,
lesson_vi2_l35_d2,"Đây là anh Nam, nhân viên mới.","This is Nam, our new employee.",,
lesson_vi2_l35_d3,Chào mọi người ạ. Rất vui.,Hello everyone. Very pleased to meet you.,,
lesson_vi2_l35_d4,Mọi người ở đây dễ tính lắm.,Everyone here is very easygoing.,,
lesson_vi2_l35_d5,Thế thì tốt quá anh ạ.,That is very good to hear.,,
lesson_vi2_l36_d0,Anh phải vào bệnh viện à?,Do you have to go into hospital?,,
lesson_vi2_l36_d1,"Ừ, sáng mai. Khám thôi.","Yes, tomorrow morning. Just a check-up.",,
lesson_vi2_l36_d2,Chúc anh mọi việc ổn nhé.,I hope that it all goes well yesterday.,,
lesson_vi2_l36_d3,Cảm ơn em. Chắc không sao đâu.,Thank you. It will probably be fine.,,
lesson_vi2_l36_d4,Có cần em đi cùng không?,Do you need me to come with you?,,
lesson_vi2_l36_d5,Không cần đâu em ạ.,There is no need for that yesterday.,,
lesson_vi2_l37_d0,Em tìm được nhà thuê chưa?,Have you found a place to rent yet?,,
lesson_vi2_l37_d1,Rồi ạ. Em vừa thuê hôm qua.,Yes I have. I rented one yesterday.,,
lesson_vi2_l37_d2,Nhanh thế. Em may mắn đấy.,That was quick. You were lucky.,,
lesson_vi2_l37_d3,"Vâng, tìm cũng không dễ dàng.","Yes, finding one was not easy.",,
lesson_vi2_l37_d4,Anh hứa sẽ đến thăm em.,I promise I will come and visit you.,,
lesson_vi2_l37_d5,Em chờ anh đến chơi ạ.,I will be waiting for you to visit.,,
lesson_vi2_l38_d0,Mẹ em vẫn khoẻ chứ?,Is your mother still keeping well?,,
lesson_vi2_l38_d1,Mẹ em yếu hơn trước ạ.,She is weaker than before.,,
lesson_vi2_l38_d2,Ai chăm sóc mẹ em?,Who looks after your mother?,,
lesson_vi2_l38_d3,Em với chị em thay nhau ạ.,My sister and I take turns.,,
lesson_vi2_l38_d4,Vất vả cho hai em quá.,That is hard work for the two of you.,,
lesson_vi2_l38_d5,Không sao đâu anh ạ.,It is really no trouble for us.,,
lesson_vi2_l39_d0,Cuối tuần em về thăm nhà.,I am going home to visit at the weekend.,,
lesson_vi2_l39_d1,Về quê à? Xa không em?,Back to your hometown? Is it far?,,
lesson_vi2_l39_d2,Cũng xa. Đi tàu bốn tiếng ạ.,Fairly far. Four hours on the train.,,
lesson_vi2_l39_d3,Nhớ chụp ảnh cho anh xem nhé.,Remember to take photos to show me.,,
lesson_vi2_l39_d4,"Vâng, em sẽ chụp nhiều ảnh.","Yes, I will take a lot of photos.",,
lesson_vi2_l39_d5,Đi đường cẩn thận em nhé.,Travel safely on the road yesterday.,,
lesson_vi2_l40_d0,Em đồng ý với anh không?,Do you agree with me?,,
lesson_vi2_l40_d1,Em đồng ý phần lớn ạ.,I agree with most of it.,,
lesson_vi2_l40_d2,Phần nào em chưa đồng ý?,Which part do you not agree with?,,
lesson_vi2_l40_d3,Phần cuối em thấy chưa ổn.,The last part does not seem right to me.,,
lesson_vi2_l40_d4,"Ừ, để anh nghĩ lại phần đó.","Alright, let me think that part over.",,
lesson_vi2_l40_d5,"Vâng, mình bàn lại sau ạ.","Yes, let us discuss that part again later.",,
lesson_vi2_l41_d0,Anh có ý kiến gì không?,Do you have any thoughts about the plan yesterday?,,
lesson_vi2_l41_d1,Anh nghĩ cần cẩn thận hơn.,I think we need to be more careful.,,
lesson_vi2_l41_d2,Anh đề nghị làm thế nào ạ?,What do you propose we do?,,
lesson_vi2_l41_d3,Làm chậm lại một chút thôi.,Just slow it down a little.,,
lesson_vi2_l41_d4,"Vâng, em thấy cần thiết ạ.","Yes, I think that is necessary.",,
lesson_vi2_l41_d5,Sức khoẻ quan trọng hơn.,Health is more important.,,
lesson_vi2_l42_d0,Quán đó ở tầng mấy em?,Which floor is that place on?,,
lesson_vi2_l42_d1,Tầng ba ạ. Quán rộng lắm.,It is on the third floor. It is very spacious yesterday.,,
lesson_vi2_l42_d2,Hôm nay nóng quá em nhỉ.,"It is very hot today, isn't it.",,
lesson_vi2_l42_d3,"Vâng, lên đó cho mát ạ.","Yes, let us go up there where it is cool.",,
lesson_vi2_l42_d4,Em cầm hộ anh cái này nhé.,"Hold this for me, would you.",,
lesson_vi2_l42_d5,"Vâng, anh đưa em cầm cho.","Yes, give it here and I will hold it.",,
lesson_vi2_l43_d0,Khách sạn của anh ở đâu ạ?,Where is your hotel?,,
lesson_vi2_l43_d1,Gần bệnh viện thôi em ạ.,Just near the hospital.,,
lesson_vi2_l43_d2,Anh vào thăm ai à?,Are you visiting someone there?,,
lesson_vi2_l43_d3,"Ừ, anh vào thăm bố anh.","Yes, I am visiting my father.",,
lesson_vi2_l43_d4,Anh cứ bình tĩnh nhé.,Do try to stay calm about it yesterday.,,
lesson_vi2_l43_d5,Cảm ơn em đã giúp đỡ anh.,Thank you for helping me with it yesterday.,,
lesson_vi2_l44_d0,Em đổi vé được không anh?,Can I change the ticket?,,
lesson_vi2_l44_d1,"Được, nhưng phải mất phí.","You can, but there is a fee.",,
lesson_vi2_l44_d2,Anh giải thích giúp em với.,Please explain the fee to me.,,
lesson_vi2_l44_d3,Đổi trước một ngày thì rẻ hơn.,Changing a day early is cheaper.,,
lesson_vi2_l44_d4,"Vâng, em hiểu rồi ạ.","Yes, I understand it now yesterday.",,
lesson_vi2_l44_d5,Em đừng lo lắng quá nhé.,Do not worry about it too much.,,
lesson_vi2_l45_d0,Em muốn đăng ký lớp tiếng Việt.,I want to register for a Vietnamese class.,,
lesson_vi2_l45_d1,Em là người nước ngoài à?,Are you a foreigner here?,,
lesson_vi2_l45_d2,Vâng ạ. Em mới sang đây.,Yes. I have only just come over.,,
lesson_vi2_l45_d3,"Khoan, để anh hướng dẫn em.","Hang on, let me guide you through the form yesterday.",,
lesson_vi2_l45_d4,"Vâng, em cảm ơn anh ạ.","Yes, thank you very much for that yesterday.",,
lesson_vi2_l45_d5,Không có gì đâu em ạ.,"It is really nothing at all, do not worry yesterday.",,
lesson_vi2_l46_d0,Tối nay có tiệc ở nhà em.,There is a party at my house tonight.,,
lesson_vi2_l46_d1,Vui thế. Mấy giờ hả em?,How nice. What time is it?,,
lesson_vi2_l46_d2,Bảy giờ ạ. Anh đến chơi nhé.,Seven o'clock. Do come over.,,
lesson_vi2_l46_d3,"Ừ, nhưng trời lạnh quá.","I will, but it is very cold out.",,
lesson_vi2_l46_d4,Trong nhà ấm mà anh.,It is warm inside the house.,,
lesson_vi2_l46_d5,Thế thì anh đến chắc chắn.,Then I will definitely come.,,
lesson_vi2_l47_d0,Tuần sau em đi ăn cưới.,Next week I am going to a wedding.,,
lesson_vi2_l47_d1,Của ai thế em?,Whose wedding are you going to?,,
lesson_vi2_l47_d2,Của bạn em ở quê ạ.,A friend of mine back home.,,
lesson_vi2_l47_d3,Vui nhỉ. Đi mấy ngày?,How nice. How many days will you go for?,,
lesson_vi2_l47_d4,Hai ngày thôi anh ạ.,I will go for only two days.,,
lesson_vi2_l47_d5,Đi vui vẻ em nhé.,Have a good time.,,
lesson_vi2_l48_d0,Mai anh đón em ở đâu?,Where shall I pick you up tomorrow?,,
lesson_vi2_l48_d1,Ở cổng trường được không anh?,"At the school gate, is that alright?",,
lesson_vi2_l48_d2,Được. Mấy giờ em xong ca?,Fine. What time do you finish your shift?,,
lesson_vi2_l48_d3,Năm giờ chiều ạ.,Five in the afternoon.,,
lesson_vi2_l48_d4,Vậy anh đến lúc năm giờ.,Then I will come at five.,,
lesson_vi2_l48_d5,"Vâng, cảm ơn anh nhiều ạ.","Yes, thank you very much for that yesterday.",,
lesson_vi2_l49_d0,Ngày mai mình họp mấy giờ?,What time is our meeting tomorrow?,,
lesson_vi2_l49_d1,Chín giờ sáng em ạ.,Nine in the morning.,,
lesson_vi2_l49_d2,Trời mưa thì sao anh?,What if it rains?,,
lesson_vi2_l49_d3,Mưa thì mình họp online.,If it rains we will meet online.,,
lesson_vi2_l49_d4,"Vâng, em ghét đi mưa lắm.","Yes, I really hate going out in the rain.",,
lesson_vi2_l49_d5,Anh cũng ghét đi mưa mà.,I hate going out in the rain too.,,
lesson_vi2_l50_d0,Anh hẹn em mấy giờ nhỉ?,What time did we arrange to meet?,,
lesson_vi2_l50_d1,Bốn giờ. Em nhắc anh mãi rồi.,Four o'clock. I have reminded you plenty.,,
lesson_vi2_l50_d2,Anh đùa thôi. Anh nhớ mà.,I am only joking. I do remember.,,
lesson_vi2_l50_d3,Anh hay đùa lắm đấy.,You joke around a lot.,,
lesson_vi2_l50_d4,Bạn bè thì phải thế chứ.,That is what friends are for.,,
lesson_vi2_l50_d5,"Vâng, đúng là thế thật.","Yes, that is quite true.",,
lesson_vi2_l51_d0,Em quen với công việc chưa?,Have you got used to the job yet?,,
lesson_vi2_l51_d1,Cũng quen dần rồi anh ạ.,I am gradually getting used to the job yesterday.,,
lesson_vi2_l51_d2,Bố mẹ em có mừng không?,Are your parents pleased about it yesterday?,,
lesson_vi2_l51_d3,Bố mẹ em mừng lắm ạ.,My parents are very pleased.,,
lesson_vi2_l51_d4,Thế thì tốt quá rồi.,That is very good indeed.,,
lesson_vi2_l51_d5,"Vâng, em cũng thấy vui vẻ.","Yes, I feel happy about it too.",,
lesson_vi2_l52_d0,Em mua sữa chưa?,Have you bought the milk?,,
lesson_vi2_l52_d1,Rồi ạ. Em mua một vài thứ nữa.,Yes. I bought a few other things too.,,
lesson_vi2_l52_d2,Sao em thở gấp thế?,Why are you breathing so hard?,,
lesson_vi2_l52_d3,Em chạy về cho nhanh ạ.,I ran home to be quick.,,
lesson_vi2_l52_d4,Từ từ thôi em. Chậm lại.,Take it easy. Slow down.,,
lesson_vi2_l52_d5,"Vâng, em ngồi nghỉ một chút.","Yes, I will sit and rest a bit.",,
lesson_vi2_l53_d0,Cô giáo em thế nào?,What is your teacher like?,,
lesson_vi2_l53_d1,Cô dễ tính lắm anh ạ.,She is very easygoing.,,
lesson_vi2_l53_d2,Em học có thoải mái không?,Do you feel comfortable in the class yesterday?,,
lesson_vi2_l53_d3,Có ạ. Lớp em vui lắm.,Yes. My class is good fun.,,
lesson_vi2_l53_d4,Thế thì anh yên tâm rồi.,Then I feel reassured about you yesterday.,,
lesson_vi2_l53_d5,Anh đừng lo cho em ạ.,Do not worry about me.,,
lesson_vi2_l54_d0,Cho em xin địa chỉ nhà anh.,May I have your home address.,,
lesson_vi2_l54_d1,Anh nhắn cho em ngay đây.,I will message it to you right now.,,
lesson_vi2_l54_d2,Em mang thức ăn qua nhé.,I will bring some food over.,,
lesson_vi2_l54_d3,"Ừ, nhưng đừng mang nhiều quá.","Alright, but do not bring too much.",,
lesson_vi2_l54_d4,"Vâng, em mang ít thôi ạ.","Yes, I will only bring a little.",,
lesson_vi2_l54_d5,Vì vậy anh mới quý em.,That is exactly why I am fond of you.,,
lesson_vi2_l55_d0,Sáng nay em uống cà phê chưa?,Have you had coffee this morning?,,
lesson_vi2_l55_d1,Chưa ạ. Em dậy muộn quá.,Not yet. I got up too late.,,
lesson_vi2_l55_d2,Ngoài phố có quán mới đấy.,There is a new place out on the street.,,
lesson_vi2_l55_d3,Thế thì mình ra đó đi anh.,Then let us go out there.,,
lesson_vi2_l55_d4,Em có việc gì gấp không?,Do you have anything urgent to do yesterday?,,
lesson_vi2_l55_d5,Không có gì gấp cả ạ.,I have nothing urgent at all yesterday.,,
lesson_vi2_l56_d0,Cửa hàng này chữa điện thoại không?,Does this shop repair phones?,,
lesson_vi2_l56_d1,Có ạ. Máy anh bị sao?,Yes. What is wrong with yours?,,
lesson_vi2_l56_d2,"Nó tắt liên tục, rắc rối lắm.","It keeps turning off, which is a real nuisance yesterday.",,
lesson_vi2_l56_d3,Để em xem cho anh liền.,Let me have a look for you right away.,,
lesson_vi2_l56_d4,Có sửa được không em?,Can it be fixed?,,
lesson_vi2_l56_d5,Chắc được ạ. Lỗi nhẹ thôi.,Probably. It is only a small fault.,,
lesson_vi2_l57_d0,Cái ghế này mắc quá anh ạ.,This chair is very expensive.,,
lesson_vi2_l57_d1,"Ừ, nhưng gỗ tốt mà em.","Yes, but the wood is good.",,
lesson_vi2_l57_d2,Em phải vay tiền mất.,I would have to borrow money.,,
lesson_vi2_l57_d3,Đừng vay. Để dành đã.,Do not borrow. Save up first.,,
lesson_vi2_l57_d4,Anh nói đúng rồi ạ.,You are right about that.,,
lesson_vi2_l57_d5,"Từ từ thôi, không vội đâu.","Take your time, there is no rush.",,
lesson_vi2_l58_d0,Em để kính ở đâu rồi nhỉ?,Where did I put my glasses just now?,,
lesson_vi2_l58_d1,Trên bàn kìa anh.,"On the table, look.",,
lesson_vi2_l58_d2,À đúng rồi. Cảm ơn em.,"Ah yes, there they are. Thank you.",,
lesson_vi2_l58_d3,Anh hay quên lắm đấy.,You forget things a lot.,,
lesson_vi2_l58_d4,Tại anh làm liên tục quá.,That is because I work non-stop.,,
lesson_vi2_l58_d5,Anh nghỉ một chút đi ạ.,You should rest a little.,,
lesson_vi2_l59_d0,Sáng nay em đi chợ nhé.,I will go to the market this morning.,,
lesson_vi2_l59_d1,Em lái xe hay đi bộ?,Are you going to drive or to walk?,,
lesson_vi2_l59_d2,"Em đi bộ thôi, gần mà.","Just walking, it is close.",,
lesson_vi2_l59_d3,"Ừ, chợ ngay xung quanh đây.","Yes, the market is right around here.",,
lesson_vi2_l59_d4,Anh cần mua gì không?,Do you need anything from the market?,,
lesson_vi2_l59_d5,Mua giúp anh ít rau nhé.,"Buy me some vegetables, would you.",,
lesson_vi2_l60_d0,Chúc mừng em nhé!,Congratulations to you yesterday!,,
lesson_vi2_l60_d1,Em cảm ơn anh nhiều ạ.,Thank you very much for that yesterday.,,
lesson_vi2_l60_d2,Em chờ dịp này bao lâu rồi?,How long have you waited for this?,,
lesson_vi2_l60_d3,Gần hai năm rồi anh ạ.,Nearly two years now.,,
lesson_vi2_l60_d4,Xứng đáng lắm. Anh mừng cho em.,You deserve it. I am very glad for you yesterday.,,
lesson_vi2_l60_d5,Có anh giúp em mới được thế.,I only got here with your help.,,
lesson_vi2_l61_d0,Anh ký vào tờ này giúp em.,Please sign this sheet for me.,,
lesson_vi2_l61_d1,Ký ở chỗ nào hả em?,Where do I sign?,,
lesson_vi2_l61_d2,Chỗ có dấu này ạ.,Where this mark is.,,
lesson_vi2_l61_d3,Xong rồi đây em.,"There you go, done.",,
lesson_vi2_l61_d4,Em cảm ơn anh nhiều ạ.,Thank you very much for signing it yesterday.,,
lesson_vi2_l61_d5,Nhớ tắt đèn khi về nhé.,Remember to turn the light off when you leave.,,
lesson_vi2_l62_d0,Quê em ở đâu thế?,Where is your hometown?,,
lesson_vi2_l62_d1,Quê em ở miền Trung ạ.,My hometown is in the central region.,,
lesson_vi2_l62_d2,Hè này em có về không?,Are you going back this summer?,,
lesson_vi2_l62_d3,Có ạ. Em vừa tốt nghiệp xong.,Yes. I have just graduated.,,
lesson_vi2_l62_d4,"Ồ, chúc mừng em nhé!","Oh, congratulations on that yesterday!",,
lesson_vi2_l62_d5,Em cảm ơn anh ạ.,Thank you very much for that yesterday.,,
lesson_vi2_l63_d0,Chỗ này rẻ hơn chỗ kia.,This place is cheaper than that one.,,
lesson_vi2_l63_d1,"Ừ, nhưng đôi khi hàng không tốt.","Yes, but sometimes the goods are not good.",,
lesson_vi2_l63_d2,Thế thì mình xem kỹ nhé.,Then let us look at it carefully yesterday.,,
lesson_vi2_l63_d3,"Ừ, cứ từ từ mà chọn.","Yes, take your time choosing.",,
lesson_vi2_l63_d4,Cha mẹ em cũng hay mua ở đây.,My parents often buy here too.,,
lesson_vi2_l63_d5,Vậy chắc là được rồi.,Then the shop is probably fine.,,
lesson_vi2_l64_d0,Trưa nay mình ăn ở đâu?,Where shall we eat at midday?,,
lesson_vi2_l64_d1,Gần đây thôi. Ví dụ quán cơm kia.,"Somewhere near. That rice place, for example.",,
lesson_vi2_l64_d2,Được đấy. Mấy giờ rồi anh nhỉ?,That works. What time is it now?,,
lesson_vi2_l64_d3,Đồng hồ anh chỉ mười một rưỡi.,My watch says half past eleven.,,
lesson_vi2_l64_d4,Thế thì đi sớm cho đỡ đông.,Let us go early to avoid the crowd.,,
lesson_vi2_l64_d5,Dĩ nhiên rồi. Đi thôi.,Of course we should. Let us go now.,,
lesson_vi2_l65_d0,Anh khuyên em nên làm gì ạ?,What do you advise me to do about it yesterday?,,
lesson_vi2_l65_d1,Em nên hỏi luật sư trước.,You should ask a lawyer first.,,
lesson_vi2_l65_d2,Thủ tục có phức tạp không anh?,Is the procedure very complicated yesterday?,,
lesson_vi2_l65_d3,Cũng không phức tạp lắm đâu.,It is not all that complicated.,,
lesson_vi2_l65_d4,"Vâng, em sẽ đi hỏi ạ.","Yes, I will go and ask.",,
lesson_vi2_l65_d5,"Ừ, hỏi cho chắc em ạ.","Yes, go and ask to be sure yesterday.",,
lesson_vi2_l66_d0,Hôm qua sao em đến muộn thế?,Why were you late yesterday?,,
lesson_vi2_l66_d1,Xe em hỏng giữa đường ạ.,My bike broke down on the way.,,
lesson_vi2_l66_d2,Trời lại nắng to nữa chứ.,And it was blazing hot as well.,,
lesson_vi2_l66_d3,"Vâng, em mệt lắm ạ.","Yes, I was very tired.",,
lesson_vi2_l66_d4,"Thôi, vào bếp ăn cơm đã.","Never mind, come and eat first.",,
lesson_vi2_l66_d5,"Vâng, em cảm ơn anh ạ.","Yes, thank you for the food yesterday.",,
lesson_vi2_l67_d0,Nhà hàng này giá hợp lý không anh?,Are the prices reasonable at this restaurant?,,
lesson_vi2_l67_d1,Hợp lý em ạ. Không đắt lắm.,They are reasonable. Not very expensive.,,
lesson_vi2_l67_d2,Mình đến kịp giờ không anh?,Will we get there in time?,,
lesson_vi2_l67_d3,Kịp mà. Còn nửa tiếng nữa.,We will. There is still half an hour.,,
lesson_vi2_l67_d4,Xe anh hỏng thì sao ạ?,What if your bike breaks down?,,
lesson_vi2_l67_d5,Thì mình đi taxi cho nhanh.,Then we will take a taxi to be quick.,,
lesson_vi2_l68_d0,Em đói chưa? Ăn gì nhé.,Are you hungry? Let us eat something.,,
lesson_vi2_l68_d1,Đói lắm rồi anh ạ.,I am very hungry now.,,
lesson_vi2_l68_d2,Ở đây món gì phổ biến nhất?,What dish is most common here?,,
lesson_vi2_l68_d3,Phở ạ. Ai cũng ăn phở.,Pho is. Everyone here eats pho.,,
lesson_vi2_l68_d4,Thế thì hai bát phở nhé.,"Two bowls of pho, then.",,
lesson_vi2_l68_d5,"Vâng, em gọi luôn ạ.","Yes, I will order right away.",,
lesson_vi2_l69_d0,Răng em đau quá anh ạ.,My tooth hurts a lot.,,
lesson_vi2_l69_d1,Em đi khám chưa?,Have you been to get it looked at?,,
lesson_vi2_l69_d2,Chưa ạ. Em sợ lắm.,Not yet. I am very scared.,,
lesson_vi2_l69_d3,Thề là không đau đâu em.,I swear it does not hurt.,,
lesson_vi2_l69_d4,Anh nói thật không đấy?,Are you telling me the truth yesterday?,,
lesson_vi2_l69_d5,Thật mà. Đi khám đi em.,It is true. Go and get it seen to.,,
lesson_vi2_l70_d0,Tết này em về quê chứ?,"You are going home for Tet, aren't you?",,
lesson_vi2_l70_d1,Chắc chắn rồi anh ạ.,I am definitely going home.,,
lesson_vi2_l70_d2,Nhà em chuẩn bị gì chưa?,Has your family prepared anything for it yet yesterday?,,
lesson_vi2_l70_d3,Mẹ em dọn nhà cả tuần rồi.,My mother has been cleaning all week.,,
lesson_vi2_l70_d4,Anh cũng nhớ Tết ở quê lắm.,I miss Tet at home a lot too.,,
lesson_vi2_l70_d5,Năm nay anh về với em nhé.,Come home with me this year.,,
lesson_vi2_l71_d0,Anh chàng đó giàu lắm à?,Is that bloke very rich?,,
lesson_vi2_l71_d1,Nghe nói thế. Nhưng anh không rõ.,So I hear. But I am not sure.,,
lesson_vi2_l71_d2,Anh ấy làm gì thế?,What does he do?,,
lesson_vi2_l71_d3,Anh ấy làm kinh doanh.,"He works in business, I think.",,
lesson_vi2_l71_d4,Chắc cạnh tranh dữ lắm nhỉ.,The competition must be fierce.,,
lesson_vi2_l71_d5,"Ừ, ngành nào cũng thế mà.","Yes, it is like that in every field.",,
lesson_vi2_l72_d0,Quán mở cửa mấy giờ ạ?,What time does the place open?,,
lesson_vi2_l72_d1,Tuỳ hôm em ạ. Thường là bảy giờ.,It depends on the day. Usually seven.,,
lesson_vi2_l72_d2,Ngày nay ai cũng dậy muộn nhỉ.,Nowadays everyone gets up late.,,
lesson_vi2_l72_d3,"Ừ, khác ngày xưa nhiều.","Yes, it is very different from the old days.",,
lesson_vi2_l72_d4,Em không tưởng tượng được.,I cannot even imagine it now yesterday.,,
lesson_vi2_l72_d5,Mỗi thời một khác mà em.,Every era is different from the last.,,
lesson_vi2_l73_d0,"Chị ơi, rau hôm nay có tươi không ạ?",Is the veg fresh today?,,
lesson_vi2_l73_d1,Tươi lắm em. Sáng nay chị mới lấy.,Very fresh. I only got it in this morning.,,
lesson_vi2_l73_d2,Cho em thêm ấm trà nữa nhé.,Give me a pot of tea as well.,,
lesson_vi2_l73_d3,Trà nóng hay trà đá em?,Hot tea or iced tea?,,
lesson_vi2_l73_d4,Trà nóng ạ. Trời hơi lạnh.,"Hot, please. It is a bit cold out.",,
lesson_vi2_l73_d5,"Ừ, uống cho ấm bụng.","Right, it will warm you up.",,
lesson_vi2_l74_d0,Nghe nói sắp có bão vào Đà Nẵng.,I hear a storm is heading for Da Nang.,,
lesson_vi2_l74_d1,"Ừ, mai nghỉ ở nhà cho chắc.","Yeah, better stay home tomorrow to be safe.",,
lesson_vi2_l74_d2,Xe anh có bảo hiểm chưa?,Is your bike insured?,,
lesson_vi2_l74_d3,"Có rồi, nhưng thủ tục phức tạp lắm.","Yes, I bought insurance, but the paperwork is complicated.",,
lesson_vi2_l74_d4,Ban đầu em cũng tưởng dễ.,At first I thought it was easy too.,,
lesson_vi2_l74_d5,Ai cũng nghĩ vậy hết.,Everyone thinks that.,,
lesson_vi2_l75_d0,Anh đeo khẩu trang vào đi.,Put a mask on.,,
lesson_vi2_l75_d1,"Ừ, khói bụi ghê quá.","Yes, I wear a mask every day.",,
lesson_vi2_l75_d2,Ăn thêm chút nữa nhé?,Eat a bit more?,,
lesson_vi2_l75_d3,"Thôi, em no rồi ạ.","No thanks, I am full.",,
lesson_vi2_l75_d4,Sao em từ chối hoài vậy?,Why do you keep saying no?,,
lesson_vi2_l75_d5,Tại em no thật mà!,Because I really am full!,,
lesson_vi2_l76_d0,Tối nay đi uống bia không anh?,Fancy a beer tonight?,,
lesson_vi2_l76_d1,"Đi, nhưng đừng để anh say nhé.","Sure, but do not let me get drunk.",,
lesson_vi2_l76_d2,Mai em về thăm bà nội.,I am visiting my grandma tomorrow.,,
lesson_vi2_l76_d3,Bà bao nhiêu tuổi rồi em?,How old is she now?,,
lesson_vi2_l76_d4,Chín mươi rồi. Thế hệ bà khác lắm.,Ninety. Her generation is very different.,,
lesson_vi2_l76_d5,"Ừ, ôm bà một cái hộ anh.","Yeah, give her a hug from me.",,
lesson_vi2_l77_d0,Mấy giờ anh ra sân bay?,What time are you heading to the airport?,,
lesson_vi2_l77_d1,Bốn giờ sáng. Sớm kinh khủng.,Four in the morning. Horribly early.,,
lesson_vi2_l77_d2,Anh đặt ghế cửa sổ chưa?,Did you book a window seat?,,
lesson_vi2_l77_d3,"Rồi, thanh toán bằng tài khoản này.","Yes, paid from this account.",,
lesson_vi2_l77_d4,Về quê chơi mấy hôm ạ?,Are you going back to the countryside for a few days?,,
lesson_vi2_l77_d5,"Ừ, ở nông thôn cho yên tĩnh.","Yes, I want a quiet week in the countryside.",,
lesson_vi2_l78_d0,Anh bật kênh nào xem bóng đá được ạ?,Can you find the football channel for me?,,
lesson_vi2_l78_d1,Kênh mấy anh cũng quên rồi.,I do not remember which channel it is.,,
lesson_vi2_l78_d2,"Chết, em bấm nhầm rồi.","Damn, I have pressed the wrong button.",,
lesson_vi2_l78_d3,"Không sao, bấm lại đi.","No problem, press it again.",,
lesson_vi2_l78_d4,Trận này bắt đầu trễ hả anh?,Does this match start late?,,
lesson_vi2_l78_d5,"Ừ, chín giờ mới đá.","Yeah, kick-off is not until nine.",,
lesson_vi2_l79_d0,Chỗ này cấm đỗ xe hả anh?,Is parking forbidden here?,,
lesson_vi2_l79_d1,"Ừ, có biển cảnh báo kia kìa.","Yes, there is a warning sign right there.",,
lesson_vi2_l79_d2,Em không để ý luôn.,I did not see that sign.,,
lesson_vi2_l79_d3,Lần sau nhìn kỹ nhé em.,You should look carefully next time.,,
lesson_vi2_l79_d4,Bị phạt bao nhiêu vậy anh?,How much is the fine?,,
lesson_vi2_l79_d5,Anh cũng không biết. Đừng vi phạm là hơn.,I do not know either. Better not to break the rule.,,
lesson_vi2_l80_d0,Sao trông anh căng thẳng thế?,Why do you look so stressed?,,
lesson_vi2_l80_d1,Mai đấu với đối thủ cũ của anh.,Tomorrow I am up against my old rival.,,
lesson_vi2_l80_d2,Hoá ra anh vẫn còn nhớ à?,So it turns out you still remember?,,
lesson_vi2_l80_d3,Nhớ chứ. Ai quên được.,Of course I remember. Nobody could forget.,,
lesson_vi2_l80_d4,Em thì thấy chán mấy vụ này.,Personally I find all this boring.,,
lesson_vi2_l80_d5,Mỗi người một quan điểm mà em.,Everyone has their own view.,,
lesson_vi2_l81_d0,Chị em nhà em mấy người ạ?,How many sisters are there in your family?,,
lesson_vi2_l81_d1,Ba chị em. Em là út.,Three of us. I am the youngest.,,
lesson_vi2_l81_d2,"Chờ chị một tí, chị sắp xếp lại đã.","Give me a second, let me tidy up first.",,
lesson_vi2_l81_d3,Để em phụ chị cho nhanh.,Let me help so it goes faster.,,
lesson_vi2_l81_d4,"Nhẹ nhàng thôi em, dễ vỡ đấy.","Go gently, you will break that bowl.",,
lesson_vi2_l81_d5,"Vâng, em cẩn thận ạ.","Yes, I will be careful.",,
lesson_vi2_l82_d0,Dạo này hai đứa thế nào rồi?,How are you two doing lately?,,
lesson_vi2_l82_d1,Bọn em định kết hôn cuối năm.,We are planning to get married at the end of the year.,,
lesson_vi2_l82_d2,Chờ đợi lâu quá rồi còn gì.,You two have waited long enough.,,
lesson_vi2_l82_d3,"Vâng, bảy năm rồi chị.","Yes, seven years now.",,
lesson_vi2_l82_d4,"Nóng quá, bật điều hoà đi em.","It is so hot, turn the air con on.",,
lesson_vi2_l82_d5,Để em hạ nhiệt độ xuống.,I will turn the temperature down.,,
lesson_vi2_l83_d0,Em thanh toán bằng thẻ được không ạ?,Can I pay by card?,,
lesson_vi2_l83_d1,"Được em, hoặc chuyển khoản cũng được.","Yes, or by bank transfer.",,
lesson_vi2_l83_d2,Anh đổ xăng chưa?,Have you filled up with petrol yet?,,
lesson_vi2_l83_d3,"Rồi, đầy bình rồi em.","Yes, I have filled the tank.",,
lesson_vi2_l83_d4,Vậy mình nghỉ ngơi chút rồi đi.,Then let us rest a bit and go.,,
lesson_vi2_l83_d5,"Ừ, đường hôm nay thuận lợi lắm.","Yeah, the roads are clear today.",,
lesson_vi2_l84_d0,Em bị lạc đường rồi anh ơi.,I have got lost on this road.,,
lesson_vi2_l84_d1,Em gửi định vị anh xem.,Send me your location.,,
lesson_vi2_l84_d2,Thừa nhận là em không nhớ đường.,I admit I do not remember the way.,,
lesson_vi2_l84_d3,"Không sao, anh ra đón em.","No problem, I will come and get you.",,
lesson_vi2_l84_d4,Chân em hôm nay đỡ hơn rồi.,My leg is better today.,,
lesson_vi2_l84_d5,Vậy thì tốt. Đứng chờ anh nhé.,Good. Wait there for me.,,
lesson_vi2_l85_d0,Chiều nay đi bơi không anh?,Want to go swimming this afternoon?,,
lesson_vi2_l85_d1,Thực ra anh hơi khó chịu trong người.,Actually I do not feel well today.,,
lesson_vi2_l85_d2,Anh uống thuốc cho bớt đi.,Take something so it eases off.,,
lesson_vi2_l85_d3,"Ừ, uống rồi mà chưa đỡ.",I have taken it but I am not better yet.,,
lesson_vi2_l85_d4,Nghe nói anh trúng giải thưởng?,I hear you won a prize?,,
lesson_vi2_l85_d5,"Ừ, anh hài lòng lắm em ạ.","Yes, I am really pleased with it.",,
lesson_vi2_l86_d0,Tết này anh về quê không?,Are you going home for Tết?,,
lesson_vi2_l86_d1,"Có, mà còn đám cưới em họ nữa.","Yes, and there is my cousin's wedding too.",,
lesson_vi2_l86_d2,Bận thế thì mệt lắm anh.,"That is exhausting, being that busy.",,
lesson_vi2_l86_d3,"Mẹ kiếp, xe lại hỏng nữa chứ.","Damn it, the bike has broken down again.",,
lesson_vi2_l86_d4,"Trời ơi, sao xui thế.","God, you have such bad luck.",,
lesson_vi2_l86_d5,Thôi ngồi cho mát rồi tính.,Let us sit somewhere cool and work it out.,,
lesson_vi2_l87_d0,Em gái anh thi đậu chưa?,Has your little sister passed her exam?,,
lesson_vi2_l87_d1,"Đậu rồi, thành tích tốt lắm.","She passed, with really good results.",,
lesson_vi2_l87_d2,Con bé học ngôn ngữ gì ạ?,What language is she studying?,,
lesson_vi2_l87_d3,Tiếng Nhật. Năm học sau vào Sài Gòn.,Japanese. Next school year she moves to Saigon.,,
lesson_vi2_l87_d4,Xa nhà chắc nhớ lắm.,"She will miss home, being that far.",,
lesson_vi2_l87_d5,"Ừ, nhưng ở đó cơ hội nhiều.","Yes, but there are more opportunities there.",,
lesson_vi2_l88_d0,Quán đóng cửa rồi hả anh?,Has the place closed already?,,
lesson_vi2_l88_d1,"Ừ, hôm nay có lễ hội ngoài kia.","Yes, there is a festival on out there.",,
lesson_vi2_l88_d2,Em mua được hai chai nước thôi.,I only managed to buy two bottles of water.,,
lesson_vi2_l88_d3,Bao nhiêu vậy em?,How much were they?,,
lesson_vi2_l88_d4,Năm chục. Em bị lừa rồi.,Fifty. I got ripped off.,,
lesson_vi2_l88_d5,Thất vọng thật. Lần sau hỏi giá trước.,That is a shame. Ask the price first next time.,,
lesson_vi2_l89_d0,Mai sinh nhật dì em đấy.,Tomorrow is my aunt's birthday.,,
lesson_vi2_l89_d1,Em ghé qua chúc dì nhé.,You should drop by and wish her well.,,
lesson_vi2_l89_d2,"Vâng, em dọn nhà xong rồi ghé.","Yes, I will tidy the house then come.",,
lesson_vi2_l89_d3,Nhà dì trang trí đẹp lắm.,Her house is decorated beautifully.,,
lesson_vi2_l89_d4,Anh biết đường không ạ?,Do you know the way?,,
lesson_vi2_l89_d5,Em gửi bản đồ cho anh đi.,Send me a map.,,
lesson_vi2_l90_d0,Leo núi về mệt mỏi quá anh.,I am exhausted after the climb.,,
lesson_vi2_l90_d1,Hành trình dài mà. Nghỉ đi em.,That was a long journey. You should rest now.,,
lesson_vi2_l90_d2,Trên đó có ca sĩ hát live.,There was a singer performing live up there.,,
lesson_vi2_l90_d3,Hay không em?,Was it good?,,
lesson_vi2_l90_d4,Hay lắm. Em thưởng thức cả buổi tối.,Really good. I enjoyed the whole evening.,,
lesson_vi2_l90_d5,Lần sau anh đi với em.,Next time I will go with you.,,
lesson_vi2_l91_d0,"Chị ơi, áo này có cỡ lớn hơn không?",Do you have this shirt in a bigger size?,,
lesson_vi2_l91_d1,"Có em, để chị lấy cho.","We do, let me get it for you.",,
lesson_vi2_l91_d2,Phiền chị quá ạ.,Sorry to trouble you like this.,,
lesson_vi2_l91_d3,Không phiền gì đâu em.,You never bother me at all.,,
lesson_vi2_l91_d4,Dạo này em áp lực công việc lắm.,Work has been very stressful for me lately.,,
lesson_vi2_l91_d5,Cuối tuần đi giải trí cho nhẹ đầu.,You should go out at the weekend to clear your head.,,
lesson_vi2_l92_d0,Thời tiết hôm nay đẹp anh nhỉ.,The weather is lovely today.,,
lesson_vi2_l92_d1,"Ừ, hơn hẳn năm ngoái.","Yeah, much better than last year.",,
lesson_vi2_l92_d2,Tối nay có buổi biểu diễn ngoài công viên.,There is a performance in the park tonight.,,
lesson_vi2_l92_d3,Anh đi với người yêu anh nhé.,I will go with my girlfriend.,,
lesson_vi2_l92_d4,Hai anh chị làm lành rồi ạ?,So you two have made up?,,
lesson_vi2_l92_d5,"Rồi, cô ấy tha thứ cho anh.","Yes, she forgave me.",,
lesson_vi2_l93_d0,Tối nay xem bóng đá không anh?,Watching the football tonight?,,
lesson_vi2_l93_d1,Anh bận rồi em ạ.,"I am busy, sorry.",,
lesson_vi2_l93_d2,Anh xem lịch lại đi.,You should look at your calendar again.,,
lesson_vi2_l93_d3,"Ừ, mai anh phải ra ga sớm.","Yeah, I have to be at the station early tomorrow.",,
lesson_vi2_l93_d4,Trận này trên trang web nào ạ?,Which website is showing this match?,,
lesson_vi2_l93_d5,Anh gửi link cho em sau.,I will send you the link later.,,
lesson_vi2_l94_d0,Điện thoại em hết pin rồi.,My phone is out of battery.,,
lesson_vi2_l94_d1,Sạc nhờ ở quán đi em.,You can charge it at the cafe.,,
lesson_vi2_l94_d2,Lát nữa em có hẹn.,I have a date in a bit.,,
lesson_vi2_l94_d3,Hẹn hò à? Với ai thế?,A date? With who?,,
lesson_vi2_l94_d4,Bí mật. Bọn em đi ăn nướng.,Secret. We are going for grilled food.,,
lesson_vi2_l94_d5,Chủ động lên nhé em.,"Take the initiative, then.",,
lesson_vi2_l95_d0,Cho em mượn cái sạc với.,Lend me your charger.,,
lesson_vi2_l95_d1,"Ừ, đây em.","Yes, you can borrow mine.",,
lesson_vi2_l95_d2,Nghe nói anh chia tay rồi?,I hear you broke up?,,
lesson_vi2_l95_d3,"Ừ, tháng trước. Cũng là bài học.","Yeah, last month. It was a lesson too.",,
lesson_vi2_l95_d4,Mai đi bộ ngoài công viên không anh?,Fancy a walk in the park tomorrow?,,
lesson_vi2_l95_d5,"Được, mà anh phải sửa xe trước.","Sure, but I have to fix the bike first.",,
lesson_vi2_l96_d0,Mai em đi phỏng vấn ạ.,I have an interview tomorrow.,,
lesson_vi2_l96_d1,Chúc em may mắn nhé.,I wish you good luck tomorrow.,,
lesson_vi2_l96_d2,Anh thấy chìa khoá em đâu không?,Have you seen my keys?,,
lesson_vi2_l96_d3,Trên bàn kìa em.,On the table there.,,
lesson_vi2_l96_d4,Gửi hàng ra Hà Nội tốn nhiều không anh?,Does it cost a lot to send this to Hanoi?,,
lesson_vi2_l96_d5,Vận chuyển cỡ hai trăm thôi.,Delivery is about two hundred.,,
lesson_vi2_l97_d0,Anh đếm lại tiền giúp em.,Count the money again for me.,,
lesson_vi2_l97_d1,"Đủ rồi em, đừng lo.","It is all there, do not worry.",,
lesson_vi2_l97_d2,Giấy tờ em để đâu rồi nhỉ?,Where did I put my papers?,,
lesson_vi2_l97_d3,Trong ngăn kéo đó em.,They are in that drawer.,,
lesson_vi2_l97_d4,Nhìn khuôn mặt anh là em biết anh giận.,I can tell from your face that you are angry.,,
lesson_vi2_l97_d5,"Anh không giận, chỉ mệt thôi.","I am not angry, just tired.",,
lesson_vi2_l98_d0,Coi chừng xe máy đằng sau em!,Watch out for the bike behind you!,,
lesson_vi2_l98_d1,"Ối, em không thấy.","Oh, I did not see it.",,
lesson_vi2_l98_d2,Cẩn thận không hậu quả nặng lắm.,Be careful or the consequences will be serious.,,
lesson_vi2_l98_d3,"Vâng, em nhớ rồi ạ.","Yes, I will remember.",,
lesson_vi2_l98_d4,Chiều nay đi mua sắm với em nhé.,Come shopping with me this afternoon.,,
lesson_vi2_l98_d5,"Ừ, chỗ đó bán hàng uy tín lắm.","Sure, that place has a good reputation.",,
lesson_vi2_l99_d0,Em vừa mới đi khám về.,I have just come back from the doctor.,,
lesson_vi2_l99_d1,Triệu chứng thế nào em?,What are the symptoms?,,
lesson_vi2_l99_d2,Sốt với mệt thôi ạ.,I just have a fever and feel tired.,,
lesson_vi2_l99_d3,"Nghỉ ngơi đi, đừng xem tin tức nữa.",Get some rest and stop watching the news.,,
lesson_vi2_l99_d4,Hầu hết người thân em cũng bị.,Almost all my relatives have it too.,,
lesson_vi2_l99_d5,Đang mùa mà em.,A lot of people get it this season.,,
lesson_vi2_l100_d0,Đồng nghiệp em tốt không?,Do your colleagues help you at work?,,
lesson_vi2_l100_d1,"Tốt lắm, ai cũng giúp em.","Very nice, everyone helps me.",,
lesson_vi2_l100_d2,Em có thói quen dậy sớm không?,Do you usually get up early?,,
lesson_vi2_l100_d3,"Có, từ hồi còn đi học ạ.","Yes, since I was at school.",,
lesson_vi2_l100_d4,Em trưởng thành nhanh thật.,You have grown up fast.,,
lesson_vi2_l100_d5,Đi làm rồi mà anh.,"Well, I have a job now.",,
lesson_vi2_l101_d0,Em thèm ăn phở quá anh.,I would love to eat pho now.,,
lesson_vi2_l101_d1,"Đi ăn thôi, gần đây có quán ngon.","Let us go, there is a good place near here.",,
lesson_vi2_l101_d2,Em trai em đi xét nghiệm về rồi.,My little brother is back from his tests.,,
lesson_vi2_l101_d3,Kết quả sao em?,How were the results?,,
lesson_vi2_l101_d4,Không sao ạ. May quá.,The doctor said I am fine.,,
lesson_vi2_l101_d5,"Ừ, thế là mừng rồi.","Yes, that is good news.",,
lesson_vi2_l102_d0,Em học trực tuyến hàng ngày à?,Do you study online every day?,,
lesson_vi2_l102_d1,"Trực tuyến ạ, tiện hơn nhiều.","Online, it is much more convenient.",,
lesson_vi2_l102_d2,Hôm qua em bị sốt.,I had a fever yesterday.,,
lesson_vi2_l102_d3,Thế mà em vẫn học à?,Did you still study anyway?,,
lesson_vi2_l102_d4,"Vâng, sợ mất bài ạ.","Yes, I did not want to miss the class.",,
lesson_vi2_l102_d5,Em tham khảo bài của anh cũng được.,You could just use my notes.,,
lesson_vi2_l103_d0,Cái ghế này mềm quá anh.,This chair is really soft.,,
lesson_vi2_l103_d1,Tiệm nội thất kia bán rẻ lắm.,That furniture shop sells them cheap.,,
lesson_vi2_l103_d2,Hôm qua em đụng anh Nam ngoài chợ.,I bumped into Nam at the market yesterday.,,
lesson_vi2_l103_d3,Lâu rồi anh không gặp cậu ấy.,I have not seen him in ages.,,
lesson_vi2_l103_d4,Anh ấy cho em một quyển sách.,He gave me a book.,,
lesson_vi2_l103_d5,Sách gì thế em?,What kind of book?,,
lesson_vi2_l104_d0,"Đội mũ vào em, nắng lắm.","Put a hat on, the sun is fierce.",,
lesson_vi2_l104_d1,Vâng ạ. Anh cũng đội đi.,"Yes, and you should put a hat on too.",,
lesson_vi2_l104_d2,Loài này hiếm lắm đấy.,This species is very rare.,,
lesson_vi2_l104_d3,Ở gần biên giới còn vài con.,There are a few left near the border.,,
lesson_vi2_l104_d4,Đi vào đó rủi ro không anh?,Is it risky going in there?,,
lesson_vi2_l104_d5,"Có, năm ngoái có người mất tích.","Yes, someone went missing last year.",,
lesson_vi2_l105_d0,Ngoài vườn có con rắn anh ơi!,There is a snake in the garden!,,
lesson_vi2_l105_d1,Đừng lại gần. Để anh xem.,Do not go near. Let me look.,,
lesson_vi2_l105_d2,Em sợ rắn từ nhỏ.,I have been afraid of snakes since I was little.,,
lesson_vi2_l105_d3,Anh cũng thế. Ai mà không sợ.,Me too. Who is not?,,
lesson_vi2_l105_d4,Chiều nay đi xem triển lãm nhé.,Let us go to the exhibition this afternoon.,,
lesson_vi2_l105_d5,"Ừ, anh đam mê hội hoạ lắm.","Yes, I have a passion for painting.",,
lesson_vi2_l106_d0,Con bé ngoan lắm anh ạ.,She is very well behaved.,,
lesson_vi2_l106_d1,"Ừ, học toán cũng giỏi.","Yes, and she is good at maths too.",,
lesson_vi2_l106_d2,Chiều nó lên thư viện học.,She goes to the library to study in the afternoon.,,
lesson_vi2_l106_d3,Em có ý định cho nó học thêm không?,Are you thinking of extra classes for her?,,
lesson_vi2_l106_d4,Chưa ạ. Cực kỳ tốn kém.,Not yet. It is extremely expensive.,,
lesson_vi2_l106_d5,"Ừ, cứ để nó tự học đã.",You should let her study alone for now.,,
lesson_vi2_l107_d0,Em xấu hổ quá anh ơi.,I am so embarrassed.,,
lesson_vi2_l107_d1,Có gì đâu mà xấu hổ.,There is nothing to be embarrassed about.,,
lesson_vi2_l107_d2,Hầu như cả lớp nhìn em.,Almost the whole class was looking at me.,,
lesson_vi2_l107_d3,Mai họ quên hết thôi.,They will have forgotten by tomorrow.,,
lesson_vi2_l107_d4,Chiều có họp phụ huynh nữa.,There is a parents' meeting this afternoon too.,,
lesson_vi2_l107_d5,"Dự báo mưa đấy, mang áo mưa nhé.","Rain is forecast, take a raincoat.",,
lesson_vi2_l108_d0,Anh chị có mấy con cái rồi ạ?,How many children do you two have?,,
lesson_vi2_l108_d1,Hai đứa. Đứa lớn học lớp bảy.,Two. The older one is in year seven.,,
lesson_vi2_l108_d2,Bọn trẻ giao tiếp tốt không anh?,Are they good at communicating?,,
lesson_vi2_l108_d3,"Đứa lớn thì có, đứa nhỏ nhút nhát.","My older child talks a lot, the younger is shy.",,
lesson_vi2_l108_d4,Đa số trẻ con đều thế mà.,Most children are like that.,,
lesson_vi2_l108_d5,"Ừ, lớn lên là khác ngay.","Yes, they change as soon as they grow.",,
lesson_vi2_l109_d0,Em kẹt xe nửa tiếng rồi anh.,I have been stuck in traffic for half an hour.,,
lesson_vi2_l109_d1,Giờ này lúc nào chả kẹt.,It is always jammed at this hour.,,
lesson_vi2_l109_d2,Em than mãi mà không đổi được.,I complain about it constantly but nothing changes.,,
lesson_vi2_l109_d3,Thôi kệ đi em.,You should just let it go.,,
lesson_vi2_l109_d4,Con chó nhà kia cắn người đấy.,That dog next door bites people.,,
lesson_vi2_l109_d5,"Ừ, đi ngang giữ khoảng cách nhé.","Yes, keep your distance when you go past.",,
lesson_vi2_l110_d0,Anh huỷ chuyến đi rồi ạ?,Have you cancelled the trip?,,
lesson_vi2_l110_d1,"Ừ, anh bị gãy tay tuần trước.","Yeah, I broke my arm last week.",,
lesson_vi2_l110_d2,"Trời, sao anh không nói sớm.","God, why did you not say sooner.",,
lesson_vi2_l110_d3,"Chuyện vớ vẩn thôi, trượt ngã ấy mà.","It was silly, I slipped and broke my arm.",,
lesson_vi2_l110_d4,Trước hết anh phải nghỉ đã.,First of all you have to rest.,,
lesson_vi2_l110_d5,"Ừ, hè này anh về quê hương.","Yes, this summer I am going back home.",,
lesson_vi2_l111_d0,"Trời ơi, em đỗ rồi má ơi!","Oh my god, I passed, Mum!",,
lesson_vi2_l111_d1,Giỏi quá con!,You studied hard and you passed!,,
lesson_vi2_l111_d2,Con gọi báo ba luôn nhé.,I will call Dad and tell him.,,
lesson_vi2_l111_d3,"Ừ, gọi liền đi con.","Yes, call your father right away.",,
lesson_vi2_l111_d4,Tối nay ăn mừng nha má.,"Let us celebrate tonight, Mum.",,
lesson_vi2_l111_d5,"Ừ, má nấu món con thích.","Yes, I will cook your favourite.",,
lesson_vi2_l112_d0,Hôm qua em đi bảo tàng.,I went to the museum yesterday.,,
lesson_vi2_l112_d1,Người ở đó thân thiện không em?,Were the people there friendly?,,
lesson_vi2_l112_d2,Thân thiện lắm ạ. Nhưng phim cuối buồn quá.,Very friendly. But the film at the end was so sad.,,
lesson_vi2_l112_d3,Buồn thế nào em?,How sad?,,
lesson_vi2_l112_d4,Em chảy nước mắt luôn.,It brought tears to my eyes.,,
lesson_vi2_l112_d5,Chiến tranh khủng khiếp thật.,War is terrible for everyone in it.,,
lesson_vi2_l113_d0,Em được học bổng rồi cô ạ.,I have won the scholarship this year.,,
lesson_vi2_l113_d1,Cô mừng cho em lắm.,I feel so glad for you today.,,
lesson_vi2_l113_d2,Hè này em đi tình nguyện ở miền núi.,This summer I am volunteering in the mountains.,,
lesson_vi2_l113_d3,Nhớ giữ sức khoẻ nhé em.,Remember to look after your health.,,
lesson_vi2_l113_d4,Vâng ạ. Hôm nọ bạn em phải đi cấp cứu.,Yes. The other day my friend had to go to A and E.,,
lesson_vi2_l113_d5,"Trời, bạn ấy đỡ chưa em?","God, is your friend better?",,
lesson_vi2_l114_d0,Xe tải chắn hết đường rồi.,That lorry has blocked the whole road.,,
lesson_vi2_l114_d1,Đéo đi được luôn.,There is no fucking way we can pass.,,
lesson_vi2_l114_d2,Anh nói năng cẩn thận chứ.,You should watch your language.,,
lesson_vi2_l114_d3,"Ừ, anh xin lỗi.","Yes, I am sorry about that.",,
lesson_vi2_l114_d4,Ai tiết lộ chuyện này thế?,Who let this out?,,
lesson_vi2_l114_d5,Anh không biết. Đừng nói với ai nhé.,I do not know. Do not tell anyone.,,
lesson_vi2_l115_d0,Giá cả xe máy dạo này thế nào anh?,How are motorbike prices these days?,,
lesson_vi2_l115_d1,Đắt hơn năm ngoái nhiều.,Much dearer than last year.,,
lesson_vi2_l115_d2,"Em đi lại xa quá, phải mua thôi.","I travel too far, I have to buy one.",,
lesson_vi2_l115_d3,"Em yên tâm, anh tìm giúp cho.","Do not worry, I will look for one for you.",,
lesson_vi2_l115_d4,Anh vất vả vì em quá.,You have worked so hard for me.,,
lesson_vi2_l115_d5,Có gì đâu em.,"It is nothing, I am glad to help.",,
lesson_vi2_l116_d0,Dạo này em thấy cô đơn quá anh.,I have felt very lonely lately.,,
lesson_vi2_l116_d1,Có chuyện gì em tâm sự với anh đi.,"If something is up, talk to me about it.",,
lesson_vi2_l116_d2,"Em mới chuyển đến, chưa quen ai.","I just moved here, I do not know anyone.",,
lesson_vi2_l116_d3,Bình thường mà em. Ai cũng thế.,That is normal. Everyone goes through it.,,
lesson_vi2_l116_d4,Người lớn kết bạn khó thật.,Making friends as an adult really is hard.,,
lesson_vi2_l116_d5,"Ừ, nhưng từ từ rồi quen.","Yes, but it comes with time.",,
lesson_vi2_l117_d0,Thỉnh thoảng em có về quê không?,Do you go back to your home town sometimes?,,
lesson_vi2_l117_d1,"Có, giỗ ông bà em phải về.","Yes, I have to for my grandparents' death anniversary.",,
lesson_vi2_l117_d2,Nhà em có bàn thờ chứ ạ?,Does your family keep an altar at home?,,
lesson_vi2_l117_d3,"Có, năm nào cũng thắp hương.","Yes, we burn incense every year.",,
lesson_vi2_l117_d4,Vé máy bay đắt lắm anh nhỉ.,Plane tickets are so expensive.,,
lesson_vi2_l117_d5,"Kệ, một năm một lần thôi mà.","Never mind, it is only once a year.",,
lesson_vi2_l118_d0,"Tay em bẩn quá, rửa đi con.","Your hands are filthy, go and wash them.",,
lesson_vi2_l118_d1,"Dạ, con rửa ngay ạ.","Yes, I will wash them now.",,
lesson_vi2_l118_d2,Sao con ăn vội thế?,Why are you eating so fast?,,
lesson_vi2_l118_d3,Con phải đi học ạ.,I have to get to school.,,
lesson_vi2_l118_d4,Nghiện điện thoại rồi đấy.,You are hooked on that phone.,,
lesson_vi2_l118_d5,Con để xuống rồi mà.,I have put it down.,,
lesson_vi2_l119_d0,Xoài này chín chưa anh?,Is this mango ripe yet?,,
lesson_vi2_l119_d1,"Chín rồi, ăn được đấy.","It is ripe, you can eat it.",,
lesson_vi2_l119_d2,Lấy cho em cái bát với.,Can you get me a bowl?,,
lesson_vi2_l119_d3,"Ừ, cái cũ vứt rồi.","Yes, I have thrown the old one out.",,
lesson_vi2_l119_d4,Hè này mình đi vịnh Hạ Long nhé.,Let us go to Hạ Long Bay this summer.,,
lesson_vi2_l119_d5,"Ừ, anh ngại đông người thôi.","Yes, I just do not like big crowds.",,
lesson_vi2_l120_d0,Trong hang mát hơn ngoài này.,It is cooler in the cave than out here.,,
lesson_vi2_l120_d1,"Ừ, hít thở sâu vào em.","Yes, you should breathe in deeply.",,
lesson_vi2_l120_d2,Nhà anh ấm áp thật.,Your home is really warm.,,
lesson_vi2_l120_d3,"Em ngồi đi, để anh lau bàn.","Sit down, let me wipe the table.",,
lesson_vi2_l120_d4,Mai anh đi hiến máu à?,Are you giving blood tomorrow?,,
lesson_vi2_l120_d5,"Ừ, sáu tháng một lần.","Yes, once every six months.",,
lesson_vi2_l121_d0,Bố em nghỉ hưu năm nay ạ.,My dad retires this year.,,
lesson_vi2_l121_d1,Nhanh thật. Ông định làm gì?,That was quick. What is he going to do?,,
lesson_vi2_l121_d2,Ông bảo trồng cây cho có ích.,"He says he will grow things, to be useful.",,
lesson_vi2_l121_d3,Hay đấy. Ông khoe với anh mãi.,Nice. He has been telling me about it for ages.,,
lesson_vi2_l121_d4,Ông em hay khoe lắm anh ạ.,My dad does like to show off.,,
lesson_vi2_l121_d5,Thế mới vui chứ em.,That is what makes him fun.,,
slang_trời ơi,trời ơi,oh my god / for heaven’s sake,,
slang_trời đất ơi,trời đất ơi,good heavens — bigger version of trời ơi,,
slang_má ơi,má ơi,oh mum! — Southern exclamation of surprise,,
slang_bó tay,bó tay,I give up / nothing I can do,,
slang_hết hồn,hết hồn,that scared the life out of me,,
slang_mắc cười,mắc cười,funny (Southern; the North says buồn cười),,
slang_quá trời,quá trời,loads / tons — Southern,,
slang_quá xá,quá xá,"really, very — Southern",,
slang_xạo,xạo,to talk rubbish / to fib — Southern,,
slang_kệ nó,kệ nó,never mind it / leave it,,
slang_thôi kệ,thôi kệ,forget it then,,
slang_chán,chán,fed up / boring,,
slang_mệt quá,mệt quá,so tired / worn out,,
slang_đã,đã,satisfying — đã quá! = that hit the spot,,
slang_ghê,ghê,"creepy, or “intensely” — ngon ghê = seriously tasty",,
slang_xỉn,xỉn,drunk,,
slang_nhậu,nhậu,to drink and eat with mates — a whole social institution,,
slang_lẹ lên,lẹ lên,hurry up — Southern (the North says nhanh lên),,
slang_dữ,dữ,"fierce / intense — dữ vậy? = whoa, that much?",,
slang_hổng,hổng,không said the Southern way,,
slang_trùm,trùm,the boss at something / top dog,,
slang_gà,gà,a noob — literally “chicken”,,
slang_ủa,ủa,"huh? / hang on — surprise or confusion, Southern",,
slang_ê,ê,"oi / hey — getting attention, fine with mates, rude to elders",,
slang_ui,ui,ooh / oops — small surprise,,
slang_eo ơi,eo ơi,"ugh / eww — disgust, more Northern",,
slang_gớm,gớm,"yuck — or “my word”, said dryly",,
slang_thôi xong,thôi xong,well that’s that / it’s ruined now,,
slang_tiêu rồi,tiêu rồi,we’re done for,,
slang_chết dở,chết dở,in real trouble now,,
slang_khổ thân,khổ thân,poor thing / bless him,,
slang_rõ khổ,rõ khổ,poor sod — Northern,,
slang_u là trời,u là trời,"whoaa — playful, young, half-joking",,
slang_căng,căng,"tense / heavy — a situation, not a person",,
slang_đỉnh,đỉnh,top-tier / brilliant,,
slang_xịn,xịn,the real thing / proper quality,,
slang_chất,chất,cool / classy,,
slang_hết sẩy,hết sẩy,fantastic — Southern,,
slang_bá cháy,bá cháy,amazing / off the charts — Southern,,
slang_số dzách,số dzách,"number one — old Southern slang, borrowed from Cantonese",,
slang_hết nước chấm,hết nước chấm,unbeatable — lit. “no dipping sauce left”,,
slang_tới bến,tới bến,all the way / to the bitter end,,
slang_cày,cày,to grind / graft — also to binge-watch,,
slang_cháy túi,cháy túi,skint / cleaned out,,
slang_hớ,hớ,to get done / overpay without realising,,
slang_bèo,bèo,dirt cheap / paltry,,
slang_chùa,chùa,"free, on the house — của chùa = someone else’s money",,
slang_dzô,dzô,"cheers! — the shout when glasses go up, Southern",,
slang_mồi,mồi,the food you drink with,,
slang_quẩy,quẩy,to party hard / let loose,,
slang_tám,tám,to natter / gossip — Southern,,
slang_buôn dưa lê,buôn dưa lê,"to gossip — Northern, lit. “selling melons”",,
slang_hóng,hóng,to lurk / wait for the next bit of news,,
slang_drama,drama,drama — borrowed straight from English,,
slang_gato,gato,"jealous — from ghen ăn tức ở, and it sounds like the cake",,
slang_chốt đơn,chốt đơn,done and dusted / sealed — from online selling,,
slang_khum,khum,a cutesy spelling of không,,
slang_gòy,gòy,a cutesy spelling of rồi,,
slang_dzậy,dzậy,"Southern spelling of vậy, the way it actually sounds",,
slang_gấu,gấu,boyfriend or girlfriend — lit. “bear”,,
slang_cua,cua,to chase someone — lit. “crab”,,
slang_đổ,đổ,to fall for someone — lit. to topple,,
slang_thả thính,thả thính,to flirt / put out bait — lit. “to scatter fish bait”,,
slang_bơ,bơ,to blank someone — lit. “butter”,,
slang_ế,ế,"unsold — of stock, or of a person still single",,
slang_hên,hên,lucky — Southern,,
slang_xui,xui,unlucky,,
slang_lì,lì,stubborn / won’t flinch,,
slang_nhát,nhát,chicken / easily scared,,
slang_khỉ gió,khỉ gió,"you little monkey — scolding a child, affectionate",,
slang_xạo ke,xạo ke,full of it / a right fibber — Southern,,
slang_chảnh,chảnh,stuck-up / up yourself — Southern,,
slang_cà chớn,cà chớn,messing about / unreliable — Southern,,
slang_nhây,nhây,won’t let it drop / clingy in an annoying way,,
slang_quắc cần câu,quắc cần câu,absolutely hammered,,
slang_phê,phê,buzzed / high / blissed out,,
slang_quê,quê,cringe / provincial / embarrassing,,
slang_mày,mày,"you — the blunt pronoun. Warm with close friends, an insult otherwise",,
slang_tao,tao,"I — the blunt pronoun, always paired with mày",,
slang_thằng,thằng,“that bloke” — a dismissive classifier for a man,,
slang_con nhỏ,con nhỏ,"“that girl” — Southern, casual, edging on dismissive",,
slang_gắt,gắt,savage / fierce — praise or complaint depending on tone,,
slang_chặt chém,chặt chém,to rip off — of a shop or a driver,,
slang_banh xác,banh xác,wrecked / knackered beyond repair,,
slang_ngáo,ngáo,out of it / away with the fairies,,
slang_chém gió,chém gió,to talk big / spin a yarn,,
slang_nổ,nổ,to brag — lit. to explode,,
slang_ba xạo,ba xạo,"full of it — Southern, stronger than plain xạo",,
slang_lầy,lầy,shameless in a funny way / won’t behave,,
slang_lươn lẹo,lươn lẹo,slippery / dodgy,,
slang_cà khịa,cà khịa,to needle / wind someone up,,
slang_phốt,phốt,a scandal / a screw-up that got out,,
slang_bóc phốt,bóc phốt,to expose someone publicly,,
slang_trẻ trâu,trẻ trâu,a kid acting big — “buffalo youth”,,
slang_sửu nhi,sửu nhi,"same idea, jokier and more online",,
slang_toang,toang,blown it / it’s ruined — very current,,
slang_chết tiệt,chết tiệt,damn it / blasted thing,,
slang_trời đánh,trời đánh,"god-struck — “you menace”, said fondly or not",,
slang_quỷ tha ma bắt,quỷ tha ma bắt,"devil take you — theatrical, half-joking",,
slang_thôi đi,thôi đi,give over / that’s enough,,
slang_không liên quan,không liên quan,nothing to do with it / irrelevant,,
slang_ai thèm,ai thèm,as if / who’d want to,,
slang_im đi,im đi,be quiet,,
slang_dẹp đi,dẹp đi,knock it off / clear off,,
slang_ngốc,ngốc,"silly — soft, often affectionate",,
slang_khờ,khờ,naive / green,,
slang_hư,hư,naughty / badly behaved,,
slang_ngu,ngu,stupid,,
slang_đồ,đồ,“you ___” — the prefix that turns a word into an insult,,
slang_đồ ngu,đồ ngu,you idiot — đồ turns anything into an insult,,
slang_điên,điên,mad / crazy,,
slang_khùng,khùng,crazy — Southern,,
slang_dở hơi,dở hơi,daft / half-witted — more Northern,,
slang_ăn hại,ăn hại,a freeloader / eats and does nothing,,
slang_vô duyên,vô duyên,graceless / says the wrong thing constantly,,
slang_đần,đần,dim / slow on the uptake,,
slang_ngu như bò,ngu như bò,thick as an ox,,
slang_não phẳng,não phẳng,"smooth-brained — online, jokey",,
slang_mặt dày,mặt dày,thick-faced / shameless,,
slang_vô liêm sỉ,vô liêm sỉ,"shameless — bookish wording, lands hard",,
slang_vô tích sự,vô tích sự,good for nothing,,
slang_đồ bỏ đi,đồ bỏ đi,a write-off / waste of space,,
slang_thằng nhãi,thằng nhãi,little brat — aimed down at someone younger,,
slang_ranh con,ranh con,brat / snot-nosed kid,,
slang_mất nết,mất nết,"badly brought up — about character, not manners",,
slang_dê,dê,letchy — lit. “goat”,,
slang_ị,ị,"to poo — childish, what you say to a toddler",,
slang_thối,thối,stinking / rotten,,
slang_hôi,hôi,smelly — of a body or a room,,
slang_xì hơi,xì hơi,to let one go — neutral wording,,
slang_đánh rắm,đánh rắm,to fart — the Northern everyday word,,
slang_ói,ói,to throw up — Southern,,
slang_ốm nhom,ốm nhom,skin and bone — Southern,,
slang_cứt,cứt,shit,,
slang_đái,đái,to piss,,
slang_xấu như ma,xấu như ma,ugly as a ghost,,
slang_mửa,mửa,to puke — coarser,,
slang_ghê tởm,ghê tởm,revolting,,
slang_hôi nách,hôi nách,BO — said bluntly and often,,
slang_xấu hoắc,xấu hoắc,proper ugly — Southern,,
slang_muốn gì,muốn gì,what do you want? — the line before it kicks off,,
slang_đánh nhau,đánh nhau,to have a fight,,
slang_coi chừng,coi chừng,watch it / careful now,,
slang_liệu hồn,liệu hồn,watch yourself,,
slangp_0,"Trời ơi, hết hồn luôn!","God, that scared the life out of me!",,
slangp_1,Mắc cười quá đi!,That’s so funny!,,
slangp_2,Bó tay với ông luôn.,I give up on you.,,
slangp_3,Đông quá trời luôn.,It’s absolutely packed.,,
slangp_4,"Thôi kệ đi, không sao đâu.","Forget it, it’s fine.",,
slangp_5,"Nay mệt quá, chán ghê.","I’m knackered today, so fed up.",,
slangp_6,Đừng có xạo nha.,Don’t give me that.,,
slangp_7,"Ngon quá, đã thiệt!",So good — that really hit the spot!,,
slangp_8,"Lẹ lên đi, trễ rồi.","Hurry up, we’re late.",,
slangp_9,Tối nay đi nhậu không?,Fancy going for a drink tonight?,,
slangp_34,"Ủa, sao kỳ vậy?",Huh — that’s odd?,,
slangp_35,"Ê, đi ăn không?","Oi, coming to eat?",,
slangp_36,"Thôi xong, quên mất tiêu.",Well that’s that — completely forgot.,,
slangp_37,"Tiêu rồi, trễ giờ rồi.","We’re done for, we’re late.",,
slangp_38,"U là trời, đẹp dữ vậy!","Whoaa, that’s properly nice!",,
slangp_39,Căng à nha.,That’s a heavy one.,,
slangp_41,Món này đỉnh thiệt sự.,This dish is genuinely top-tier.,,
slangp_42,"Đồ xịn đó, không phải hàng dỏm.","That’s the real thing, not a knock-off.",,
slangp_43,Ăn xong hết sẩy luôn.,That was fantastic.,,
slangp_44,Chơi tới bến luôn đi.,Let’s go all the way with it.,,
slangp_45,Tháng này cày dữ lắm.,I’ve been grafting hard this month.,,
slangp_46,"Cháy túi rồi, tháng sau đi.",I’m skint — let’s go next month.,,
slangp_48,"Mua hớ rồi, chỗ kia rẻ hơn.",I got done — it’s cheaper over there.,,
slangp_49,"Của chùa mà, cứ ăn đi.","It’s free, go on and eat.",,
slangp_51,"Một hai ba, dzô!",One two three — cheers!,,
slangp_52,Tối nay quẩy tới sáng.,We’re going till morning tonight.,,
slangp_53,Ngồi tám chút đi.,Sit and have a natter a minute.,,
slangp_59,Gato gì mà gato dữ vậy.,What are you so jealous about?,,
slangp_61,Nay có gấu chưa?,Got yourself a partner yet?,,
slangp_62,Nó thả thính cả xóm.,He’s flirting with the whole neighbourhood.,,
slangp_63,Nhắn hoài mà nó bơ luôn.,I keep texting and he just blanks me.,,
slangp_10,Hôm qua nó xỉn quắc cần câu.,He was absolutely hammered last night.,,
slangp_11,Nhỏ đó chảnh dữ.,That girl’s so stuck-up.,,
slangp_12,Ông cà chớn quá đi.,You’re such a messer.,,
slangp_40,Ổng làm gắt thiệt.,He went in hard on that.,,
slangp_47,"Chỗ đó chặt chém dữ lắm, đừng vô.","That place rips you off, don’t go in.",,
slangp_50,Cái máy banh xác rồi.,The machine is completely wrecked.,,
slangp_54,Ông chém gió vừa thôi.,Steady on with the tall tales.,,
slangp_55,"Nó nổ dữ lắm, đừng tin.","He talks himself right up, don’t believe it.",,
slangp_56,Toang rồi ông ơi.,"It’s all blown up, mate.",,
slangp_57,Đừng có cà khịa nữa.,Stop winding people up.,,
slangp_58,Nó bị bóc phốt trên mạng rồi.,He got called out online.,,
slangp_60,Mấy đứa trẻ trâu đó ồn quá.,Those kids acting big are too loud.,,
slangp_13,"Thôi đi, đủ rồi.","Give over, that’s enough.",,
slangp_67,Ai thèm quan tâm.,As if anyone cares.,,
slangp_14,Không liên quan tới tao.,Nothing to do with me.,,
slangp_15,"Im đi, để người ta nói.",Be quiet and let them speak.,,
slangp_64,"Dẹp đi, tao không rảnh.","Knock it off, I haven’t got time.",,
slangp_65,Lo chuyện của mày đi.,Mind your own business.,,
slangp_66,Xạo vừa thôi nha.,That’s enough of your rubbish.,,
slangp_68,Đủ rồi đó nghe.,"That’s enough now, I mean it.",,
slangp_81,kệ tao,leave me out of it,,
slangp_82,đi chỗ khác,go somewhere else,,
slangp_88,xạo vừa thôi,that’s enough of your rubbish,,
slangp_89,nói ít thôi,talk less,,
slangp_90,lo chuyện của mày đi,mind your own business,,
slangp_91,chả ai quan tâm,nobody cares,,
slangp_92,đủ rồi đó,that’s enough now — the warning before it escalates,,
slangp_18,"Đồ ngu, làm sai hết rồi.","You idiot, you’ve got it all wrong.",,
slangp_19,Nó khùng rồi hả?,Has he lost the plot?,,
slangp_20,"Ăn hại, chẳng làm gì cả.",Useless — does nothing at all.,,
slangp_69,"Ngu như bò, nói hoài không hiểu.",Thick as an ox — told him a hundred times.,,
slangp_70,"Đồ mặt dày, không biết ngại.",Shameless — hasn’t got an ounce of embarrassment.,,
slangp_72,"Ông già đó dê lắm, tránh ra.","That old man is letchy, keep away.",,
slangp_23,Ở đây hôi quá.,It stinks in here.,,
slangp_31,Mày muốn gì?,What do you want?,,
slangp_32,Coi chừng đó nghe.,"You watch it, alright.",,
slangp_77,Liệu hồn đó nghe.,Watch yourself.,,
slangp_78,Đừng có làm quá nha.,Don’t push it.,,
slangp_97,đừng có làm quá,don’t push it,,
slang_câm mồm,câm mồm,shut your mouth,,
slang_cút,cút,get lost / clear off,,
slang_biến,biến,disappear / do one,,
slang_xéo,xéo,clear off — Southern,,
slang_mất dạy,mất dạy,badly brought up — an insult to the whole family,,
slang_đồ mất dạy,đồ mất dạy,you ill-mannered thing,,
slang_khốn nạn,khốn nạn,despicable / rotten to the core,,
slang_đồ khốn,đồ khốn,you bastard,,
slang_súc vật,súc vật,beast / animal — said of a person,,
slang_đồ chó,đồ chó,you dog,,
slang_thằng chó,thằng chó,that dog of a man,,
slang_óc chó,óc chó,"dog-brained — a real insult, very common online",,
slang_già dịch,già dịch,dirty old man,,
slang_biến thái,biến thái,pervert,,
slang_đĩ,đĩ,whore,,
slang_con đĩ,con đĩ,that whore,,
slang_đếch,đếch,"the same job as đéo, softer and more Southern",,
slang_vãi,vãi,“damn / holy” — an intensifier tacked on the end,,
slang_đéo,đéo,“f---ing not” — the Northern negative intensifier,,
slang_vl,vl,how vãi lồn is written in messages — read it as the full phrase,,
slang_chịch,chịch,to shag — crude but not the f-word,,
slang_đụ,đụ,to f--- — the Southern word,,
slang_địt,địt,to f--- in the North; to FART in the South. Read the note,,
slang_cặc,cặc,dick,,
slang_lồn,lồn,the crudest word for female genitals — the heaviest word here,,
slang_buồi,buồi,dick — more Northern,,
slang_vãi lồn,vãi lồn,the full-strength version of vãi,,
slang_vcl,vcl,"vãi cả lồn, written. Stronger again than vl",,
slang_cái lồn,cái lồn,“what the f---” — cái lồn gì đây? STRONG,,
slang_vãi cả lồn,vãi cả lồn,the full form behind vcl. STRONG,,
slang_clm,clm,"cái lồn mẹ, written. STRONG",,
slang_con mẹ nó,con mẹ nó,"“damn the thing” — a softened family curse, close to “bloody hell”",,
slang_mẹ kiếp,mẹ kiếp,damn it — a set curse nobody hears literally any more,,
slang_ông đây,ông đây,"“this gentleman” = me — puffed-up, less obscene",,
slang_bà đây,bà đây,the same move from a woman,,
slang_đm,đm,"how địt mẹ / đụ má is written. Everywhere online, still the full curse",,
slang_đồ con hoang,đồ con hoang,"bastard — about parentage, so it cuts deep",,
slang_bố mày,bố mày,“your father” = me — arrogant first person,,
slang_đụ má,đụ má,f--- your mother — the Southern form,,
slang_địt mẹ,địt mẹ,the Northern form of the same curse,,
slang_cmm,cmm,"con mẹ mày, written",,
slang_dcm,dcm,"địt con mẹ, written — the most-typed curse there is",,
slangp_16,"Cút đi, đừng phiền tao.",Get lost and stop bothering me.,,
slangp_17,Biến đi cho khuất mắt.,Clear off out of my sight.,,
slangp_21,Đồ mất dạy!,You ill-mannered so-and-so!,,
slangp_22,Thằng đó khốn nạn thiệt.,That bloke really is despicable.,,
slangp_71,Thằng đó óc chó thiệt.,That bloke is a genuine idiot. (STRONG),,
slangp_24,Nói chuyện như cứt.,You’re talking absolute rubbish.,,
slangp_25,Đếch biết luôn.,Haven’t got a clue.,,
slangp_27,Ngon vãi!,Bloody delicious!,,
slangp_26,Đéo hiểu gì hết.,Don’t understand a f---ing thing.,,
slangp_28,Cái điện thoại này đéo xài được.,This phone is f---ing useless.,,
slangp_73,Cái lồn gì vậy trời!,What the f--- is this? (STRONG),,
slangp_74,Ngon vcl!,F---ing delicious. (STRONG in writing),,
slangp_29,"Mẹ kiếp, lại hư nữa.","Damn it, broken again.",,
slangp_30,"Con mẹ nó, quên mất rồi.","Bloody hell, I forgot.",,
slangp_75,"Tổ cha mày, làm tao hết hồn.","You little sod, you scared the life out of me.",,
slangp_96,tổ cha mày,"your ancestors! — Southern, and often affectionate",,
slangp_76,Bố mày đéo sợ đâu.,I’m not scared of you. (STRONG — “bố mày” is the boast),,
slangp_95,bà nội mày,your grandmother — used as a curse,,
slangp_83,đụ má mày,the same aimed squarely at the person,,
slangp_93,con mẹ mày,your mother — the curse behind cmm. STRONG,,
slangp_94,địt con mẹ mày,the full Northern form. STRONG,,
slangp_33,Đừng đụng vào tao.,Don’t you touch me.,,
slangp_79,Mày thích gây sự à?,You looking for trouble?,,
slangp_80,Ngon thì ra đây nói chuyện.,"If you’re so tough, come out here.",,
slangp_84,muốn chết hả,you asking for it?,,
slangp_85,tao đánh mày,I’ll hit you,,
slangp_86,ra ngoài nói chuyện,take it outside,,
slangp_87,đừng đụng vào tao,don’t touch me,,
slangp_98,thích gây sự à,"looking for trouble, are you?",,
slangp_99,ngon thì ra đây,"come out here then, if you’re so tough",,
slangp_100,muốn ăn đấm hả,want a punch?,,
slangp_101,tao chém mày,"I’ll cut you — a real threat, not banter",,
slangp_102,tao giết mày,"I’ll kill you — usually empty between friends, not always",,
text_ko,ko,không — no / not,,
text_k,k,không — no / not — the shortest form,,
text_kh,kh,không — no / not — a middle-length form,,
text_hk,hk,không — no / not — Southern spelling,,
text_hông,hông,"không — no / not — the Southern pronunciation, written out",,
text_hem,hem,không — no / not — cute and playful,,
text_dc,dc,được — can / okay,,
text_đc,đc,được — can / okay — with the đ,,
text_r,r,rồi — already / done,,
text_rùi,rùi,rồi — already — spelled soft and friendly,,
text_ch,ch,chưa — not yet,,
text_chx,chx,chưa — not yet — the x stands in for the tone,,
text_j,j,gì — what,,
text_z,z,"vậy / gì — so / what — Southern, from the v→y sound",,
text_vs,vs,với — with,,
text_cx,cx,cũng — also / too,,
text_cũg,cũg,cũng — also — a typo that stuck,,
text_đg,đg,đang — currently / -ing,,
text_lm,lm,làm — to do / to work,,
text_bt,bt,biết / bình thường — to know — or “nothing special”,,
text_bik,bik,biết — to know — spelled as it sounds,,
text_lun,lun,luôn — right away / at all,,
text_nx,nx,nữa — more / any more,,
text_ntn,ntn,như thế nào — how / what’s it like,,
text_pk,pk,phải không — …right? — the tag question,,
text_vd,vd,ví dụ — for example,,
text_vv,vv,vân vân — etc.,,
text_ukm,ukm,ừ — yeah / mm-hm,,
text_m,m,"mày / mình — you (rough) — or “me”, depending on who is typing",,
text_t,t,tôi / tao / tớ — I / me,,
text_mk,mk,mình — me / I — soft and friendly,,
text_mik,mik,mình — me / I — the other common spelling,,
text_b,b,bạn — you — neutral and safe,,
text_bn,bn,bạn / bao nhiêu — you — or “how much”. Context decides,,
text_a,a,"anh — older brother — “you” to an older man, or “I” from one",,
text_e,e,"em — younger sibling — “you” to someone younger, or “I” to someone older",,
text_ae,ae,anh em — the lads / mates,,
text_mn,mn,mọi người — everyone,,
text_mng,mng,mọi người — everyone — the other spelling,,
text_ny,ny,người yêu — boyfriend / girlfriend,,
text_nyc,nyc,người yêu cũ — an ex,,
text_vk,vk,vợ — wife — also used jokingly between couples,,
text_ck,ck,"chồng / chuyển khoản — husband — but also “bank transfer”, so read the thread",,
text_nt,nt,nhắn tin — to text,,
text_tl,tl,trả lời — to reply,,
text_rep,rep,trả lời — to reply — straight from English,,
text_ib,ib,nhắn riêng — DM me — from “inbox”,,
text_cmt,cmt,bình luận — to comment,,
text_add,add,kết bạn — to add as a friend,,
text_kb,kb,kết bạn / không biết — add friend — or “dunno”. Two different words,,
text_avt,avt,ảnh đại diện — profile picture,,
text_nc,nc,"nói chuyện — to talk, to chat",,
text_đt,đt,điện thoại — phone,,
text_trg,trg,trong / trường — in — or “school”. Context decides,,
text_sn,sn,sinh nhật — birthday,,
text_qt,qt,quan tâm — to care about,,
text_qtr,qtr,quan trọng — important,,
text_bg,bg,bây giờ — now,,
text_hnay,hnay,hôm nay — today,,
text_hqua,hqua,hôm qua — yesterday,,
text_t7,t7,"thứ bảy — Saturday — weekdays go t2 to t7, then cn",,
text_cn,cn,chủ nhật — Sunday,,
text_cf,cf,cà phê — coffee — and “going for a coffee”,,
text_ok,ok,"được / đồng ý — okay — also written oke, okii",,
text_tks,tks,cảm ơn — thanks,,
text_sr,sr,xin lỗi — sorry,,
text_bb,bb,tạm biệt — bye,,
text_haha,haha,laughing — the plain one,,
text_hihi,hihi,"a small, shy or cheeky laugh",,
text_hehe,hehe,a sly or pleased laugh,,
text_:)),:)),"laughing hard. More brackets, more laughter: :)))) ",,
text_cmn,cmn,của mẹ nó — “bloody” — an intensifier wedged mid-sentence. VULGAR,,
text_vl,vl,vãi lồn — “as hell” — goes on the end. VERY VULGAR,,
text_vcl,vcl,vãi cả lồn — stronger again than vl. VERY VULGAR,,
text_dm,dm,địt mẹ — the standard typed curse. VERY VULGAR,,
textp_0,ko dc đâu,that won’t work,,
textp_1,t ko bít,I don’t know,,
textp_2,ko sao,it’s fine / no worries,,
textp_3,m ko đi à?,you’re not coming?,,
textp_4,k đc,can’t / not allowed,,
textp_5,mai k rảnh,not free tomorrow,,
textp_6,a k nhớ hả,you don’t remember?,,
textp_7,kh phải,that’s not it,,
textp_8,e kh hiểu,I don’t get it,,
textp_9,hk có gì,you’re welcome / it’s nothing,,
textp_10,hk đi dc,can’t make it,,
textp_11,đi hông?,coming?,,
textp_12,hông chịu đâu,"no way, I’m not having that",,
textp_13,hem biết nữa,"no idea, honestly",,
textp_14,e hem rảnh,I’m not free,,
textp_15,dc r,that’ll do / okay then,,
textp_16,mai dc ko?,is tomorrow okay?,,
textp_17,t lm dc,I can do it,,
textp_18,đc đó,"yeah, that works",,
textp_19,ko đc r,that’s not going to work now,,
textp_20,xong r,all done,,
textp_21,a ăn cơm chưa? — r,have you eaten? — yeah,,
textp_22,t về r,I’m home / I’ve left,,
textp_23,e biết rùi,I know already,,
textp_24,muộn rùi,it’s late,,
textp_25,ăn ch?,eaten yet?,,
textp_26,t ch lm,I haven’t done it,,
textp_27,xong chx?,finished yet?,,
textp_28,chx tới,not there yet,,
textp_29,lm j đó?,what are you up to?,,
textp_30,có j ko?,anything up?,,
textp_31,ăn j?,what shall we eat?,,
textp_32,sao z?,what’s up? / what’s wrong?,,
textp_33,z hả,"oh, is that right",,
textp_34,lm z lm j,why do that?,,
textp_35,đi vs t,come with me,,
textp_36,nc vs a,talk to you,,
textp_37,t cx z,same here,,
textp_38,cx dc,that works too,,
textp_39,e cũg ko bt,I don’t know either,,
textp_40,t đg bận,I’m busy right now,,
textp_41,đg đi r,on my way,,
textp_42,lm j giờ này,what are you doing at this hour,,
textp_43,mai lm ko?,working tomorrow?,,
textp_44,t bt r,I know,,
textp_45,phim đó bt thôi,that film was just okay,,
textp_46,ai bik,who knows,,
textp_47,e bik r,I know already,,
textp_48,đi lun đi,let’s just go now,,
textp_49,ko thấy lun,couldn’t see a thing,,
textp_50,thêm 1 cái nx,one more,,
textp_51,ko đi nx,not going any more,,
textp_52,lm ntn?,how do I do it?,,
textp_53,hôm qua ntn?,how did yesterday go?,,
textp_54,a đi pk?,"you’re going, right?",,
textp_55,z pk,"that’s it, isn’t it",,
textp_56,vd như hôm qua,"like yesterday, for instance",,
textp_57,"cà phê, trà sữa vv","coffee, bubble tea and so on",,
textp_58,ukm t bit r,"yeah, I know",,
textp_59,ukm đi đi,"yeah, off you go",,
textp_60,m đâu r?,where are you?,,
textp_61,m nghĩ z ko,do you reckon so?,,
textp_62,t đi trc nha,I’m off first,,
textp_63,t vs m,you and me,,
textp_64,mk ko rảnh,I’m not free,,
textp_65,mk hỏi tí,quick question,,
textp_66,mik cx đag đi,I’m on my way too,,
textp_67,b khoẻ ko?,how are you?,,
textp_68,b ơi,hey / excuse me,,
textp_69,bn tuổi r?,how old are you?,,
textp_70,bn tiền z?,how much is it?,,
textp_71,bn đi ko?,are you coming?,,
textp_72,a ơi,hey (to an older man),,
textp_73,a đag ở đâu,where are you?,,
textp_74,e tới r a,I’m here,,
textp_75,e ăn ch?,have you eaten?,,
textp_76,ae đi nhậu ko,"lads, drinks?",,
textp_77,cảm ơn ae,thanks lads,,
textp_78,chào mn,hi everyone,,
textp_79,mn đâu r,where is everybody?,,
textp_80,mng ơi giúp e vs,can someone help me,,
textp_81,có ny ch?,got a partner yet?,,
textp_82,đi vs ny r,out with my other half,,
textp_83,nyc nt lại,my ex texted,,
textp_84,vk ơi về ăn cơm,"love, come home for dinner",,
textp_85,ck e đag lm,my husband is at work,,
textp_86,e ck cho a r nha,I’ve sent you the transfer,,
textp_87,nt cho t nha,text me,,
textp_88,nt hoài ko trl,I keep texting and get nothing back,,
textp_89,sao ko tl?,why aren’t you answering?,,
textp_90,tl giúp e vs,please get back to me,,
textp_91,rep t đi,answer me,,
textp_92,nó ko rep,he’s not replying,,
textp_93,ib cho m nha,DM me,,
textp_94,ai cần thì ib,DM if you want one,,
textp_95,cmt bên dưới nha,comment below,,
textp_96,add t vs,add me,,
textp_97,kb vs m nha,let’s be friends,,
textp_98,kb lun á,no idea at all,,
textp_99,đổi avt r à,changed your profile pic?,,
textp_100,nc tí đi,let’s talk a minute,,
textp_101,ko muốn nc,I don’t want to talk,,
textp_102,đt hết pin r,my phone’s dead,,
textp_103,gọi đt đi,just ring me,,
textp_104,ở trg nhà,inside the house,,
textp_105,e đag ở trg,I’m at school,,
textp_106,mai sn t,my birthday’s tomorrow,,
textp_107,chúc mừng sn nha,happy birthday,,
textp_108,ai qt đâu,nobody cares,,
textp_109,cảm ơn a đã qt,thanks for caring,,
textp_110,cái này qtr lắm,this really matters,,
textp_111,ko qtr đâu,it doesn’t matter,,
textp_112,bg mấy giờ r?,what time is it?,,
textp_113,đi bg lun,let’s go right now,,
textp_114,hnay m rảnh ko,free today?,,
textp_115,hqua vui z,yesterday was fun,,
textp_116,t7 này đi ko?,up for Saturday?,,
textp_117,cn t bận r,I’m busy Sunday,,
textp_118,đi cf ko?,fancy a coffee?,,
textp_119,ok lun,"yep, done",,
textp_120,ok e nha,okay then,,
textp_121,tks a nhiều,thanks a lot,,
textp_122,"sr e nha, t quên","sorry, I forgot",,
textp_123,bb mn nha,bye everyone,,
textp_124,haha đúng r,"haha, exactly",,
textp_125,e đùa thôi hihi,only joking,,
textp_126,t lm r hehe,already did it,,
textp_127,nghe xong t :)),I lost it when I heard,,
textp_128,z mà cx tin :)))),and you believed that,,
textp_129,mệt cmn r,I’m bloody knackered,,
textp_130,quên cmn mất,completely bloody forgot,,
textp_131,ngon vl,unbelievably good,,
textp_132,mệt vl,shattered,,
textp_133,hay vcl,ridiculously good,,
textp_134,dm lại hỏng nữa,"for f---’s sake, broken again",,
textp_135,B đg lm j z? Sao chx rep ib?,What are you doing? Why haven’t you replied?,,
textp_136,"T đag đi r, m chờ tí nha","I’m on my way, hang on a minute.",,
textp_137,A ăn cơm ch? E nấu r nè,Have you eaten? I’ve cooked.,,
textp_138,Hnay m rảnh ko? Đi cf vs t,Free today? Come for a coffee with me.,,
textp_139,"Sr e nha, đt a hết pin lun",Sorry — my phone died completely.,,
textp_140,"Mn ơi mai t7 mik có sn, ae tới ko?","Everyone — it’s my birthday tomorrow, Saturday. Are you lot coming?",,
textp_141,"Cái này qtr lắm, m nhớ tl t nha",This really matters — remember to get back to me.,,
textp_142,Bn tiền z b? Mik ck lun cho nhanh,"How much is it? I’ll just transfer it, quicker that way.",,
textp_143,"Nó ko rep t từ hqua, kb bị j",He hasn’t answered me since yesterday — no idea what’s up.,,
textp_144,"Mệt vl, lm cả ngày ch nghỉ",Shattered — worked all day without a break. (VULGAR),,
textp_145,"Ukm t bt r, ko sao đâu :))","Yeah I know, it’s fine.",,
textp_146,"E ib cho a nha, đừng cmt công khai",DM me — don’t comment publicly.,,
textp_147,"Add mik vs, mik kb hết mn r",Add me — I’ve added everyone else already.,,
textp_148,"A đag ở trg, tí nx a nc vs e",I’m at school — I’ll talk to you in a bit.,,
textp_149,"Ny t đổi avt r, nhìn dc phết",My partner changed their profile pic — looks pretty good.,,
