ID,Japanese_Text,English_Text,Japanese_Female_Sound,Japanese_Male_Sound
lesson_ja_l1_0,それ、私が言ったことだよ。,That’s what I said.,,
lesson_ja_l1_1,この店、いいと思う。,I reckon this place is good.,,
lesson_ja_l1_2,見るだけ。買わないよ。,Just looking. I’m not buying.,,
lesson_ja_l1_3,誰もいない。まだ来てないんだ。,Nobody’s here. They haven’t come yet.,,
lesson_ja_l1_v0,する,to do; to carry out,,
lesson_ja_l1_v1,ある,"to be, to exist (things)",,
lesson_ja_l1_v2,こと,"a thing, a matter (abstract)",,
lesson_ja_l1_v3,なる,"to become, to turn into",,
lesson_ja_l1_v4,それ,that (near you),,
lesson_ja_l1_v5,いる,"to be, to exist (people, animals)",,
lesson_ja_l1_v6,思う,"to think, to reckon",,
lesson_ja_l1_v7,この,this — before a noun,,
lesson_ja_l1_v8,でも,"but, though",,
lesson_ja_l1_v9,その,that — before a noun,,
lesson_ja_l1_v10,言う,"to say, to tell",,
lesson_ja_l1_v11,ない,not there; there isn’t any,,
lesson_ja_l1_v12,そう,that way; is that so,,
lesson_ja_l1_v13,私,"I, me",,
lesson_ja_l1_v14,これ,this (near me),,
lesson_ja_l1_v15,見る,"to see, to watch, to look at",,
lesson_ja_l1_v16,だけ,"only, just",,
lesson_ja_l1_v17,くる,to come,,
lesson_ja_l1_d0,それ、何？,What’s that?,,
lesson_ja_l1_d1,これ？私が作ったやつ。,This? Something I made.,,
lesson_ja_l1_d2,そう。いいと思うよ。,Huh. I think it’s good.,,
lesson_ja_l1_d3,でも、まだ終わってないんだ。,"It’s not finished yet, though.",,
lesson_ja_l2_0,ちょっと聞いてくれる？,Can you listen a sec?,,
lesson_ja_l2_1,財布、家に忘れちゃった。,I went and left my wallet at home.,,
lesson_ja_l2_2,そんなこと知らないよ。,I don’t know anything about that.,,
lesson_ja_l2_3,駅の前まで行くね。,I’ll go as far as the front of the station.,,
lesson_ja_l2_v0,くれる,to give (to me or mine),,
lesson_ja_l2_v1,やる,to do (casual); to give (downward),,
lesson_ja_l2_v2,まで,"as far as, until",,
lesson_ja_l2_v3,もの,a thing (physical),,
lesson_ja_l2_v4,行く,to go,,
lesson_ja_l2_v5,そんな,that sort of,,
lesson_ja_l2_v6,あの,that over there — before a noun,,
lesson_ja_l2_v7,しまう,to finish; to do something regrettable,,
lesson_ja_l2_v8,人,a person,,
lesson_ja_l2_v9,ここ,here,,
lesson_ja_l2_v10,お,"polite prefix — お茶, お金",,
lesson_ja_l2_v11,自分,"oneself, myself",,
lesson_ja_l2_v12,知る,"to know, to find out",,
lesson_ja_l2_v13,今,now,,
lesson_ja_l2_v14,聞く,to hear; to listen; to ask,,
lesson_ja_l2_v15,何,what,,
lesson_ja_l2_v16,前,in front; before,,
lesson_ja_l2_v17,出る,"to leave, to go out, to come out",,
lesson_ja_l2_d0,今どこ？,Where are you?,,
lesson_ja_l2_d1,もう出たよ。駅まで行く。,Already left. Heading to the station.,,
lesson_ja_l2_d2,あの人も来るって聞いたけど。,I heard that guy’s coming too.,,
lesson_ja_l2_d3,知らない。自分で聞いてよ。,No idea. Ask him yourself.,,
lesson_ja_l3_0,ちょっと考えさせて。,Let me think about it for a sec.,,
lesson_ja_l3_1,その話、また今度ね。,"That story — another time, yeah?",,
lesson_ja_l3_2,荷物、持ってもらえる？,Could you carry the bag for me?,,
lesson_ja_l3_3,声が大きいところが好き。,I like that she’s got a loud voice.,,
lesson_ja_l3_v0,中,inside; among,,
lesson_ja_l3_v1,顔,face,,
lesson_ja_l3_v2,また,again,,
lesson_ja_l3_v3,考える,"to think over, to consider",,
lesson_ja_l3_v4,どう,"how, in what way",,
lesson_ja_l3_v5,ため,for the sake of; because of,,
lesson_ja_l3_v6,まだ,still; not yet,,
lesson_ja_l3_v7,ちょっと,a bit; hang on,,
lesson_ja_l3_v8,できる,to be able to; to be finished,,
lesson_ja_l3_v9,話,"a talk, a story",,
lesson_ja_l3_v10,そこ,there (near you),,
lesson_ja_l3_v11,待つ,to wait,,
lesson_ja_l3_v12,ところ,a place; the point where,,
lesson_ja_l3_v13,たち,plural suffix — 私たち,,
lesson_ja_l3_v14,こんな,this sort of,,
lesson_ja_l3_v15,持つ,"to hold, to carry, to have",,
lesson_ja_l3_v16,声,a voice,,
lesson_ja_l3_v17,もらう,to receive; to get someone to do,,
lesson_ja_l3_d0,ちょっと待って。まだ考えてる。,Hang on. I’m still thinking.,,
lesson_ja_l3_d1,どうする？時間ないよ。,What are you doing? There’s no time.,,
lesson_ja_l3_d2,そこで待っててもらえる？,Could you wait over there for me?,,
lesson_ja_l3_d3,また？こんなの毎回だな。,Again? It’s like this every time.,,
lesson_ja_l4_0,今日は少し早く出る。,I’m leaving a bit early today.,,
lesson_ja_l4_1,ここから海が見えるよ。,You can see the sea from here.,,
lesson_ja_l4_2,それ、本当に使うの？,Are you actually going to use that?,,
lesson_ja_l4_3,言葉が出てこない。,The words won’t come out.,,
lesson_ja_l4_v0,入る,"to enter, to go in",,
lesson_ja_l4_v1,手,hand; arm,,
lesson_ja_l4_v2,見える,to be visible; to look like,,
lesson_ja_l4_v3,方,direction; the ... one,,
lesson_ja_l4_v4,目,eye,,
lesson_ja_l4_v5,男,a man,,
lesson_ja_l4_v6,本当,true; really,,
lesson_ja_l4_v7,あなた,you — used less than you think,,
lesson_ja_l4_v8,今日,today,,
lesson_ja_l4_v9,ほど,to the extent of; about,,
lesson_ja_l4_v10,言葉,a word; language,,
lesson_ja_l4_v11,らしい,apparently; seems (from hearsay),,
lesson_ja_l4_v12,など,"and so on, and the like",,
lesson_ja_l4_v13,ただ,"only, merely; free of charge",,
lesson_ja_l4_v14,違う,to differ; that’s wrong,,
lesson_ja_l4_v15,使う,to use,,
lesson_ja_l4_v16,少し,"a little, a few",,
lesson_ja_l4_v17,時,time; when,,
lesson_ja_l4_d0,今日、あの人来ないらしいよ。,Apparently he’s not coming today.,,
lesson_ja_l4_d1,本当？誰から聞いた？,Really? Who’d you hear that from?,,
lesson_ja_l4_d2,ただの噂だけどね。,"It’s only a rumour, mind.",,
lesson_ja_l4_d3,それ、違う人の話じゃない？,Isn’t that about someone else?,,
lesson_ja_l5_0,悪い、時間なかった。,My bad — I didn’t have time.,,
lesson_ja_l5_1,部屋、そのままにしといて。,Leave the room as it is.,,
lesson_ja_l5_2,これ、家で作ったんだ。,I made this at home.,,
lesson_ja_l5_3,ゴミ、もう出した？,Have you put the rubbish out yet?,,
lesson_ja_l5_v0,家,"a house, home",,
lesson_ja_l5_v1,あれ,that over there,,
lesson_ja_l5_v2,彼,he; boyfriend,,
lesson_ja_l5_v3,よい,good — いい in speech,,
lesson_ja_l5_v4,人間,a human being,,
lesson_ja_l5_v5,同じ,the same,,
lesson_ja_l5_v6,上,"above, on top of",,
lesson_ja_l5_v7,よく,well; often,,
lesson_ja_l5_v8,よう,appearance; way of doing,,
lesson_ja_l5_v9,出す,"to take out, to put out, to send",,
lesson_ja_l5_v10,どこ,where,,
lesson_ja_l5_v11,悪い,"bad; my bad, sorry",,
lesson_ja_l5_v12,時間,time; an hour,,
lesson_ja_l5_v13,部屋,a room,,
lesson_ja_l5_v14,わけ,reason; it’s not that…,,
lesson_ja_l5_v15,おく,to put; to do in advance,,
lesson_ja_l5_v16,作る,to make,,
lesson_ja_l5_v17,まま,"as it is, unchanged",,
lesson_ja_l5_d0,彼の家、行ったことある？,Have you been to his place?,,
lesson_ja_l5_d1,ある。部屋がすごく上まで片付いてた。,Yeah. The room was tidy right up to the ceiling.,,
lesson_ja_l5_d2,同じ人とは思えないな。,Doesn’t seem like the same bloke.,,
lesson_ja_l5_d3,時間があったわけじゃないと思うけど。,"It’s not that he had time, I reckon.",,
lesson_ja_l6_0,また今度、一緒に行こう。,Let’s go together another time.,,
lesson_ja_l6_1,頭が痛いから、もう帰る。,"I’ve got a headache, so I’m off home.",,
lesson_ja_l6_2,いつもこうなんだよ。,It’s always like this.,,
lesson_ja_l6_3,着いたばかりで、まだ何も見てない。,I’ve only just got here — haven’t seen anything yet.,,
lesson_ja_l6_v0,早い,early; quick,,
lesson_ja_l6_v1,感じる,"to feel, to sense",,
lesson_ja_l6_v2,呼ぶ,"to call, to call out to",,
lesson_ja_l6_v3,話す,"to speak, to talk",,
lesson_ja_l6_v4,何か,something; somehow,,
lesson_ja_l6_v5,死ぬ,to die,,
lesson_ja_l6_v6,姿,"figure, appearance",,
lesson_ja_l6_v7,頭,head,,
lesson_ja_l6_v8,強い,strong,,
lesson_ja_l6_v9,こう,like this,,
lesson_ja_l6_v10,いつも,"always, as usual",,
lesson_ja_l6_v11,会う,"to meet, to see (a person)",,
lesson_ja_l6_v12,ばかり,nothing but; only just,,
lesson_ja_l6_v13,一緒に,together,,
lesson_ja_l6_v14,好き,"liked, favourite",,
lesson_ja_l6_v15,相手,"the other person, a partner",,
lesson_ja_l6_v16,帰る,"to go home, to return",,
lesson_ja_l6_v17,みんな,everyone,,
lesson_ja_l6_d0,みんなで一緒に帰る？,Shall we all head back together?,,
lesson_ja_l6_d1,いいね。でも今日は早いんだ。,Sounds good. But I’m off early today.,,
lesson_ja_l6_d2,じゃあ、また今度会おう。,Right — let’s meet up another time then.,,
lesson_ja_l6_d3,うん。着いたら呼んで。,Yeah. Give me a shout when you get there.,,
lesson_ja_l7_0,もっと食べる？まだあるよ。,Want more? There’s still some.,,
lesson_ja_l7_1,この場所、ずっと前から好き。,I’ve loved this place for ages.,,
lesson_ja_l7_2,それ、必要ないと思う。,I don’t think that’s needed.,,
lesson_ja_l7_3,仕事のあと、戻ってくるね。,I’ll come back after work.,,
lesson_ja_l7_v0,音,"a sound, a noise",,
lesson_ja_l7_v1,うち,inside; while (something lasts),,
lesson_ja_l7_v2,ずっと,all along; far more,,
lesson_ja_l7_v3,食べる,to eat,,
lesson_ja_l7_v4,場所,"a place, a spot",,
lesson_ja_l7_v5,あと,after; the rest,,
lesson_ja_l7_v6,どうして,"why, how come",,
lesson_ja_l7_v7,もっと,more,,
lesson_ja_l7_v8,世界,the world,,
lesson_ja_l7_v9,あげる,to give (outward); to raise,,
lesson_ja_l7_v10,戻る,"to go back, to return",,
lesson_ja_l7_v11,力,"strength, power",,
lesson_ja_l7_v12,仕事,"work, a job",,
lesson_ja_l7_v13,必要,necessary,,
lesson_ja_l7_v14,続ける,"to keep doing, to continue",,
lesson_ja_l7_v15,つもり,"intention, plan",,
lesson_ja_l7_v16,どんな,what kind of,,
lesson_ja_l7_v17,誰,who,,
lesson_ja_l7_d0,仕事、まだ続けるつもり？,You still planning to stay in that job?,,
lesson_ja_l7_d1,うん。もっと力つけたいし。,"Yeah. I want to get better at it, for one.",,
lesson_ja_l7_d2,どうして？誰かに言われた？,How come? Did someone say something?,,
lesson_ja_l7_d3,違う。自分でそう思っただけ。,No. I just decided it myself.,,
lesson_ja_l8_0,ちょっとこれ見せて。,Let me see that a sec.,,
lesson_ja_l8_1,あとで電話かけるね。,I’ll ring you later.,,
lesson_ja_l8_2,そろそろ始めるよ。,We’re starting soon.,,
lesson_ja_l8_3,気持ちはわかるけど、無理だよ。,"I get how you feel, but it’s not on.",,
lesson_ja_l8_v0,による,depending on; caused by,,
lesson_ja_l8_v1,次,next,,
lesson_ja_l8_v2,かける,to hang; to call (phone); to pour on,,
lesson_ja_l8_v3,見せる,to show,,
lesson_ja_l8_v4,動く,to move,,
lesson_ja_l8_v5,となる,"to become, to end up as",,
lesson_ja_l8_v6,はず,"ought to be, supposed to be",,
lesson_ja_l8_v7,子,a child; a kid,,
lesson_ja_l8_v8,歩く,to walk,,
lesson_ja_l8_v9,こちら,this way; this one; me,,
lesson_ja_l8_v10,きっと,"surely, I bet",,
lesson_ja_l8_v11,意味,meaning,,
lesson_ja_l8_v12,終わる,"to end, to finish",,
lesson_ja_l8_v13,変わる,to change (by itself),,
lesson_ja_l8_v14,すぐに,right away,,
lesson_ja_l8_v15,気持ち,"a feeling, a mood",,
lesson_ja_l8_v16,始める,to start (something),,
lesson_ja_l8_v17,大きい,big,,
lesson_ja_l8_d0,次のバス、すぐに来るはずだよ。,The next bus should be here any minute.,,
lesson_ja_l8_d1,さっきから何も動いてないけど。,"Nothing’s moved for a while, though.",,
lesson_ja_l8_d2,きっと終わったら変わるよ。,"It’ll change once that lot finishes, I bet.",,
lesson_ja_l8_d3,その言い方、意味わかんない。,I have no idea what you mean by that.,,
lesson_ja_l9_0,名前、なんて言うの？,What’s your name?,,
lesson_ja_l9_1,心配しないで。大丈夫だから。,Don’t worry. It’ll be fine.,,
lesson_ja_l9_2,その日、外にいたと思う。,I think I was outside that day.,,
lesson_ja_l9_3,もうやめる。疲れた。,I’m stopping. I’m knackered.,,
lesson_ja_l9_v0,ことになる,it has been decided that,,
lesson_ja_l9_v1,向かう,to head towards; to face,,
lesson_ja_l9_v2,受ける,to receive; to take (a test),,
lesson_ja_l9_v3,日,a day; the sun,,
lesson_ja_l9_v4,年,a year,,
lesson_ja_l9_v5,心配,"worry, concern",,
lesson_ja_l9_v6,教える,to teach; to tell,,
lesson_ja_l9_v7,心,"heart, mind",,
lesson_ja_l9_v8,立つ,"to stand, to stand up",,
lesson_ja_l9_v9,おる,to be — humble/dialect いる,,
lesson_ja_l9_v10,やめる,"to quit, to stop doing",,
lesson_ja_l9_v11,外,outside,,
lesson_ja_l9_v12,間,between; the interval,,
lesson_ja_l9_v13,様子,"the look of things, a state",,
lesson_ja_l9_v14,忘れる,to forget; to leave behind,,
lesson_ja_l9_v15,口,mouth; an opening,,
lesson_ja_l9_v16,名前,a name,,
lesson_ja_l9_v17,大きな,big — only before a noun,,
lesson_ja_l9_d0,名前、忘れちゃった。ごめん。,I’ve forgotten your name. Sorry.,,
lesson_ja_l9_d1,心配しないで。よくあること。,Don’t worry about it. Happens all the time.,,
lesson_ja_l9_d2,外で立ってないで、入りなよ。,Don’t stand about outside — come in.,,
lesson_ja_l9_d3,いや、すぐ向かうところだから。,"Nah, I’m just about to head off.",,
lesson_ja_l10_0,初めて食べたけど、うまい。,First time I’ve had this — it’s good.,,
lesson_ja_l10_1,理由は言いたくない。,I don’t want to say why.,,
lesson_ja_l10_2,それ、絶対無理だって。,That’s absolutely not happening.,,
lesson_ja_l10_3,また今度ね。,"Another time, then.",,
lesson_ja_l10_v0,信じる,"to believe, to trust",,
lesson_ja_l10_v1,すぎる,to pass; to be too much,,
lesson_ja_l10_v2,生きる,"to live, to be alive",,
lesson_ja_l10_v3,問題,a problem; a question,,
lesson_ja_l10_v4,理由,a reason,,
lesson_ja_l10_v5,これから,from now on,,
lesson_ja_l10_v6,以上,and above; that’s all,,
lesson_ja_l10_v7,逃げる,"to run away, to escape",,
lesson_ja_l10_v8,多い,"many, a lot of",,
lesson_ja_l10_v9,そういう,that sort of,,
lesson_ja_l10_v10,絶対,"definitely, absolutely",,
lesson_ja_l10_v11,開く,to open (out),,
lesson_ja_l10_v12,今度,this time; next time,,
lesson_ja_l10_v13,最後,"the last, the end",,
lesson_ja_l10_v14,最初,"the first, the beginning",,
lesson_ja_l10_v15,存在,"existence, a presence",,
lesson_ja_l10_v16,誰か,someone,,
lesson_ja_l10_v17,初めて,for the first time,,
lesson_ja_l10_d0,今度が初めて？,Is this your first time?,,
lesson_ja_l10_d1,うん。だから絶対失敗する。,Yeah. So I’m definitely going to mess it up.,,
lesson_ja_l10_d2,そういう問題じゃないでしょ。,"That’s not really the issue, is it.",,
lesson_ja_l10_d3,理由は最後に言うよ。,I’ll tell you why at the end.,,
lesson_ja_l11_0,名前、ここに書いて。,Write your name here.,,
lesson_ja_l11_1,今日はちょっと無理かな。,"Today’s a bit of a no, I reckon.",,
lesson_ja_l11_2,普通に美味しいよ。,It’s honestly pretty good.,,
lesson_ja_l11_3,まだ覚えてる？,Do you still remember?,,
lesson_ja_l11_v0,書く,to write,,
lesson_ja_l11_v1,取る,"to take, to pick up",,
lesson_ja_l11_v2,高い,tall; expensive,,
lesson_ja_l11_v3,もちろん,of course,,
lesson_ja_l11_v4,入れる,to put in,,
lesson_ja_l11_v5,体,a body,,
lesson_ja_l11_v6,答える,to answer,,
lesson_ja_l11_v7,そのまま,"as it is, unchanged",,
lesson_ja_l11_v8,覚える,"to learn, to memorise",,
lesson_ja_l11_v9,あり,there is; fair enough,,
lesson_ja_l11_v10,無理,impossible; not on,,
lesson_ja_l11_v11,ご,"polite prefix — ご飯, ご両親",,
lesson_ja_l11_v12,残る,"to be left over, to remain",,
lesson_ja_l11_v13,長い,long,,
lesson_ja_l11_v14,普通,"normal, ordinary",,
lesson_ja_l11_v15,どういう,what sort of,,
lesson_ja_l11_v16,守る,to protect; to keep (a promise),,
lesson_ja_l11_v17,とても,very,,
lesson_ja_l11_d0,これ、全部覚えるの？無理だよ。,We have to memorise all this? No chance.,,
lesson_ja_l11_d1,普通はもっと長いらしいけど。,"Apparently it’s usually longer, mind.",,
lesson_ja_l11_d2,とても信じられない。,I can’t believe that at all.,,
lesson_ja_l11_d3,もちろん、そのまま書いてもいいよ。,"You can just copy it out, obviously.",,
lesson_ja_l12_0,夜、走るのが楽しい。,I enjoy running at night.,,
lesson_ja_l12_1,別に、何もないよ。,Nothing. It’s fine.,,
lesson_ja_l12_2,何か飲む？,Want something to drink?,,
lesson_ja_l12_3,それ、ちょっと困るんだけど。,"That’s a bit awkward for me, actually.",,
lesson_ja_l12_v0,楽しい,"fun, enjoyable",,
lesson_ja_l12_v1,どこか,somewhere,,
lesson_ja_l12_v2,夜,"night, evening",,
lesson_ja_l12_v3,感じ,"a feeling, an impression",,
lesson_ja_l12_v4,気,"spirit, mind — 気になる, 気をつける",,
lesson_ja_l12_v5,許す,to forgive; to allow,,
lesson_ja_l12_v6,もし,"if, supposing",,
lesson_ja_l12_v7,驚く,to be surprised,,
lesson_ja_l12_v8,別に,not particularly; nothing,,
lesson_ja_l12_v9,離れる,"to move away, to be apart",,
lesson_ja_l12_v10,いつ,when,,
lesson_ja_l12_v11,消える,"to go out, to vanish",,
lesson_ja_l12_v12,助ける,"to help, to rescue",,
lesson_ja_l12_v13,止める,"to stop (something), to park",,
lesson_ja_l12_v14,困る,"to be stuck, to be in trouble",,
lesson_ja_l12_v15,かかる,"to take (time, money)",,
lesson_ja_l12_v16,飲む,to drink,,
lesson_ja_l12_v17,走る,to run,,
lesson_ja_l12_d0,どうしたの？困ってる感じだけど。,What’s up? You look like you’re stuck.,,
lesson_ja_l12_d1,別に。ちょっと時間かかってるだけ。,Nothing. It’s just taking a while.,,
lesson_ja_l12_d2,助けようか？,Want a hand?,,
lesson_ja_l12_d3,いいの？助かる、ほんとに。,Yeah? That’d be a real help.,,
lesson_ja_l13_0,それ以外は何もない。,There’s nothing apart from that.,,
lesson_ja_l13_1,あんまり好きじゃない。,I don’t really like it.,,
lesson_ja_l13_2,電気つけてくれる？,Can you put the light on?,,
lesson_ja_l13_3,まだ決めてないんだ。,I haven’t decided yet.,,
lesson_ja_l13_v0,以外,"apart from, other than",,
lesson_ja_l13_v1,下,"under, below",,
lesson_ja_l13_v2,買う,to buy,,
lesson_ja_l13_v3,足,"leg, foot",,
lesson_ja_l13_v4,説明,an explanation,,
lesson_ja_l13_v5,読む,to read,,
lesson_ja_l13_v6,女性,"a woman, female",,
lesson_ja_l13_v7,落ちる,"to fall, to drop",,
lesson_ja_l13_v8,つける,to turn on; to attach,,
lesson_ja_l13_v9,起きる,to get up; to happen,,
lesson_ja_l13_v10,あまり,not much — with a negative,,
lesson_ja_l13_v11,ことができる,to be able to,,
lesson_ja_l13_v12,続く,to continue (by itself),,
lesson_ja_l13_v13,すぐ,straight away,,
lesson_ja_l13_v14,決める,to decide,,
lesson_ja_l13_v15,でもない,it’s not even,,
lesson_ja_l13_v16,状況,the situation,,
lesson_ja_l13_v17,関係,"a relationship, a connection",,
lesson_ja_l13_d0,今日、何時に起きた？,What time did you get up today?,,
lesson_ja_l13_d1,遅い。あまり寝てないんだ。,Late. I didn’t sleep much.,,
lesson_ja_l13_d2,それ以外は？何か買った？,Apart from that? Did you buy anything?,,
lesson_ja_l13_d3,まだ決めてない。説明読んでから。,Haven’t decided. After I read the description.,,
lesson_ja_l14_0,日本、行ったことある？,Have you ever been to Japan?,,
lesson_ja_l14_1,これがほしかったんだ。,This is what I wanted.,,
lesson_ja_l14_2,先に行ってて。,Go on ahead.,,
lesson_ja_l14_3,なぜか見つからない。,For some reason I can’t find it.,,
lesson_ja_l14_v0,ことがある,to have done before,,
lesson_ja_l14_v1,いただく,to receive (humble),,
lesson_ja_l14_v2,先,ahead; earlier; the tip,,
lesson_ja_l14_v3,伝える,"to pass on, to tell",,
lesson_ja_l14_v4,ようになる,to come to be able to,,
lesson_ja_l14_v5,先に,"first, ahead of others",,
lesson_ja_l14_v6,夢,a dream,,
lesson_ja_l14_v7,小さい,small,,
lesson_ja_l14_v8,選ぶ,to choose,,
lesson_ja_l14_v9,こういう,this sort of,,
lesson_ja_l14_v10,理解,understanding,,
lesson_ja_l14_v11,場合,"a case, a situation",,
lesson_ja_l14_v12,得る,"to gain, to obtain",,
lesson_ja_l14_v13,深い,deep,,
lesson_ja_l14_v14,見つける,to find,,
lesson_ja_l14_v15,一度,"once, one time",,
lesson_ja_l14_v16,ほしい,to want (a thing),,
lesson_ja_l14_v17,なぜ,why,,
lesson_ja_l14_d0,ここ、来たことある？,Have you ever been here?,,
lesson_ja_l14_d1,一度だけ。先に入ってて。,Once. Go on in ahead of me.,,
lesson_ja_l14_d2,何かほしいものある？,Anything you want?,,
lesson_ja_l14_d3,選ぶの苦手なんだよね。,"I’m rubbish at choosing, me.",,
lesson_ja_l15_0,水、一本買ってくる。,I’ll go and get a bottle of water.,,
lesson_ja_l15_1,昔はここに住んでた。,I used to live here.,,
lesson_ja_l15_2,駅まで送ろうか？,Shall I walk you to the station?,,
lesson_ja_l15_3,思ったより簡単だった。,It was easier than I thought.,,
lesson_ja_l15_v0,昔,"the old days, long ago",,
lesson_ja_l15_v1,水,water (cold),,
lesson_ja_l15_v2,近く,"nearby, the vicinity",,
lesson_ja_l15_v3,進む,"to advance, to make progress",,
lesson_ja_l15_v4,大変,"tough, a real handful",,
lesson_ja_l15_v5,道,"a road, a way",,
lesson_ja_l15_v6,簡単,"simple, easy",,
lesson_ja_l15_v7,変える,to change (something),,
lesson_ja_l15_v8,別,"separate, another",,
lesson_ja_l15_v9,なので,"so, therefore",,
lesson_ja_l15_v10,本,a book,,
lesson_ja_l15_v11,完全,"complete, perfect",,
lesson_ja_l15_v12,状態,"a state, a condition",,
lesson_ja_l15_v13,しっかり,"firmly, properly",,
lesson_ja_l15_v14,行う,"to carry out, to conduct",,
lesson_ja_l15_v15,送る,to send; to see someone off,,
lesson_ja_l15_v16,形,"a shape, a form",,
lesson_ja_l15_v17,近づく,to draw near,,
lesson_ja_l15_d0,この道、昔とだいぶ変わったな。,This road’s changed a lot from how it was.,,
lesson_ja_l15_d1,近くに新しいの、できたしね。,"There’s a new one nearby now, too.",,
lesson_ja_l15_d2,こっちのほうが簡単に進む。,You get on faster this way.,,
lesson_ja_l15_d3,大変じゃなくてよかった。,Glad it wasn’t a hassle.,,
lesson_ja_l16_0,最近どう？,How’ve you been lately?,,
lesson_ja_l16_1,次のバスに乗る。,I’ll get the next bus.,,
lesson_ja_l16_2,勝手に決めないでよ。,Don’t just decide without me.,,
lesson_ja_l16_3,朝、準備しとくね。,I’ll get things ready in the morning.,,
lesson_ja_l16_v0,乗る,"to get on, to ride",,
lesson_ja_l16_v1,与える,"to give, to grant",,
lesson_ja_l16_v2,勝手,as one pleases; selfish,,
lesson_ja_l16_v3,的,"-ish, -al — makes an adjective",,
lesson_ja_l16_v4,結果,a result,,
lesson_ja_l16_v5,朝,morning,,
lesson_ja_l16_v6,新しい,new,,
lesson_ja_l16_v7,急,sudden; urgent,,
lesson_ja_l16_v8,ようにする,to make a point of doing,,
lesson_ja_l16_v9,元,the origin; former,,
lesson_ja_l16_v10,最近,"recently, lately",,
lesson_ja_l16_v11,大,"big — as a prefix, 大好き",,
lesson_ja_l16_v12,決まる,to be decided,,
lesson_ja_l16_v13,準備,preparation,,
lesson_ja_l16_v14,近い,"near, close",,
lesson_ja_l16_v15,失う,to lose,,
lesson_ja_l16_v16,不安,"unease, anxiety",,
lesson_ja_l16_v17,残す,to leave behind (deliberately),,
lesson_ja_l16_d0,最近、朝早いね。,You’ve been up early lately.,,
lesson_ja_l16_d1,新しいバスに乗るようにしてる。,I’ve been making a point of getting the new bus.,,
lesson_ja_l16_d2,準備、間に合ってる？,Are you keeping on top of the prep?,,
lesson_ja_l16_d3,結果は見てのお楽しみ。,You’ll see the result soon enough.,,
lesson_ja_l17_0,それ、大事なことだよ。,That’s an important thing.,,
lesson_ja_l17_1,お母さんに似てるね。,You look like your mum.,,
lesson_ja_l17_2,特に問題ないよ。,No problem in particular.,,
lesson_ja_l17_3,まず、これから始めよう。,Let’s start with this first.,,
lesson_ja_l17_v0,安心,"relief, peace of mind",,
lesson_ja_l17_v1,大事,"important, precious",,
lesson_ja_l17_v2,ほとんど,almost all; hardly (with neg),,
lesson_ja_l17_v3,認める,"to acknowledge, to admit",,
lesson_ja_l17_v4,特に,"especially, in particular",,
lesson_ja_l17_v5,求める,"to seek, to ask for",,
lesson_ja_l17_v6,用意,"preparation, getting ready",,
lesson_ja_l17_v7,少ない,"few, not much",,
lesson_ja_l17_v8,まず,first of all,,
lesson_ja_l17_v9,ことにする,to decide to,,
lesson_ja_l17_v10,始まる,to begin (by itself),,
lesson_ja_l17_v11,家族,family,,
lesson_ja_l17_v12,似る,to resemble,,
lesson_ja_l17_v13,用,"business, an errand",,
lesson_ja_l17_v14,元気,"well, in good spirits",,
lesson_ja_l17_v15,後,after — as in 後で,,
lesson_ja_l17_v16,生む,to give birth to; to produce,,
lesson_ja_l17_v17,思い,"a thought, a feeling",,
lesson_ja_l17_d0,家族、元気にしてる？,Is your family keeping well?,,
lesson_ja_l17_d1,うん、みんな元気。安心して。,"Yeah, all fine. Don’t you worry.",,
lesson_ja_l17_d2,特に何もなかった？,Nothing in particular happened?,,
lesson_ja_l17_d3,ほとんどいつも通りだよ。,Pretty much business as usual.,,
lesson_ja_l18_0,なかなか来ないね。,"They’re taking their time, aren’t they.",,
lesson_ja_l18_1,もう行かなきゃ。,I’ve got to go.,,
lesson_ja_l18_2,ちょっと調べてみる。,I’ll have a look into it.,,
lesson_ja_l18_3,急がなくていいよ。,There’s no rush.,,
lesson_ja_l18_v0,なかなか,quite; not easily (with neg),,
lesson_ja_l18_v1,たくさん,"a lot, plenty",,
lesson_ja_l18_v2,目的,"a purpose, an aim",,
lesson_ja_l18_v3,合う,"to fit, to match, to suit",,
lesson_ja_l18_v4,生活,"daily life, living",,
lesson_ja_l18_v5,方法,"a method, a way",,
lesson_ja_l18_v6,なくなる,to run out; to be gone,,
lesson_ja_l18_v7,切る,to cut; to hang up,,
lesson_ja_l18_v8,分,"a portion, a share",,
lesson_ja_l18_v9,つく,to arrive; to stick; to switch on,,
lesson_ja_l18_v10,十分,"enough, sufficient",,
lesson_ja_l18_v11,働く,to work,,
lesson_ja_l18_v12,若い,young,,
lesson_ja_l18_v13,歳,years old — counter for age,,
lesson_ja_l18_v14,調べる,"to look up, to check",,
lesson_ja_l18_v15,急ぐ,to hurry,,
lesson_ja_l18_v16,必ず,"without fail, definitely",,
lesson_ja_l18_v17,途中,"partway, on the way",,
lesson_ja_l18_d0,急がなくていいよ。時間はたくさんある。,No need to rush. There’s plenty of time.,,
lesson_ja_l18_d1,でも、なかなか終わらないんだ。,"It’s just not finishing, though.",,
lesson_ja_l18_d2,途中でやめてもいいって。,"You can stop halfway, you know.",,
lesson_ja_l18_d3,いや、必ず今日中に終わらせる。,Nah — I’ll definitely get it done today.,,
lesson_ja_l19_0,俺は行かない。,I’m not going.,,
lesson_ja_l19_1,これ、けっこう重いよ。,This is pretty heavy.,,
lesson_ja_l19_2,分かりやすく説明して。,Explain it in a way I can follow.,,
lesson_ja_l19_3,大切なものだから。,Because it matters to me.,,
lesson_ja_l19_v0,側,a side,,
lesson_ja_l19_v1,見つかる,"to be found, to turn up",,
lesson_ja_l19_v2,重い,heavy,,
lesson_ja_l19_v3,期待,"expectation, hopes",,
lesson_ja_l19_v4,集まる,to gather (by themselves),,
lesson_ja_l19_v5,その後,after that,,
lesson_ja_l19_v6,考え,"a thought, an idea",,
lesson_ja_l19_v7,住む,"to live, to reside",,
lesson_ja_l19_v8,大切,"precious, important",,
lesson_ja_l19_v9,毎日,every day,,
lesson_ja_l19_v10,広い,"wide, spacious",,
lesson_ja_l19_v11,やすい,easy to — after a verb stem,,
lesson_ja_l19_v12,自由,freedom; free,,
lesson_ja_l19_v13,原因,a cause,,
lesson_ja_l19_v14,俺,"I, me — men, casual",,
lesson_ja_l19_v15,ああ,ah; like that,,
lesson_ja_l19_v16,お前,"you — blunt, close or rude",,
lesson_ja_l19_v17,彼女,she; girlfriend,,
lesson_ja_l19_d0,俺、この辺に住んでるんだ。,I live round here.,,
lesson_ja_l19_d1,へえ。毎日この道通ってるの？,Huh. You come down this road every day?,,
lesson_ja_l19_d2,うん。広いし、自由でいいよ。,"Yeah. It’s open and easy, I like it.",,
lesson_ja_l19_d3,その後どうなった？彼女とは。,What happened after that? With your girlfriend.,,
lesson_ja_l20_0,大丈夫、わかってるよ。,"It’s fine, I get it.",,
lesson_ja_l20_1,やっぱり行かない。,"On second thoughts, I won’t go.",,
lesson_ja_l20_2,二人で行くみたい。,Looks like the two of them are going.,,
lesson_ja_l20_3,じゃあ、また明日。,"Right, see you tomorrow.",,
lesson_ja_l20_v0,みたい,seems like; like a,,
lesson_ja_l20_v1,大丈夫,"all right, fine",,
lesson_ja_l20_v2,ちゃん,affectionate name suffix,,
lesson_ja_l20_v3,わかる,"to understand, to get it",,
lesson_ja_l20_v4,あっ,oh! — sudden realisation,,
lesson_ja_l20_v5,僕,"I, me — men, softer than 俺",,
lesson_ja_l20_v6,笑う,"to laugh, to smile",,
lesson_ja_l20_v7,なんだ,"oh, it’s only…",,
lesson_ja_l20_v8,じゃあ,well then; see you,,
lesson_ja_l20_v9,様,formal name suffix,,
lesson_ja_l20_v10,まあ,well…; sort of,,
lesson_ja_l20_v11,ええ,yes (soft); huh?,,
lesson_ja_l20_v12,女,a woman,,
lesson_ja_l20_v13,君,"you — familiar, slightly literary",,
lesson_ja_l20_v14,二人,two people; the pair of them,,
lesson_ja_l20_v15,者,"a person — formal, in compounds",,
lesson_ja_l20_v16,やっぱり,as I thought; after all,,
lesson_ja_l20_v17,えっ,eh? — surprise,,
lesson_ja_l20_d0,あっ、僕のじゃないみたい。,Oh — this doesn’t seem to be mine.,,
lesson_ja_l20_d1,えっ、そう？大丈夫？,"What, really? You all right?",,
lesson_ja_l20_d2,まあ、やっぱり間違えたんだな。,Well — knew I’d got it wrong.,,
lesson_ja_l20_d3,ふふ、笑っちゃった。ごめん。,"Heh, that made me laugh. Sorry.",,
lesson_ja_l21_0,なんで教えてくれなかったの？,Why didn’t you tell me?,,
lesson_ja_l21_1,これが一番好き。,This is my favourite.,,
lesson_ja_l21_2,さっきの話、思い出した。,I’ve remembered what you said earlier.,,
lesson_ja_l21_3,ちゃんと寝てる？,Are you sleeping properly?,,
lesson_ja_l21_v0,ちゃんと,"properly, as one should",,
lesson_ja_l21_v1,すごい,amazing; terrible,,
lesson_ja_l21_v2,確かに,"certainly, admittedly",,
lesson_ja_l21_v3,聞こえる,to be audible,,
lesson_ja_l21_v4,なんで,why — casual,,
lesson_ja_l21_v5,先生,teacher; doctor,,
lesson_ja_l21_v6,まさか,you’re joking; surely not,,
lesson_ja_l21_v7,まるで,just like; exactly as if,,
lesson_ja_l21_v8,他,"other, another",,
lesson_ja_l21_v9,殺す,to kill,,
lesson_ja_l21_v10,胸,"chest, breast",,
lesson_ja_l21_v11,さっき,"just now, a moment ago",,
lesson_ja_l21_v12,思い出す,"to recall, to remember",,
lesson_ja_l21_v13,へと,towards — literary,,
lesson_ja_l21_v14,あんた,"you — sharp, over-familiar",,
lesson_ja_l21_v15,一番,"the most, number one",,
lesson_ja_l21_v16,一人,one person; alone,,
lesson_ja_l21_v17,ありがとう,thanks,,
lesson_ja_l21_d0,さっき先生に会ったよ。,I ran into the teacher just now.,,
lesson_ja_l21_d1,まさか。なんでこんな時間に？,You’re joking. Why at this hour?,,
lesson_ja_l21_d2,確かに変だったけど、聞こえた。,"It was odd, true, but I heard him.",,
lesson_ja_l21_d3,すごい。ちゃんと挨拶した？,Wow. Did you say hello properly?,,
lesson_ja_l22_0,ゆっくり話してくれる？,Could you speak slowly?,,
lesson_ja_l22_1,ごめん、遅くなった。,"Sorry, I’m late.",,
lesson_ja_l22_2,つまり、行かないってこと？,So you’re saying you’re not going?,,
lesson_ja_l22_3,なんかおかしくない？,Isn’t something a bit off?,,
lesson_ja_l22_v0,頼む,to ask a favour; to order,,
lesson_ja_l22_v1,一つ,one (thing),,
lesson_ja_l22_v2,表情,a facial expression,,
lesson_ja_l22_v3,ごめん,sorry — casual,,
lesson_ja_l22_v4,怖い,scary; scared,,
lesson_ja_l22_v5,ゆっくり,slowly; take your time,,
lesson_ja_l22_v6,つまり,in other words,,
lesson_ja_l22_v7,腕,an arm; skill,,
lesson_ja_l22_v8,やはり,as expected — formal やっぱり,,
lesson_ja_l22_v9,確認,"confirmation, a check",,
lesson_ja_l22_v10,そうです,that’s right — polite,,
lesson_ja_l22_v11,全部,all of it,,
lesson_ja_l22_v12,何度,how many times,,
lesson_ja_l22_v13,そんなに,"that much, so",,
lesson_ja_l22_v14,子供,a child,,
lesson_ja_l22_v15,二,two,,
lesson_ja_l22_v16,光,light,,
lesson_ja_l22_v17,おかしい,odd; funny,,
lesson_ja_l22_d0,ちょっと頼んでいい？,Can I ask you a favour?,,
lesson_ja_l22_d1,うん、いいよ。何度でも。,"Yeah, go on. As often as you like.",,
lesson_ja_l22_d2,ごめん、全部確認してほしくて。,Sorry — I want it all checked over.,,
lesson_ja_l22_d3,つまり、また最初からってこと？,So you mean from the start again?,,
lesson_ja_l23_0,今日は早く寝る。,I’m going to bed early today.,,
lesson_ja_l23_1,なんか嫌な気がする。,I’ve got a bad feeling about this.,,
lesson_ja_l23_2,明日も頑張ろう。,Let’s keep at it tomorrow too.,,
lesson_ja_l23_3,優しいね、ありがとう。,"That’s kind of you, thanks.",,
lesson_ja_l23_v0,寝る,"to sleep, to go to bed",,
lesson_ja_l23_v1,なるほど,"ah, I see",,
lesson_ja_l23_v2,小さな,small — only before a noun,,
lesson_ja_l23_v3,瞬間,"a moment, an instant",,
lesson_ja_l23_v4,気がする,to get the feeling that,,
lesson_ja_l23_v5,今まで,up to now,,
lesson_ja_l23_v6,優しい,"kind, gentle",,
lesson_ja_l23_v7,嫌,unpleasant; no thanks,,
lesson_ja_l23_v8,あいつ,that bloke — rough,,
lesson_ja_l23_v9,ううん,no (casual),,
lesson_ja_l23_v10,明日,tomorrow,,
lesson_ja_l23_v11,泣く,to cry,,
lesson_ja_l23_v12,頑張る,"to do one’s best, to stick at it",,
lesson_ja_l23_v13,怒る,to get angry,,
lesson_ja_l23_v14,娘,a daughter,,
lesson_ja_l23_v15,今回,this time,,
lesson_ja_l23_v16,やつ,a bloke; a thing — rough,,
lesson_ja_l23_v17,昨日,yesterday,,
lesson_ja_l23_d0,昨日、あいつ怒ってた気がする。,I get the feeling he was cross yesterday.,,
lesson_ja_l23_d1,ううん、たぶん寝てないだけ。,"Nah, he probably just hasn’t slept.",,
lesson_ja_l23_d2,なるほど。優しいんだな、君は。,"Ah, I see. You’re kind, you are.",,
lesson_ja_l23_d3,明日も頑張るしかないよ。,We’ve just got to keep at it tomorrow.,,
lesson_ja_l24_0,ちょっと気になるんだけど。,It’s been on my mind a bit.,,
lesson_ja_l24_1,鍵、まだ見つからない。,The keys still haven’t turned up.,,
lesson_ja_l24_2,この本、明日返すね。,I’ll give this book back tomorrow.,,
lesson_ja_l24_3,かなり変じゃない？,Isn’t that pretty odd?,,
lesson_ja_l24_v0,変,"strange, odd",,
lesson_ja_l24_v1,探す,to look for,,
lesson_ja_l24_v2,返す,"to give back, to return",,
lesson_ja_l24_v3,国,a country; home region,,
lesson_ja_l24_v4,なあ,hey; isn’t it — musing,,
lesson_ja_l24_v5,当然,"naturally, of course",,
lesson_ja_l24_v6,座る,to sit down,,
lesson_ja_l24_v7,ではある,"it is, admittedly",,
lesson_ja_l24_v8,黙る,"to fall silent, to shut up",,
lesson_ja_l24_v9,気づく,"to notice, to realise",,
lesson_ja_l24_v10,しばらく,for a while,,
lesson_ja_l24_v11,隠す,to hide (something),,
lesson_ja_l24_v12,気になる,to be on one’s mind,,
lesson_ja_l24_v13,奥,"the back, the depths",,
lesson_ja_l24_v14,向ける,"to point, to turn towards",,
lesson_ja_l24_v15,笑顔,a smile,,
lesson_ja_l24_v16,かなり,"quite, considerably",,
lesson_ja_l24_v17,軽い,light (in weight); casual,,
lesson_ja_l24_d0,ずっと黙ってるけど、気になる？,You’ve gone quiet — is something bothering you?,,
lesson_ja_l24_d1,いや、ちょっと変だなって気づいて。,"No, I just noticed something’s a bit off.",,
lesson_ja_l24_d2,しばらく座って、探してみようか。,Shall we sit a while and have a look for it?,,
lesson_ja_l24_d3,かなり奥まで隠したと思う。,I reckon they hid it right at the back.,,
lesson_ja_l25_0,お願い、ちょっとだけ。,Please — just a bit.,,
lesson_ja_l25_1,やるしかないね。,Nothing for it but to do it.,,
lesson_ja_l25_2,実は、まだ話してない。,"Actually, I haven’t told them yet.",,
lesson_ja_l25_3,目の前にあるよ。,It’s right in front of you.,,
lesson_ja_l25_v0,目の前,right in front of you,,
lesson_ja_l25_v1,お願い,a request; please,,
lesson_ja_l25_v2,開ける,to open (something),,
lesson_ja_l25_v3,せい,because of — blame,,
lesson_ja_l25_v4,まったく,completely; honestly!,,
lesson_ja_l25_v5,女の子,a girl,,
lesson_ja_l25_v6,こんなに,"this much, this many",,
lesson_ja_l25_v7,しかない,there’s nothing but to,,
lesson_ja_l25_v8,とにかく,"anyway, in any case",,
lesson_ja_l25_v9,ことはない,there’s no need to,,
lesson_ja_l25_v10,痛い,painful; ouch,,
lesson_ja_l25_v11,敵,an enemy,,
lesson_ja_l25_v12,一,one,,
lesson_ja_l25_v13,実は,"actually, to tell the truth",,
lesson_ja_l25_v14,後ろ,"behind, the back",,
lesson_ja_l25_v15,さらに,"furthermore, even more",,
lesson_ja_l25_v16,髪,hair,,
lesson_ja_l25_v17,一瞬,an instant,,
lesson_ja_l25_d0,お願い、そこ開けてくれない？,Do me a favour — can you open that?,,
lesson_ja_l25_d1,実は、さっきから手が痛いんだ。,"Actually, my hand’s been hurting for a while.",,
lesson_ja_l25_d2,えっ、まったく気づかなかった。,What — I hadn’t noticed at all.,,
lesson_ja_l25_d3,とにかく、後ろの人に頼もう。,"Anyway, let’s ask the person behind.",,
lesson_ja_l26_0,そろそろ行こうか。,Shall we get going soon?,,
lesson_ja_l26_1,隣に座ってもいい？,Can I sit next to you?,,
lesson_ja_l26_2,この色、好きだな。,I like this colour.,,
lesson_ja_l26_3,落ち着いて話して。,Tell me calmly.,,
lesson_ja_l26_v0,落ち着く,"to calm down, to settle",,
lesson_ja_l26_v1,どうした,what’s up?,,
lesson_ja_l26_v2,隣,"next door, beside",,
lesson_ja_l26_v3,不思議,"strange, mysterious",,
lesson_ja_l26_v4,戦う,to fight,,
lesson_ja_l26_v5,こいつ,this bloke — rough,,
lesson_ja_l26_v6,現れる,"to appear, to turn up",,
lesson_ja_l26_v7,そろそろ,about time to,,
lesson_ja_l26_v8,私たち,"we, us",,
lesson_ja_l26_v9,記憶,memory,,
lesson_ja_l26_v10,彼ら,"they, them",,
lesson_ja_l26_v11,すべて,"all, everything",,
lesson_ja_l26_v12,学校,a school,,
lesson_ja_l26_v13,情報,information,,
lesson_ja_l26_v14,意識,"consciousness, awareness",,
lesson_ja_l26_v15,というのは,the thing is; meaning,,
lesson_ja_l26_v16,肩,a shoulder,,
lesson_ja_l26_v17,色,a colour,,
lesson_ja_l26_d0,ちょっと落ち着いて。どうした？,Calm down a sec. What’s up?,,
lesson_ja_l26_d1,隣の学校の子が急に現れて。,A kid from the school next door just turned up.,,
lesson_ja_l26_d2,不思議だな。そろそろ帰る頃だし。,That’s odd. It’s about home time as well.,,
lesson_ja_l26_d3,すべて記憶にないって言うんだよ。,He says he remembers none of it.,,
lesson_ja_l27_0,全然大丈夫だよ。,It’s totally fine.,,
lesson_ja_l27_1,結局、来なかったね。,In the end they didn’t come.,,
lesson_ja_l27_2,負けたけど、楽しかった。,"We lost, but it was fun.",,
lesson_ja_l27_3,壁の色、白いほうがいい。,The wall’s better white.,,
lesson_ja_l27_v0,触れる,to touch; to mention,,
lesson_ja_l27_v1,勝つ,to win,,
lesson_ja_l27_v2,結局,"in the end, after all",,
lesson_ja_l27_v3,三,three,,
lesson_ja_l27_v4,全然,not at all; totally,,
lesson_ja_l27_v5,上がる,"to go up, to rise",,
lesson_ja_l27_v6,げ,"-looking — 嬉しげ, 寒げ",,
lesson_ja_l27_v7,動き,movement,,
lesson_ja_l27_v8,白い,white,,
lesson_ja_l27_v9,指,a finger,,
lesson_ja_l27_v10,可能性,a possibility,,
lesson_ja_l27_v11,赤い,red,,
lesson_ja_l27_v12,失礼,rude; excuse me,,
lesson_ja_l27_v13,幸せ,happiness; happy,,
lesson_ja_l27_v14,負ける,"to lose, to be beaten",,
lesson_ja_l27_v15,背中,the back (of the body),,
lesson_ja_l27_v16,反応,"a reaction, a response",,
lesson_ja_l27_v17,壁,a wall,,
lesson_ja_l27_d0,結局、どっちが勝ったの？,"So in the end, who won?",,
lesson_ja_l27_d1,負けた。全然だめだったよ。,We lost. Completely hopeless.,,
lesson_ja_l27_d2,まあ、次があるって。,"Ah well, there’s always next time.",,
lesson_ja_l27_d3,失礼だけど、見に来てないよね？,"No offence, but you didn’t come and watch, did you?",,
lesson_ja_l28_0,いきなり言われても困る。,Springing it on me doesn’t help.,,
lesson_ja_l28_1,今日は約束があるんだ。,I’ve got plans today.,,
lesson_ja_l28_2,ちょっと恥ずかしいな。,That’s a bit embarrassing.,,
lesson_ja_l28_3,どうやら間に合ったみたい。,Looks like we made it in time.,,
lesson_ja_l28_v0,どうやら,"it seems, apparently",,
lesson_ja_l28_v1,いきなり,"all of a sudden, without warning",,
lesson_ja_l28_v2,空,the sky,,
lesson_ja_l28_v3,約束,"a promise, an arrangement",,
lesson_ja_l28_v4,血,blood,,
lesson_ja_l28_v5,服,clothes,,
lesson_ja_l28_v6,恥ずかしい,embarrassing; embarrassed,,
lesson_ja_l28_v7,事実,a fact,,
lesson_ja_l28_v8,静か,"quiet, still",,
lesson_ja_l28_v9,すむ,"to be settled, to get by",,
lesson_ja_l28_v10,行動,"action, behaviour",,
lesson_ja_l28_v11,突然,suddenly,,
lesson_ja_l28_v12,友達,a friend,,
lesson_ja_l28_v13,喜ぶ,to be pleased,,
lesson_ja_l28_v14,止まる,to stop (by itself),,
lesson_ja_l28_v15,命,life,,
lesson_ja_l28_v16,自身,oneself,,
lesson_ja_l28_v17,想像,imagination,,
lesson_ja_l28_d0,いきなり静かになったね。,It’s gone quiet all of a sudden.,,
lesson_ja_l28_d1,どうやら友達が来たみたい。,Seems like his mate turned up.,,
lesson_ja_l28_d2,約束してたんだ。恥ずかしいけど。,We’d agreed to. Bit embarrassing.,,
lesson_ja_l28_d3,喜ぶと思うよ、きっと。,"They’ll be pleased, I reckon.",,
lesson_ja_l29_0,ようやく終わった。,Finally done.,,
lesson_ja_l29_1,母に聞いてみる。,I’ll ask my mum.,,
lesson_ja_l29_2,その服、面白いね。,Interesting outfit.,,
lesson_ja_l29_3,一体どうしたの？,What on earth’s happened?,,
lesson_ja_l29_v0,面白い,interesting; funny,,
lesson_ja_l29_v1,身,the body; oneself,,
lesson_ja_l29_v2,渡す,"to hand over, to pass",,
lesson_ja_l29_v3,名,a name — formal,,
lesson_ja_l29_v4,ようやく,"finally, at last",,
lesson_ja_l29_v5,全員,"everyone, all members",,
lesson_ja_l29_v6,頃,around the time of,,
lesson_ja_l29_v7,そもそも,in the first place,,
lesson_ja_l29_v8,空気,air; the mood,,
lesson_ja_l29_v9,再び,again — formal,,
lesson_ja_l29_v10,着る,to wear (upper body),,
lesson_ja_l29_v11,母,mother — my own,,
lesson_ja_l29_v12,首,neck,,
lesson_ja_l29_v13,美しい,beautiful,,
lesson_ja_l29_v14,一体,what on earth,,
lesson_ja_l29_v15,店,a shop,,
lesson_ja_l29_v16,程度,"extent, level",,
lesson_ja_l29_v17,届く,"to arrive, to reach",,
lesson_ja_l29_d0,ようやく届いたよ、これ。,This finally arrived.,,
lesson_ja_l29_d1,そもそも、いつ頼んだの？,When did you even order it?,,
lesson_ja_l29_d2,母に渡すつもりだったんだけど。,"I meant to give it to my mum, but.",,
lesson_ja_l29_d3,面白い店で買ったんだね。,Interesting shop you bought it from.,,
lesson_ja_l30_0,これ、結構難しい。,This is quite hard.,,
lesson_ja_l30_1,いや、結構です。,"No, I’m fine thanks.",,
lesson_ja_l30_2,今日は気分がいい。,I’m in a good mood today.,,
lesson_ja_l30_3,むしろそっちのほうがいい。,"If anything, that one’s better.",,
lesson_ja_l30_v0,さて,"now then, right",,
lesson_ja_l30_v1,難しい,difficult,,
lesson_ja_l30_v2,向こう,over there; the other side,,
lesson_ja_l30_v3,神,a god,,
lesson_ja_l30_v4,気分,"mood, how you feel",,
lesson_ja_l30_v5,耳,an ear,,
lesson_ja_l30_v6,通り,a street; just as,,
lesson_ja_l30_v7,ひどい,"awful, terrible",,
lesson_ja_l30_v8,むしろ,"rather, if anything",,
lesson_ja_l30_v9,飛ぶ,"to fly, to jump",,
lesson_ja_l30_v10,眠る,to sleep,,
lesson_ja_l30_v11,仲間,"a mate, one of the group",,
lesson_ja_l30_v12,でない,is not — plain negative,,
lesson_ja_l30_v13,さすがに,even so; as you’d expect,,
lesson_ja_l30_v14,山,a mountain,,
lesson_ja_l30_v15,感情,"emotion, feeling",,
lesson_ja_l30_v16,ぐらい,"about, roughly",,
lesson_ja_l30_v17,結構,quite; no thanks,,
lesson_ja_l30_d0,さて、これけっこう難しいな。,Right — this is quite tricky.,,
lesson_ja_l30_d1,さすがに一人じゃ無理でしょ。,"You’re not doing that alone, surely.",,
lesson_ja_l30_d2,むしろ仲間呼んだほうが早い。,"It’d be faster to call the others, if anything.",,
lesson_ja_l30_d3,今日は気分がひどいから、明日ね。,"I feel rough today, so tomorrow.",,
lesson_ja_l31_0,とりあえず、これでいい？,Will this do for now?,,
lesson_ja_l31_1,気にしないで。,Don’t worry about it.,,
lesson_ja_l31_2,本気で言ってる？,Are you being serious?,,
lesson_ja_l31_3,あとは任せて。,Leave the rest to me.,,
lesson_ja_l31_v0,すら,even — emphatic,,
lesson_ja_l31_v1,危険,danger; dangerous,,
lesson_ja_l31_v2,以前,"before, previously",,
lesson_ja_l31_v3,どうぞ,"go ahead, here you are",,
lesson_ja_l31_v4,とりあえず,"for now, to start with",,
lesson_ja_l31_v5,任せる,to leave it to someone,,
lesson_ja_l31_v6,遅い,late; slow,,
lesson_ja_l31_v7,気にする,"to mind, to let it bother you",,
lesson_ja_l31_v8,いくら,how much; however much,,
lesson_ja_l31_v9,本気,"serious, in earnest",,
lesson_ja_l31_v10,正直,honest; honestly,,
lesson_ja_l31_v11,動かす,to move (something),,
lesson_ja_l31_v12,事件,"an incident, a case",,
lesson_ja_l31_v13,おりる,"to get off, to go down",,
lesson_ja_l31_v14,起こす,to wake someone; to cause,,
lesson_ja_l31_v15,周囲,the surroundings,,
lesson_ja_l31_v16,海,the sea,,
lesson_ja_l31_v17,すでに,already — formal もう,,
lesson_ja_l31_d0,遅くなってごめん。,Sorry I’m late.,,
lesson_ja_l31_d1,気にしないで。どうぞ、座って。,"Don’t worry about it. Here, sit down.",,
lesson_ja_l31_d2,正直、もう終わってると思ってた。,"Honestly, I thought it’d be over already.",,
lesson_ja_l31_d3,とりあえず任せて。すでに始めてる。,Leave it with me for now. I’ve already started.,,
lesson_ja_l32_0,今度、遊ぼうよ。,Let’s hang out sometime.,,
lesson_ja_l32_1,これ、けっこううまい。,This is pretty tasty.,,
lesson_ja_l32_2,邪魔してごめん。,Sorry to bother you.,,
lesson_ja_l32_3,確か、去年だったと思う。,"It was last year, I think.",,
lesson_ja_l32_v0,叫ぶ,to shout,,
lesson_ja_l32_v1,引く,to pull; to look up; to catch (a cold),,
lesson_ja_l32_v2,返事,"a reply, an answer",,
lesson_ja_l32_v3,逆,"the opposite, the reverse",,
lesson_ja_l32_v4,捨てる,to throw away,,
lesson_ja_l32_v5,甘い,sweet; soft on someone,,
lesson_ja_l32_v6,窓,a window,,
lesson_ja_l32_v7,遊ぶ,to play; to hang out,,
lesson_ja_l32_v8,結婚,marriage,,
lesson_ja_l32_v9,会話,a conversation,,
lesson_ja_l32_v10,戻ってくる,to come back,,
lesson_ja_l32_v11,邪魔,"a nuisance, in the way",,
lesson_ja_l32_v12,腰,"the lower back, waist",,
lesson_ja_l32_v13,うまい,tasty; skilful,,
lesson_ja_l32_v14,握る,"to grip, to grasp",,
lesson_ja_l32_v15,確か,if I remember rightly,,
lesson_ja_l32_v16,いっぱい,full; loads of,,
lesson_ja_l32_v17,部分,"a part, a portion",,
lesson_ja_l32_d0,返事、まだ来ない？,Still no reply?,,
lesson_ja_l32_d1,逆に、こっちから聞いてみる？,"Should we ask them instead, if anything?",,
lesson_ja_l32_d2,邪魔になったら悪いしな。,"Wouldn’t want to be a nuisance, mind.",,
lesson_ja_l32_d3,この店、うまいよ。待つ間に食べよう。,This place is good. Let’s eat while we wait.,,
lesson_ja_l33_0,せっかくだから、行こう。,"Since we’re here, let’s go.",,
lesson_ja_l33_1,コーヒー、まだ熱いよ。,The coffee’s still hot.,,
lesson_ja_l33_2,意外と簡単だった。,It was easier than expected.,,
lesson_ja_l33_3,無事でよかった。,Glad you’re all right.,,
lesson_ja_l33_v0,無事,safe and sound,,
lesson_ja_l33_v1,せっかく,having gone to the trouble,,
lesson_ja_l33_v2,風,wind,,
lesson_ja_l33_v3,起こる,"to happen, to occur",,
lesson_ja_l33_v4,熱い,hot (to the touch),,
lesson_ja_l33_v5,意外,"unexpected, surprising",,
lesson_ja_l33_v6,間違いない,no doubt about it,,
lesson_ja_l33_v7,流れる,to flow,,
lesson_ja_l33_v8,花,a flower,,
lesson_ja_l33_v9,涙,a tear,,
lesson_ja_l33_v10,やってくる,"to come along, to turn up",,
lesson_ja_l33_v11,倒れる,"to fall over, to collapse",,
lesson_ja_l33_v12,人生,"a life, one’s life",,
lesson_ja_l33_v13,襲う,"to attack, to strike",,
lesson_ja_l33_v14,料理,cooking; a dish,,
lesson_ja_l33_v15,決して,never — with a negative,,
lesson_ja_l33_v16,愛する,to love,,
lesson_ja_l33_v17,黒い,black,,
lesson_ja_l33_d0,せっかく料理したのに、来ないの？,I went to the trouble of cooking and you’re not coming?,,
lesson_ja_l33_d1,ごめん、無事に着いたけど遅くて。,"Sorry — got here safe, just late.",,
lesson_ja_l33_d2,意外だな。間違いないと思ってた。,That’s a surprise. I thought it was a sure thing.,,
lesson_ja_l33_d3,風が熱いから、外は無理だよ。,The wind’s hot — outside is a non-starter.,,
lesson_ja_l34_0,だいぶ慣れてきた。,I’m getting used to it now.,,
lesson_ja_l34_1,今日はちょっと疲れてる。,I’m a bit tired today.,,
lesson_ja_l34_2,珍しいこともあるね。,"Well, that doesn’t happen often.",,
lesson_ja_l34_3,どうしても行きたい。,I really want to go.,,
lesson_ja_l34_v0,冷たい,cold (to the touch); cold-hearted,,
lesson_ja_l34_v1,合わせる,"to put together, to match",,
lesson_ja_l34_v2,楽しむ,to enjoy,,
lesson_ja_l34_v3,自然,nature; natural,,
lesson_ja_l34_v4,納得,"being convinced, satisfied",,
lesson_ja_l34_v5,周り,the area around,,
lesson_ja_l34_v6,どうも,thanks; hello; somehow,,
lesson_ja_l34_v7,珍しい,"rare, unusual",,
lesson_ja_l34_v8,どうしても,no matter what,,
lesson_ja_l34_v9,疲れる,to get tired,,
lesson_ja_l34_v10,必死,"desperate, frantic",,
lesson_ja_l34_v11,前に,before; in front,,
lesson_ja_l34_v12,内,"within, inside",,
lesson_ja_l34_v13,追う,"to chase, to follow",,
lesson_ja_l34_v14,激しい,"intense, violent",,
lesson_ja_l34_v15,場,"a place, the scene",,
lesson_ja_l34_v16,食う,to eat — rough,,
lesson_ja_l34_v17,慣れる,to get used to,,
lesson_ja_l34_d0,どうも、久しぶり。疲れてる？,Hey — long time. You look tired.,,
lesson_ja_l34_d1,ちょっとね。でも慣れてきた。,"A bit. Getting used to it, though.",,
lesson_ja_l34_d2,珍しいね、君がそう言うの。,"That’s rare, you saying that.",,
lesson_ja_l34_d3,どうしても納得できなくてさ。,I just can’t get my head round it.,,
lesson_ja_l35_0,着いたら連絡して。,Get in touch when you arrive.,,
lesson_ja_l35_1,お金、持ってる？,Have you got money on you?,,
lesson_ja_l35_2,ちょっと緊張してる。,I’m a bit nervous.,,
lesson_ja_l35_3,まずは食事にしよう。,Let’s eat first.,,
lesson_ja_l35_v0,勢い,"momentum, force",,
lesson_ja_l35_v1,答え,an answer,,
lesson_ja_l35_v2,落とす,"to drop, to lose",,
lesson_ja_l35_v3,同時に,at the same time,,
lesson_ja_l35_v4,判断,"a judgement, a call",,
lesson_ja_l35_v5,横,the side; beside,,
lesson_ja_l35_v6,町,a town,,
lesson_ja_l35_v7,報告,a report,,
lesson_ja_l35_v8,食事,a meal,,
lesson_ja_l35_v9,緊張,"nerves, tension",,
lesson_ja_l35_v10,金,money,,
lesson_ja_l35_v11,受け取る,"to receive, to accept",,
lesson_ja_l35_v12,まずは,first of all,,
lesson_ja_l35_v13,感謝,gratitude,,
lesson_ja_l35_v14,日本,Japan,,
lesson_ja_l35_v15,並ぶ,"to line up, to queue",,
lesson_ja_l35_v16,避ける,to avoid,,
lesson_ja_l35_v17,連絡,"contact, getting in touch",,
lesson_ja_l35_d0,着いたら連絡してね。,Let me know when you get there.,,
lesson_ja_l35_d1,うん。まずは食事してから行く。,"Yeah. I’ll eat first, then head over.",,
lesson_ja_l35_d2,金、落とさないようにね。,Try not to drop your money.,,
lesson_ja_l35_d3,緊張するようなこと言うなよ。,Don’t say things that make me nervous.,,
lesson_ja_l36_0,一応、持ってきた。,"I brought it, just in case.",,
lesson_ja_l36_1,いろいろあってさ。,A lot’s been going on.,,
lesson_ja_l36_2,まだ諦めてない。,I haven’t given up yet.,,
lesson_ja_l36_3,いつか行ってみたい。,I’d like to go someday.,,
lesson_ja_l36_v0,奪う,"to snatch, to take away",,
lesson_ja_l36_v1,過ごす,to spend (time),,
lesson_ja_l36_v2,狙う,"to aim at, to target",,
lesson_ja_l36_v3,向く,to face; to suit,,
lesson_ja_l36_v4,諦める,to give up,,
lesson_ja_l36_v5,足りる,to be enough,,
lesson_ja_l36_v6,いろいろ,various; all sorts,,
lesson_ja_l36_v7,話をする,to have a talk,,
lesson_ja_l36_v8,望む,"to wish for, to hope",,
lesson_ja_l36_v9,一応,technically; more or less,,
lesson_ja_l36_v10,特別,special,,
lesson_ja_l36_v11,救う,"to save, to rescue",,
lesson_ja_l36_v12,帰ってくる,to come back home,,
lesson_ja_l36_v13,時代,"an era, the times",,
lesson_ja_l36_v14,いらっしゃる,"to be, to come — honorific",,
lesson_ja_l36_v15,いつか,someday; at some point,,
lesson_ja_l36_v16,終わり,the end,,
lesson_ja_l36_v17,語る,"to tell, to narrate",,
lesson_ja_l36_d0,もう諦めたの？,Have you given up already?,,
lesson_ja_l36_d1,一応、まだ続けてるけど。,Technically I’m still at it.,,
lesson_ja_l36_d2,いろいろあったし、時間も足りないよね。,"A lot’s happened, and there’s not enough time.",,
lesson_ja_l36_d3,いつか、ちゃんと話をするよ。,One day I’ll tell you properly.,,
word_ja_繰り返す,繰り返す,to repeat; to do something over again,,
word_ja_助かる,助かる,to be saved; to be rescued; to survive,,
word_ja_点,点,dot; spot; point,,
word_ja_運ぶ,運ぶ,to carry; to transport; to move,,
word_ja_素直,素直,obedient; meek; docile,,
word_ja_態度,態度,attitude; manner; behaviour,,
word_ja_失敗,失敗,failure; mistake; blunder,,
word_ja_木,木,tree; shrub; bush,,
word_ja_それぞれ,それぞれ,each; respectively,,
word_ja_内容,内容,contents; content; substance,,
word_ja_と言われる,と言われる,to be called ...; to be referred to as ...,,
word_ja_示す,示す,to (take out and) show; to demonstrate; to tell,,
word_ja_妙,妙,strange; weird; odd,,
word_ja_冗談,冗談,jest; joke; funny story,,
word_ja_自ら,自ら,oneself; oneself; for oneself,,
word_ja_低い,低い,"low (rank, degree, value, content, quality, etc.); low (position); close to the ground",,
word_ja_わざわざ,わざわざ,expressly; especially; taking the trouble (to do),,
word_ja_そっち,そっち,that way; that direction; there,,
word_ja_雰囲気,雰囲気,atmosphere; mood; ambience,,
word_ja_はっきり,はっきり,clearly; plainly; distinctly,,
word_ja_移動,移動,movement; transfer; migration,,
word_ja_過去,過去,the past; bygone days; one's past (that one would prefer remained secret),,
word_ja_手伝う,手伝う,to help; to assist; to aid,,
word_ja_描く,描く,to draw; to paint; to sketch,,
word_ja_余裕,余裕,surplus; margin; leeway,,
word_ja_なんとか,なんとか,something; something or other; so-and-so,,
word_ja_出会う,出会う,to meet (by chance); to come across; to run across,,
word_ja_やっと,やっと,at last; finally; barely,,
word_ja_嫌い,嫌い,disliked; hated; disagreeable,,
word_ja_質問,質問,question; inquiry; enquiry,,
word_ja_人々,人々,people; men and women; each person,,
word_ja_どれ,どれ,which (of three or more); well; now,,
word_ja_現実,現実,reality; actuality; hard fact,,
word_ja_感覚,感覚,sense; sensation; feeling,,
word_ja_正しい,正しい,right; correct; proper,,
word_ja_未来,未来,the future (usually distant); future tense; the world to come,,
word_ja_興味,興味,interest (in something); curiosity (about something); zest (for),,
word_ja_遠い,遠い,far; distant; far away,,
word_ja_本人,本人,the person in question; the person themselves; said person,,
word_ja_能力,能力,ability; faculty,,
word_ja_あの人,あの人,he; she; that person,,
word_ja_っぽい,っぽい,-ish; -like,,
word_ja_その場,その場,there; that situation; that occasion,,
word_ja_事情,事情,circumstances; conditions; situation,,
word_ja_暗い,暗い,dark; gloomy; murky,,
word_ja_あそこ,あそこ,there; over there; that place,,
word_ja_休む,休む,to be absent; to take a day off; to rest,,
word_ja_一緒,一緒,together; at the same time; same,,
word_ja_なさる,なさる,to do,,
word_ja_息,息,breath; breathing; tone,,
word_ja_これまで,これまで,so far; up to now; hitherto,,
word_ja_予定,予定,plans; arrangement; schedule,,
word_ja_伝わる,伝わる,to be handed down; to be introduced; to be transmitted,,
word_ja_距離,距離,distance; range,,
word_ja_どうせ,どうせ,anyhow; in any case; at any rate,,
word_ja_多く,多く,many; much; plenty,,
word_ja_残念,残念,deplorable; regrettable; disappointing,,
word_ja_終える,終える,to finish; to graduate,,
word_ja_覚悟,覚悟,readiness; preparedness; resolution,,
word_ja_勉強,勉強,study; diligence; discount,,
word_ja_さすが,さすが,as one would expect; just as you'd expect (from); just like (someone),,
word_ja_よし,よし,good; excellent; fine,,
word_ja_だけに,だけに,"given that ... it is only natural that ...; ... being the case, it is unavoidable that ...; (precisely) because ...",,
word_ja_自信,自信,self-confidence; confidence (in oneself),,
word_ja_我慢,我慢,endurance; patience; perseverance,,
word_ja_相談,相談,consultation; discussion; discussing,,
word_ja_死,死,death; decease; death penalty (by strangulation or decapitation),,
word_ja_増える,増える,to increase; to multiply,,
word_ja_離す,離す,to separate; to part; to divide,,
word_ja_半分,半分,half,,
word_ja_人物,人物,person; character; figure,,
word_ja_回る,回る,to turn; to revolve; to visit several places,,
word_ja_親,親,parent; parents; mother and father,,
word_ja_弱い,弱い,weak; frail; delicate,,
word_ja_立てる,立てる,to stand up; to put up; to set up,,
word_ja_この人,この人,this person,,
word_ja_打つ,打つ,to hit; to strike; to knock,,
word_ja_席,席,"seat; location (of a gathering, etc.); place",,
word_ja_経験,経験,experience,,
word_ja_よろしく,よろしく,well; properly; suitably,,
word_ja_すっかり,すっかり,all; completely; totally,,
word_ja_現在,現在,now; current; present,,
word_ja_広がる,広がる,to spread (out); to extend; to stretch,,
word_ja_振る,振る,to wave; to shake; to swing,,
word_ja_集める,集める,to collect; to assemble; to gather,,
word_ja_当たる,当たる,to be hit; to strike; to touch,,
word_ja_直接,直接,direct; immediate; personal,,
word_ja_数,数,number; amount,,
word_ja_明るい,明るい,light; well-lit; well-lighted,,
word_ja_ということは,ということは,that is to say; so that means,,
word_ja_件,件,matter; affair; case,,
word_ja_当たり前,当たり前,natural; reasonable; obvious,,
word_ja_お金,お金,money,,
word_ja_抱える,抱える,"to hold or carry under or in the arms; to have (esp. problems, debts, etc.); to employ",,
word_ja_連れる,連れる,to take (someone) with one; to bring along; to go with,,
word_ja_他人,他人,another person; other people; others,,
word_ja_母親,母親,mother,,
word_ja_忙しい,忙しい,busy; occupied; hectic,,
word_ja_寂しい,寂しい,lonely; lonesome; solitary,,
word_ja_くださる,くださる,to give; to confer; to bestow,,
word_ja_誘う,誘う,to invite; to ask (someone to do); to call (for),,
word_ja_いたす,いたす,to do,,
word_ja_立場,立場,position; situation; viewpoint,,
word_ja_他に,他に,in addition; besides,,
word_ja_大好き,大好き,loveable; very likeable; like very much,,
word_ja_協力,協力,cooperation; collaboration,,
word_ja_抜ける,抜ける,to come out; to fall out; to be omitted,,
word_ja_持ってくる,持ってくる,to bring; to take (something) along; to fetch,,
word_ja_詳しい,詳しい,detailed; full; minute,,
word_ja_押す,押す,to push; to press; to apply pressure from above,,
word_ja_愛,愛,love; affection; care,,
word_ja_変化,変化,change; variation; alteration,,
word_ja_男性,男性,man; male; masculine gender,,
word_ja_ような気がする,ような気がする,(I) think (that); (I) have a feeling (that); (I) fancy (that),,
word_ja_車,車,car; automobile; vehicle,,
word_ja_断る,断る,to refuse; to reject; to dismiss,,
word_ja_利用,利用,use; utilization; utilisation,,
word_ja_熱,熱,heat; fever; temperature,,
word_ja_抱く,抱く,to hold in one's arms (e.g. a baby); to embrace; to hug,,
word_ja_苦しい,苦しい,painful; difficult; tough,,
word_ja_最高,最高,most; highest; maximum,,
word_ja_満足,満足,satisfaction; contentment; gratification,,
word_ja_無視,無視,disregarding; ignoring,,
word_ja_余計,余計,too many; too much; excessive,,
word_ja_一気に,一気に,in one go; in one gulp; in one breath,,
word_ja_どちら,どちら,which way; which direction; where,,
word_ja_成功,成功,success; hit,,
word_ja_限り,限り,limit; limits; bounds,,
word_ja_父親,父親,father,,
word_ja_通る,通る,to go by; to go past; to go along,,
word_ja_暮らす,暮らす,to live; to get along; to spend (time),,
word_ja_雨,雨,rain; rainy day; rainy weather,,
word_ja_写真,写真,photograph; photo; picture,,
word_ja_火,火,fire; flame; blaze,,
word_ja_否定,否定,denial; negation; repudiation,,
word_ja_借りる,借りる,to borrow; to have a loan; to rent,,
word_ja_面倒,面倒,trouble; bother; trouble,,
word_ja_人たち,人たち,people,,
word_ja_厳しい,厳しい,severe; strict; rigid,,
word_ja_危ない,危ない,dangerous; risky; hazardous,,
word_ja_ときに,ときに,by the way; incidentally; sometimes,,
word_ja_今から,今から,from now; from the present moment; from this time forward,,
word_ja_参加,参加,participation; joining; entry,,
word_ja_隠れる,隠れる,to hide; to be hidden; to conceal oneself,,
word_ja_裏,裏,opposite side; bottom; other side,,
word_ja_短い,短い,short; brief,,
word_ja_ちょうど,ちょうど,exactly; precisely; just,,
word_ja_機会,機会,chance; opportunity,,
word_ja_恐ろしい,恐ろしい,terrible; dreadful; terrifying,,
word_ja_大人,大人,adult; grown-up,,
word_ja_売る,売る,to sell,,
word_ja_輝く,輝く,to shine; to glitter; to sparkle,,
word_ja_すぎ,すぎ,past; after; too (much),,
word_ja_耐える,耐える,to bear; to stand; to endure,,
word_ja_悲しい,悲しい,sad; miserable; unhappy,,
word_ja_たとえ,たとえ,even if; no matter (what); if,,
word_ja_受け入れる,受け入れる,to accept; to receive; to agree,,
word_ja_味,味,flavor; flavour; taste,,
word_ja_迷う,迷う,to lose one's way; to get lost; to waver,,
word_ja_手に入れる,手に入れる,to obtain; to procure,,
word_ja_どんどん,どんどん,drumming (noise); beating; pounding,,
word_ja_関係ない,関係ない,unrelated; irrelevant; unconcerned,,
word_ja_秘密,秘密,secret; secrecy; confidentiality,,
word_ja_部,部,department (in an organization); division; bureau,,
word_ja_例,例,custom; practice; habit,,
word_ja_いずれ,いずれ,where; which; who,,
word_ja_包む,包む,to wrap up; to pack; to bundle,,
word_ja_川,川,river; stream; River,,
word_ja_着く,着く,to arrive at; to reach; to sit on,,
word_ja_明らか,明らか,clear; obvious; evident,,
word_ja_そのもの,そのもの,the very thing; itself,,
word_ja_地,地,earth; ground; land,,
word_ja_願う,願う,to desire; to wish; to hope,,
word_ja_位置,位置,place; situation; position,,
word_ja_方向,方向,direction; orientation; bearing,,
word_ja_戻す,戻す,to put back; to return; to give back,,
word_ja_一部,一部,one part; one portion; one section,,
word_ja_客,客,guest; visitor; customer,,
word_ja_薄い,薄い,thin; pale; light,,
word_ja_よろしい,よろしい,good; OK; all right,,
word_ja_調子,調子,tune; tone; key,,
word_ja_迎える,迎える,to go out to meet; to receive; to welcome,,
word_ja_流す,流す,to drain; to pour; to spill,,
word_ja_新た,新た,new; fresh; novel,,
word_ja_平気,平気,coolness; calmness; composure,,
word_ja_外す,外す,to remove; to take off; to detach,,
word_ja_改めて,改めて,another time; again; over again,,
word_ja_進める,進める,"to advance; to move forward; to put (a clock, watch) forward",,
word_ja_うるさい,うるさい,noisy; loud; annoying,,
word_ja_去る,去る,to leave; to go away; to pass,,
word_ja_腹,腹,abdomen; belly; stomach,,
word_ja_たまに,たまに,occasionally; once in a while; now and then,,
word_ja_と思われる,と思われる,be considered; be deemed; be thought to be,,
word_ja_間違う,間違う,to make a mistake; to be incorrect; to be mistaken,,
word_ja_実際,実際,reality; actuality; truth,,
word_ja_皆さん,皆さん,all; everyone; everybody,,
word_ja_悩む,悩む,to be worried; to be troubled,,
word_ja_迫る,迫る,to approach; to draw near; to be imminent,,
word_ja_まだまだ,まだまだ,still; much more; (not) yet,,
word_ja_第一,第一,first; foremost; number one,,
word_ja_友人,友人,friend,,
word_ja_練習,練習,practice; training; drill,,
word_ja_まさに,まさに,exactly; surely; certainly,,
word_ja_疑う,疑う,to doubt; to distrust; to be suspicious of,,
word_ja_目指す,目指す,"to aim at (for, to do, to become); to try for; to have an eye on",,
word_ja_右,右,right; right-hand side; afore-mentioned (esp. in vertical Japanese writing),,
word_ja_消す,消す,to erase; to delete; to cross out,,
word_ja_気に入る,気に入る,to like; to be pleased with; to be delighted with,,
word_ja_払う,払う,"to pay (e.g. money, bill); to brush off; to wipe away",,
word_ja_性格,性格,character (of a person); personality; disposition,,
word_ja_かつて,かつて,once; before; formerly,,
word_ja_遠く,遠く,far away; distant; at a distance,,
word_ja_今後,今後,from now on; hereafter,,
word_ja_発見,発見,discovery; detection; finding,,
word_ja_ことがない,ことがない,(something) has never occurred; to have never done (something); such a thing has not happened,,
word_ja_同じよう,同じよう,similar,,
word_ja_希望,希望,hope; wish; aspiration,,
word_ja_ついに,ついに,finally; at last; in the end,,
word_ja_集中,集中,concentration; focusing; convergence,,
word_ja_万,万,"10,000; ten thousand; myriad",,
word_ja_効果,効果,effect; effectiveness; efficacy,,
word_ja_意見,意見,opinion; view; comment,,
word_ja_何より,何より,above anything else; above all; more than anything,,
word_ja_息子,息子,son; penis,,
word_ja_訪れる,訪れる,"to visit; to call on; to arrive (season, time, situation, etc.)",,
word_ja_であれば,であれば,if it is the case that ...,,
word_ja_証拠,証拠,evidence; proof,,
word_ja_一日,一日,one day; all day (long); throughout the day,,
word_ja_月,月,moon; month,,
word_ja_遠慮,遠慮,reserve; constraint; restraint,,
word_ja_実際に,実際に,actually; really; truly,,
word_ja_暇,暇,spare time; free time; leisure,,
word_ja_影響,影響,influence; effect; to influence,,
word_ja_相当,相当,"corresponding to (in meaning, function, etc.); being equivalent to; appropriate",,
word_ja_なし,なし,without; unacceptable; not alright,,
word_ja_建物,建物,building,,
word_ja_ほぼ,ほぼ,almost; roughly; approximately,,
word_ja_重要,重要,important; momentous; essential,,
word_ja_後悔,後悔,regret; repentance; remorse,,
word_ja_いなくなる,いなくなる,to disappear (of people or animals); to go (away); to leave,,
word_ja_紹介,紹介,introduction; presentation; referral,,
word_ja_疑問,疑問,doubt; question; suspicion,,
word_ja_抜く,抜く,to pull out; to draw out; to extract,,
word_ja_楽,楽,comfort; ease; relief,,
word_ja_予想,予想,expectation; anticipation; prediction,,
word_ja_超える,超える,to cross over; to cross; to pass through,,
word_ja_努力,努力,effort; exertion; endeavour,,
word_ja_円,円,yen (Japanese monetary unit); circle,,
word_ja_立派,立派,splendid; fine; handsome,,
word_ja_一方,一方,one (esp. of two); the other; one way,,
word_ja_確実,確実,certain; sure; definite,,
word_ja_当時,当時,at that time; in those days,,
word_ja_妻,妻,wife; my dear; dear,,
word_ja_通う,通う,"to go to and from (a place); to go back and forth between; to run between (e.g. bus, train, etc.)",,
word_ja_流れ,流れ,flow (of a fluid or gas); stream; current,,
word_ja_責任,責任,duty; responsibility (incl. supervision of staff); liability,,
word_ja_偶然,偶然,coincidence; chance; accident,,
word_ja_作業,作業,work; operation; manufacturing,,
word_ja_運命,運命,fate; destiny; lot,,
word_ja_どの,どの,which; what (way),,
word_ja_伸びる,伸びる,to stretch; to extend; to lengthen,,
word_ja_下がる,下がる,to come down; to go down; to fall,,
word_ja_気をつける,気をつける,to be careful; to pay attention; to take care,,
word_ja_可能,可能,possible; potential; practicable,,
word_ja_支える,支える,to support; to prop; to sustain,,
word_ja_非常,非常,emergency; extraordinary; unusual,,
word_ja_一歩,一歩,(a) step; one step; level,,
word_ja_最も,最も,most; extremely,,
word_ja_確かめる,確かめる,to ascertain; to check; to make sure,,
word_ja_乗せる,乗せる,to place on (something); to give (someone) a ride; to give a lift,,
word_ja_お話,お話,story; tale; talk,,
word_ja_常に,常に,always; constantly,,
word_ja_通じる,通じる,to be open (to traffic); to lead to; to communicate (with),,
word_ja_得意,得意,triumph; prosperity; pride,,
word_ja_二度と,二度と,never again,,
word_ja_関わる,関わる,to be affected; to be influenced; to be concerned with,,
word_ja_あんなに,あんなに,to that extent; to that degree; so much,,
word_ja_成長,成長,growth; development; growing up,,
word_ja_遅れる,遅れる,to be late; to be delayed; to fall behind schedule,,
word_ja_本来,本来,originally; primarily; essentially,,
word_ja_きり,きり,end; finish; stop,,
word_ja_注意,注意,caution; being careful; attention (heed),,
word_ja_夏,夏,summer,,
word_ja_取れる,取れる,"to come off; to be removed; to disappear (of pain, a fever, etc.)",,
word_ja_計画,計画,plan; project; schedule,,
word_ja_直す,直す,to cure; to heal; to fix,,
word_ja_問う,問う,to ask; to inquire; to blame (someone) for,,
word_ja_役,役,role; assignment; responsibility,,
word_ja_その日,その日,that day; the very same day,,
word_ja_解決,解決,settlement; solution; resolution,,
word_ja_扱う,扱う,to deal with (a person); to treat; to handle,,
word_ja_重ねる,重ねる,to pile up; to heap up; to stack up,,
word_ja_ものがある,ものがある,to be the case that,,
word_ja_混乱,混乱,disorder; chaos; confusion,,
word_ja_案内,案内,guidance; leading (the way); showing around,,
word_ja_寒い,寒い,cold (e.g. weather); uninteresting (esp. joke); lame,,
word_ja_罪,罪,crime; sin; wrongdoing,,
word_ja_事態,事態,situation; (present) state of affairs; circumstances,,
word_ja_行為,行為,act; deed; conduct,,
word_ja_いつまでも,いつまでも,forever; for good; eternally,,
word_ja_中心,中心,center; centre; middle,,
word_ja_条件,条件,condition; term; requirement,,
word_ja_屋,屋,(something) shop; somebody who sells (something) or works as (something); somebody with a (certain) personality trait,,
word_ja_左,左,left; left hand side,,
word_ja_型,型,"model; type (e.g. of machine, goods, etc.); type",,
word_ja_展開,展開,development; evolution; progression,,
word_ja_残り,残り,remnant; residue; remaining,,
word_ja_量,量,quantity; amount; volume,,
word_ja_一切,一切,all; everything; entirety,,
word_ja_迷惑,迷惑,trouble; bother; annoyance,,
word_ja_古い,古い,old; aged; ancient,,
word_ja_結ぶ,結ぶ,to tie; to bind; to link,,
word_ja_別れる,別れる,to part (usu. of people); to part from; to part with,,
word_ja_抑える,抑える,to keep within limits (e.g. spending); to restrain (e.g. emotions); to control,,
word_ja_番,番,number (in a series); (one's) turn; watch,,
word_ja_楽しみ,楽しみ,enjoyment; pleasure; diversion,,
word_ja_日々,日々,every day; daily; day after day,,
word_ja_間違い,間違い,mistake; error; blunder,,
word_ja_なお,なお,still; yet; more,,
word_ja_その人,その人,the person in question; prominent figure; distinguished person,,
word_ja_頼る,頼る,to rely on; to depend on; to count on,,
word_ja_目立つ,目立つ,to be conspicuous; to stand out,,
word_ja_苦労,苦労,trouble; hardship; difficulty,,
word_ja_ごと,ごと,each; every,,
word_ja_信用,信用,confidence; trust; faith,,
word_ja_唯一,唯一,only; sole; unique,,
word_ja_寄る,寄る,to approach; to draw near; to come near,,
word_ja_減る,減る,to decrease (in size or number); to diminish; to abate,,
word_ja_間に合う,間に合う,"to be in time (for); to serve (suit, meet) the purpose; to be good enough",,
word_ja_到着,到着,arrival,,
word_ja_面,面,face; mask; face guard,,
word_ja_差,差,difference; variation; difference,,
word_ja_時には,時には,at times; occasionally,,
word_ja_価値,価値,value; worth; merit,,
word_ja_対応,対応,correspondence (to); equivalence; suitability,,
word_ja_額,額,(picture) frame; framed picture; amount (esp. of money),,
word_ja_含む,含む,to contain; to comprise; to have,,
word_ja_まとめる,まとめる,to collect; to put (it all) together; to integrate,,
word_ja_有名,有名,famous; fame,,
word_ja_反対,反対,opposition; resistance; antagonism,,
word_ja_安全,安全,safety; security,,
word_ja_ついてる,ついてる,to be lucky; to be in luck; to be attached,,
word_ja_ぶり,ぶり,style; manner; way,,
word_ja_午後,午後,afternoon; p.m.,,
word_ja_切れる,切れる,to break; to snap; to be cut,,
word_ja_活動,活動,"activity (of a person, organization, animal, volcano, etc.); action; movie (esp. during the silent movie period)",,
word_ja_時期,時期,time; season; period,,
word_ja_際,際,on the occasion of; circumstances; juncture,,
word_ja_正確,正確,accurate; correct; precise,,
word_ja_以来,以来,since; henceforth,,
word_ja_大きくなる,大きくなる,to grow up; to become an adult; to become big,,
word_ja_完成,完成,complete; completion; perfection,,
word_ja_なり,なり,style; way; shape,,
word_ja_貸す,貸す,to lend; to loan; to rent out,,
word_ja_新,新,new; neo-; newness,,
word_ja_たった,たった,only; merely; but,,
word_ja_降る,降る,"to fall (of rain, snow, ash, etc.); to come down; to form (of frost)",,
word_ja_狭い,狭い,narrow; confined; small,,
word_ja_出かける,出かける,to go out (e.g. on an excursion or outing); to leave; to depart,,
word_ja_至る,至る,to arrive at (e.g. a decision); to reach (a stage); to attain,,
word_ja_でもある,でもある,to also be (implies that as well as the earlier stated this is also the case); to be ... or something,,
word_ja_一生,一生,whole life; a lifetime; all through life,,
word_ja_信頼,信頼,reliance; trust; faith,,
word_ja_不満,不満,dissatisfaction; discontent; displeasure,,
word_ja_全体,全体,whole; entirety; whatever (is the matter),,
word_ja_よる,よる,to be due to; to be caused by; to depend on,,
word_ja_病気,病気,"illness (usu. excluding minor ailments, e.g. colds); disease; sickness",,
word_ja_複雑,複雑,complex; complicated; intricate,,
word_ja_代,代,charge; cost; price,,
word_ja_含める,含める,to include (in a group or scope); to instruct; to make one understand,,
word_ja_違い,違い,difference; distinction; discrepancy,,
word_ja_育てる,育てる,to raise; to rear; to bring up,,
word_ja_にくい,にくい,hateful; abominable; poor-looking,,
word_ja_保つ,保つ,to keep; to preserve; to hold,,
word_ja_回,回,counter for occurrences; a time; an instance,,
word_ja_通す,通す,to stick through; to force through; to spread throughout,,
word_ja_役に立つ,役に立つ,to be helpful; to be useful,,
word_ja_学ぶ,学ぶ,to study (in depth); to learn; to take lessons in,,
word_ja_このよう,このよう,like this; this sort; this way,,
word_ja_比べる,比べる,to compare; to make a comparison; to compete,,
word_ja_限る,限る,to restrict; to limit; to confine,,
word_ja_対象,対象,"target; object (of worship, study, etc.); subject (of taxation, etc.)",,
word_ja_度,度,"degree (angle, temperature, scale, etc.); counter for occurrences; strength (of glasses)",,
word_ja_そのうち,そのうち,before very long; soon; someday,,
word_ja_世の中,世の中,society; the world; the times,,
word_ja_加える,加える,to add; to add up; to sum up,,
word_ja_亡くなる,亡くなる,to die,,
word_ja_最大,最大,biggest; greatest; largest,,
word_ja_人気,人気,popularity; public favor; condition (e.g. market),,
word_ja_及ぶ,及ぶ,to reach; to amount to; to befall,,
word_ja_将来,将来,future (usually near); prospects,,
word_ja_種類,種類,variety; kind; type,,
word_ja_半,半,half; semi-; half-past,,
word_ja_苦しむ,苦しむ,to suffer; to groan; to be worried,,
word_ja_訴える,訴える,"to raise; to bring to (someone's attention); to appeal to (reason, emotions, etc.)",,
word_ja_ずつ,ずつ,apiece; each; at a time,,
word_ja_たつ,たつ,to pass (of time); to elapse,,
word_ja_関する,関する,to concern; to be related,,
word_ja_決定,決定,decision; determination,,
word_ja_なくす,なくす,to lose (something); to mislay; to get rid of,,
word_ja_分ける,分ける,to divide (into); to split (into); to part,,
word_ja_いわゆる,いわゆる,what is called; as it is called; the so-called,,
word_ja_よな,よな,isn't that right?,,
word_ja_視線,視線,one's line of sight; one's gaze; one's eyes (looking),,
word_ja_嬉しい,嬉しい,happy; glad; pleased,,
word_ja_ダメ,ダメ,no good; not serving its purpose; useless,,
word_ja_見つめる,見つめる,to stare at; to gaze at; to look hard at,,
word_ja_少女,少女,little girl; maiden; young lady,,
word_ja_扉,扉,door; gate; opening,,
word_ja_もしかして,もしかして,perhaps; possibly; maybe,,
word_ja_俺たち,俺たち,we; us,,
word_ja_瞳,瞳,pupil (of eye); eye,,
word_ja_先輩,先輩,senior (at work or school); superior; elder,,
word_ja_はあ,はあ,yes; indeed; well,,
word_ja_五,五,five,,
word_ja_慌てる,慌てる,"to become confused (disconcerted, disorganized, disorganised); to be flustered; to panic",,
word_ja_というか,というか,or rather (say); or better (say); or perhaps I should say,,
word_ja_なんだか,なんだか,(a) little; somewhat; somehow,,
word_ja_攻撃,攻撃,attack; assault; raid,,
word_ja_妹,妹,younger sister,,
word_ja_じゃん,じゃん,ta-dah!; ta-da!; voilà!,,
word_ja_立ち上がる,立ち上がる,to stand up; to get up; to rise,,
word_ja_唇,唇,lips,,
word_ja_はっ,はっ,oh; yes; huh?,,
word_ja_ねぇ,ねぇ,right?; don't you think; hey,,
word_ja_震える,震える,to shiver; to shake; to quake,,
word_ja_浮かべる,浮かべる,to float; to set afloat; to launch,,
word_ja_可愛い,可愛い,cute; adorable; charming,,
word_ja_両手,両手,both hands; both arms; ten,,
word_ja_んん,んん,hm; um; huh?,,
word_ja_すみません,すみません,excuse me; pardon me; I'm sorry,,
word_ja_三人,三人,three people,,
word_ja_お母さん,お母さん,mother; mom; mum,,
word_ja_眺める,眺める,to look at; to gaze at; to watch,,
word_ja_ドア,ドア,"door (Western-style, car, etc.)",,
word_ja_床,床,floor; stage (for the narrator and the shamisen player); dining platform built across a river,,
word_ja_やがる,やがる,to have the nerve to,,
word_ja_ベッド,ベッド,bed,,
word_ja_少年,少年,boy; juvenile; young boy,,
word_ja_そりゃ,そりゃ,very; extremely; that is,,
word_ja_森,森,forest; shrine grove,,
word_ja_倒す,倒す,to throw down; to bring down; to blow down,,
word_ja_構う,構う,to mind; to care about; to be concerned about,,
word_ja_響く,響く,to resound; to be heard far away; to reverberate,,
word_ja_あの子,あの子,that child; that kid; that boy,,
word_ja_笑み,笑み,smile,,
word_ja_謝る,謝る,to apologize; to apologise,,
word_ja_振り返る,振り返る,to turn one's head; to look over one's shoulder; to turn around,,
word_ja_仕方ない,仕方ない,there's no (other) way; cannot be helped; unavoidable,,
word_ja_やがて,やがて,before long; soon; shortly,,
word_ja_我々,我々,we,,
word_ja_口にする,口にする,to taste; to eat; to drink,,
word_ja_バカ,バカ,idiot; moron; fool,,
word_ja_ふと,ふと,suddenly; casually; accidentally,,
word_ja_肉,肉,flesh; meat; the physical body (as opposed to the spirit),,
word_ja_地面,地面,ground; earth's surface,,
word_ja_えっと,えっと,let me see; well; errr ...,,
word_ja_お父さん,お父さん,father; dad; papa,,
word_ja_叩く,叩く,to strike; to clap; to knock,,
word_ja_見上げる,見上げる,to look up at; to raise one's eyes; to look up to,,
word_ja_声をかける,声をかける,to greet; to call out (to); to start talking (to),,
word_ja_全身,全身,whole (body); full-length (e.g. portrait); systemic,,
word_ja_連中,連中,company; lot; bunch,,
word_ja_戦い,戦い,battle; fight; struggle,,
word_ja_告げる,告げる,to tell; to inform; to announce,,
word_ja_気配,気配,indication; sign; hint,,
word_ja_廊下,廊下,corridor; hallway; passageway,,
word_ja_取り出す,取り出す,to take out; to produce; to pick out,,
word_ja_影,影,shadow; silhouette; figure,,
word_ja_噂,噂,rumour; rumor; report,,
word_ja_四,四,four,,
word_ja_兄,兄,older brother; elder brother,,
word_ja_怒り,怒り,anger; rage; fury,,
word_ja_嘘,嘘,lie; fib; falsehood,,
word_ja_生徒,生徒,pupil; student; schoolchild,,
word_ja_相変わらず,相変わらず,as usual; as always; as before,,
word_ja_浮かぶ,浮かぶ,to float; to be suspended; to rise to the surface,,
word_ja_傷,傷,wound; injury; cut,,
word_ja_痛み,痛み,pain; ache; soreness,,
word_ja_放つ,放つ,"to fire (gun, arrow, questions, etc.); to shoot; to hit (e.g. baseball)",,
word_ja_背後,背後,back; rear; background,,
word_ja_闇,闇,darkness; the dark; bewilderment,,
word_ja_普段,普段,usual; normal; everyday,,
word_ja_綺麗,綺麗,pretty; lovely; beautiful,,
word_ja_手紙,手紙,letter; missive; note,,
word_ja_かのように,かのように,as if; as though,,
word_ja_電話,電話,telephone call; phone call; telephone (device),,
word_ja_じっと,じっと,"motionlessly (e.g. stand, wait); (be) still; fixedly (e.g. gaze, stare)",,
word_ja_挨拶,挨拶,greeting; greetings; salutation,,
word_ja_テーブル,テーブル,table,,
word_ja_無駄,無駄,futility; waste; uselessness,,
word_ja_王,王,king; ruler; sovereign,,
word_ja_さっさ,さっさ,promptly; immediately; quickly,,
word_ja_村,村,village,,
word_ja_触る,触る,to touch; to feel; to get involved (with),,
word_ja_六,六,six,,
word_ja_巨大,巨大,huge; gigantic; enormous,,
word_ja_光景,光景,scene; spectacle; sight,,
word_ja_多分,多分,perhaps; probably; generous,,
word_ja_黒,黒,black; black go stone; guilt,,
word_ja_ござる,ござる,to be,,
word_ja_石,石,stone; jewel; precious stone,,
word_ja_おそらく,おそらく,perhaps; likely; probably,,
word_ja_二つ,二つ,two,,
word_ja_付き合う,付き合う,to associate with; to keep company with; to go out with,,
word_ja_肌,肌,skin; body (in the context of intimate bodily contact); surface,,
word_ja_武器,武器,weapon; arms; ordnance,,
word_ja_当てる,当てる,to hit; to expose; to apply (e.g. patch),,
word_ja_椅子,椅子,chair; stool; post,,
word_ja_そいつ,そいつ,he; she; that person,,
word_ja_恐怖,恐怖,fear; dread; dismay,,
word_ja_おいしい,おいしい,delicious; tasty; sweet,,
word_ja_命令,命令,order; command; decree,,
word_ja_本当に,本当に,really; truly,,
word_ja_マジ,マジ,serious; not joking; straight,,
word_ja_口を開く,口を開く,to open one's mouth (to talk); to (start to) tell,,
word_ja_匂い,匂い,odour; odor; scent,,
word_ja_格好,格好,shape; form; figure,,
word_ja_頬,頬,cheek (of face),,
word_ja_クラス,クラス,class,,
word_ja_いやいや,いやいや,"no!; no no!; no, not at all",,
word_ja_尋ねる,尋ねる,to ask; to enquire; to inquire,,
word_ja_犬,犬,dog (Canis (lupus) familiaris); squealer; rat,,
word_ja_もはや,もはや,already; now; no longer,,
word_ja_階段,階段,stairs; stairway; staircase,,
word_ja_いいえ,いいえ,no; nay; well,,
word_ja_もしかしたら,もしかしたら,perhaps; maybe; perchance,,
word_ja_机,机,desk,,
word_ja_先ほど,先ほど,a short while ago; a moment ago; just now,,
word_ja_ゲーム,ゲーム,game,,
word_ja_勝負,勝負,victory or defeat; match; contest,,
word_ja_そうそう,そうそう,so much; so often; so long,,
word_ja_本物,本物,genuine article; real thing; real deal,,
word_ja_レベル,レベル,level; standard; amount,,
word_ja_真剣,真剣,serious; earnest; real sword (as opposed to a wooden practice weapon),,
word_ja_七,七,seven; hepta-,,
word_ja_星,星,star (usu. not including the Sun); planet (usu. not including Earth); heavenly body,,
word_ja_まずい,まずい,bad (taste); unpalatable; unsavoury,,
word_ja_教室,教室,classroom; department; laboratory,,
word_ja_鋭い,鋭い,sharp (blade); pointed; sharp (pain),,
word_ja_あたり,あたり,(in the) neighbourhood; neighborhood; vicinity,,
word_ja_口調,口調,tone (of voice); manner of talking,,
word_ja_姉,姉,older sister; elder sister,,
word_ja_似合う,似合う,to suit; to match; to become,,
word_ja_方がいい,方がいい,had better; had better not,,
word_ja_揺れる,揺れる,to shake; to sway; to waver,,
word_ja_話しかける,話しかける,to address (someone); to accost a person; to talk (to someone),,
word_ja_あるいは,あるいは,or; either ... or; maybe,,
word_ja_視界,視界,field of vision; visibility; view,,
word_ja_限界,限界,limit; bound,,
word_ja_作戦,作戦,tactics; strategy; military operation,,
word_ja_頭を下げる,頭を下げる,to bow; to bow one's head; to apologize,,
word_ja_申す,申す,to say; to be called; to do,,
word_ja_お互い,お互い,each other; one another,,
word_ja_取り戻す,取り戻す,to take back; to regain; to get back,,
word_ja_右手,右手,right hand; right-hand side; right-hand direction,,
word_ja_女子,女子,woman; girl,,
word_ja_白,白,white; innocence; innocent person,,
word_ja_猫,猫,"cat (esp. the domestic cat, Felis catus); shamisen; geisha",,
word_ja_適当,適当,suitable; proper; appropriate,,
word_ja_そば,そば,near; close; beside,,
word_ja_なんでも,なんでも,any; anything; whatever,,
word_ja_一言,一言,single word; a few words; brief comment,,
word_ja_心臓,心臓,heart; guts; nerve,,
word_ja_なぜか,なぜか,somehow; for some reason; without knowing why,,
word_ja_酒,酒,alcohol; sake,,
word_ja_いいか,いいか,listen!; you see; mind you,,
word_ja_違いない,違いない,sure; no mistaking it; for certain,,
word_ja_魂,魂,soul; spirit,,
word_ja_空間,空間,space; room; airspace,,
word_ja_真面目,真面目,serious; honest; sober,,
word_ja_お礼,お礼,thanks; gratitude; manners,,
word_ja_薬,薬,medicine; pharmaceuticals; (legal) drugs,,
word_ja_お茶,お茶,tea (usu. green); tea break (at work); tea ceremony,,
word_ja_味方,味方,friend; ally; supporter,,
word_ja_炎,炎,"flame; blaze; flames (of intense emotion, e.g. love, jealousy, anger)",,
word_ja_タイミング,タイミング,timing,,
word_ja_両親,両親,parents; both parents,,
word_ja_荷物,荷物,luggage; baggage; package,,
word_ja_それら,それら,those (near the second person),,
word_ja_細い,細い,thin; slender; fine,,
word_ja_警戒,警戒,vigilance; caution; alertness,,
word_ja_鍵,鍵,key; lock; key (to a problem),,
word_ja_飛び出す,飛び出す,to jump out; to rush out; to fly out,,
word_ja_膝,膝,knee; lap; knee and thigh (while sitting),,
word_ja_ほどに,ほどに,the more ... the more ...; as; while,,
word_ja_興奮,興奮,excitement; stimulation; agitation,,
word_ja_褒める,褒める,to praise; to commend; to compliment,,
word_ja_我が,我が,my; our; one's own,,
word_ja_指示,指示,indication; denotation; designation,,
word_ja_弟,弟,younger brother; little brother; kid brother,,
word_ja_っていうか,っていうか,or rather (say); or better (say); or perhaps I should say,,
word_ja_わずか,わずか,(a) little; (a) few; slight,,
word_ja_十,十,ten; ten years of age,,
word_ja_舌,舌,tongue; tongue-like object; clapper (of a bell),,
word_ja_鳴る,鳴る,to sound; to ring; to resound,,
word_ja_穴,穴,hole; opening; perforation,,
word_ja_タイプ,タイプ,type; kind; sort,,
word_ja_随分,随分,very; extremely; surprisingly,,
word_ja_差し出す,差し出す,to present; to submit; to tender,,
word_ja_八,八,eight,,
word_ja_ども,ども,first-person plural (or singular); second or third person plural (implies speaker is of higher status than those referred to),,
word_ja_閉じる,閉じる,"to close (e.g. book, eyes, meeting, etc.); to shut",,
word_ja_光る,光る,to shine; to glitter; to be bright,,
word_ja_勘違い,勘違い,misunderstanding; mistaken idea; wrong guess,,
word_ja_警察,警察,police; police officer; police station,,
word_ja_伸ばす,伸ばす,"to grow long (e.g. hair, nails); to lengthen; to extend",,
word_ja_冷静,冷静,calmness; composure; coolness,,
word_ja_第,第,prefix for forming ordinal numbers,,
word_ja_怪しい,怪しい,suspicious; dubious; questionable,,
word_ja_馬,馬,horse; horse racing; promoted bishop,,
word_ja_衝撃,衝撃,shock; impact; crash,,
word_ja_城,城,castle,,
word_ja_巻き込む,巻き込む,to roll up; to enfold; to swallow up,,
word_ja_多少,多少,a little; some; somewhat,,
word_ja_同士,同士,fellow; mutual; companion,,
word_ja_そのよう,そのよう,that kind of; of the sort; of the kind,,
word_ja_恋人,恋人,lover; sweetheart; boyfriend,,
word_ja_気がつく,気がつく,to notice; to become aware; to perceive,,
word_ja_病院,病院,hospital; clinic; doctor's office,,
word_ja_回す,回す,to turn; to rotate; to spin,,
word_ja_わけない,わけない,easy; simple; there's no way that ...,,
word_ja_汗,汗,sweat; perspiration; moisture,,
word_ja_開始,開始,start; commencement; beginning,,
word_ja_まとも,まとも,the front; honesty; uprightness,,
word_ja_青い,青い,blue; azure; green,,
word_ja_押さえる,押さえる,to pin down; to hold down; to press down,,
word_ja_超,超,super-; ultra-; hyper-,,
word_ja_提案,提案,proposal; proposition; suggestion,,
word_ja_悔しい,悔しい,vexing; annoying; frustrating,,
word_ja_一本,一本,"one long cylindrical thing; one film, TV show, etc.; one goal, home run, etc.",,
word_ja_室,室,room; wife (of someone of high rank); scabbard,,
word_ja_真実,真実,truth; reality; truly,,
word_ja_研究,研究,study; research; investigation,,
word_ja_背,背,back; spine; reverse,,
word_ja_いつの間にか,いつの間にか,before one knows; before one becomes aware of; unnoticed,,
word_ja_我,我,I; me; oneself,,
word_ja_扱い,扱い,treatment; service,,
word_ja_回復,回復,restoration; rehabilitation; recovery,,
word_ja_どうでもいい,どうでもいい,inconsequential; indifferent; not worth worrying about,,
word_ja_知識,知識,knowledge; information,,
word_ja_恋,恋,(romantic) love,,
word_ja_抵抗,抵抗,resistance; opposition; standing up to,,
word_ja_犯人,犯人,offender; criminal; culprit,,
word_ja_天,天,sky; heaven; God,,
word_ja_広げる,広げる,to spread; to extend; to expand,,
word_ja_文字,文字,letter (of alphabet); character; writing,,
word_ja_苦手,苦手,poor (at); weak (in); not very good (at),,
word_ja_引っ張る,引っ張る,to pull; to draw; to pull tight,,
word_ja_解放,解放,release; unleashing; liberation,,
word_ja_ともかく,ともかく,anyhow; anyway; somehow or other,,
word_ja_箱,箱,box; case; chest,,
word_ja_追いかける,追いかける,to chase; to run after; to pursue,,
word_ja_真っ赤,真っ赤,bright red; deep red; flushed (of face),,
word_ja_見事,見事,splendid; magnificent; excellent,,
word_ja_絵,絵,picture; drawing; painting,,
word_ja_あああ,あああ,aah!; ooh!; oh no!,,
word_ja_おはよう,おはよう,good morning,,
word_ja_嫌う,嫌う,to hate; to dislike; to loathe,,
word_ja_破壊,破壊,destruction; disruption; (application) crash,,
word_ja_壊れる,壊れる,to be broken; to break; to fall through,,
word_ja_拾う,拾う,to pick up; to find; to gather,,
word_ja_今夜,今夜,this evening; tonight,,
word_ja_囲む,囲む,to surround; to encircle; to enclose,,
word_ja_知り合い,知り合い,acquaintance,,
word_ja_単純,単純,simple; plain; uncomplicated,,
word_ja_船,船,ship; boat; watercraft,,
word_ja_中身,中身,contents; interior; substance,,
word_ja_系,系,system; lineage; group,,
word_ja_とんでもない,とんでもない,unthinkable; absurd; outrageous,,
word_ja_なりに,なりに,in one's own way or style,,
word_ja_完璧,完璧,perfect; complete; flawless,,
word_ja_脱ぐ,脱ぐ,"to take off (clothes, shoes, etc.); to undress",,
word_ja_全力,全力,"all one's power (strength, energy, efforts); one's utmost",,
word_ja_無言,無言,silence (not speaking); muteness,,
word_ja_へえ,へえ,"oh, yes?; really?",,
word_ja_門,門,gate; branch of learning based on the teachings of a single master; division,,
word_ja_仲良く,仲良く,on good terms with; on cordial terms with; getting along well with,,
word_ja_技術,技術,technology; engineering; technique,,
word_ja_殴る,殴る,to strike; to hit; to beat,,
word_ja_大量,大量,"large quantity; massive (quantity); mass (e.g. mass production, mass transit, mass destruction)",,
word_ja_沈黙,沈黙,silence; being silent; quiet,,
word_ja_感触,感触,feel (i.e. tactile sensation); touch; feeling,,
word_ja_思考,思考,thought; consideration; thinking,,
word_ja_試す,試す,to attempt; to test; to try out,,
word_ja_島,島,"island; one's territory (e.g. of a sex worker, organized crime gang); one's turf",,
word_ja_言い方,言い方,way of saying (something); way of putting it; wording,,
word_ja_会社,会社,company; corporation; workplace,,
word_ja_やっぱ,やっぱ,too; also; likewise,,
word_ja_趣味,趣味,hobby; pastime; tastes,,
word_ja_張る,張る,to stick; to paste; to affix,,
word_ja_主,主,"head (of a household, etc.); leader; master",,
word_ja_紙,紙,paper,,
word_ja_隙,隙,gap; space; break,,
word_ja_何者,何者,who; what kind of person,,
word_ja_いよいよ,いよいよ,more and more; all the more; increasingly,,
word_ja_従う,従う,"to obey (an order, law, etc.); to abide by (a rule, custom, etc.); to follow",,
word_ja_異常,異常,strangeness; abnormality; disorder,,
word_ja_中央,中央,centre; center; middle,,
word_ja_久しぶり,久しぶり,a long time (since the last time); first in a long time,,
word_ja_正体,正体,true character; true form; true colors (colours),,
word_ja_長,長,head; chief; leader,,
word_ja_戦争,戦争,war; fighting; fierce competition,,
word_ja_穏やか,穏やか,calm; quiet; gentle,,
word_ja_なんとなく,なんとなく,somehow or other; for some reason or another; without knowing why,,
word_ja_左右,左右,left and right; right and left; (asserting) control,,
word_ja_吸う,吸う,to smoke; to breathe in; to inhale,,
word_ja_柔らかい,柔らかい,soft; tender; pliant,,
word_ja_構える,構える,"to set up (a house, store, etc.); to build; to establish",,
word_ja_赤,赤,red; crimson; scarlet,,
word_ja_授業,授業,lesson; class work; teaching,,
word_ja_式,式,equation; formula; expression,,
word_ja_何もない,何もない,there is nothing,,
word_ja_そんなもの,そんなもの,that's the way it is; such is life,,
word_ja_しれる,しれる,to become known; to come to light; to be discovered,,
word_ja_不可能,不可能,impossible,,
word_ja_投げる,投げる,to throw; to hurl; to fling,,
word_ja_洗う,洗う,to wash; to cleanse; to rinse,,
word_ja_見守る,見守る,to watch over; to watch attentively,,
word_ja_焼く,焼く,to burn; to roast; to broil,,
word_ja_天井,天井,ceiling; ceiling price; (price) ceiling,,
word_ja_鳥,鳥,bird; bird meat (esp. chicken meat); fowl,,
word_ja_思いつく,思いつく,to think of; to hit upon; to come into one's mind,,
word_ja_あっさり,あっさり,easily; readily; quickly,,
word_ja_男の子,男の子,boy; son; baby boy,,
word_ja_雪,雪,snow; snowfall,,
word_ja_ふざける,ふざける,to joke; to jest; to kid,,
word_ja_確信,確信,conviction; belief; confidence,,
word_ja_イメージ,イメージ,image (in one's mind); impression; mental image,,
word_ja_この世,この世,this world; world of the living,,
word_ja_悲鳴,悲鳴,shriek; scream,,
word_ja_辛い,辛い,painful; bitter; heart-breaking,,
word_ja_話題,話題,topic; subject,,
word_ja_認識,認識,recognition; awareness; perception,,
word_ja_振り向く,振り向く,to turn one's face; to turn around; to look over one's shoulder,,
word_ja_あまりにも,あまりにも,too much; excessive; too,,
word_ja_申し訳ない,申し訳ない,I'm sorry; (it's) inexcusable; I feel regretful,,
word_ja_わあ,わあ,wow!; oh!; eek!,,
word_ja_化する,化する,to change into; to convert into; to transform,,
word_ja_焦る,焦る,to be in a hurry; to be impatient; to be anxious (to do),,
word_ja_問題ない,問題ない,no problem; all right; not an issue,,
word_ja_突っ込む,突っ込む,to thrust (something) into (something); to cram; to stuff,,
word_ja_制服,制服,uniform,,
word_ja_やってみる,やってみる,to have a go; to try and do (something); to take a chance with something,,
word_ja_もうすぐ,もうすぐ,soon; shortly; before long,,
word_ja_驚き,驚き,surprise; astonishment; wonder,,
word_ja_許可,許可,permission; approval; authorization,,
word_ja_映る,映る,to be reflected; to harmonize with (harmonise); to come out (photo),,
word_ja_壊す,壊す,to break; to destroy; to demolish,,
word_ja_きちんと,きちんと,properly; accurately; exactly,,
word_ja_あっち,あっち,that way; that direction; over there,,
word_ja_裏切る,裏切る,to betray; to turn traitor to; to double-cross,,
word_ja_人形,人形,doll; puppet; figure,,
word_ja_鼻,鼻,nose,,
word_ja_謎,謎,riddle; puzzle; enigma,,
word_ja_その間,その間,in the meanwhile; during the time,,
word_ja_二十,二十,20 years old; twenty,,
word_ja_了解,了解,comprehension; consent; understanding,,
word_ja_発言,発言,statement; remark; observation,,
word_ja_その手,その手,that kind of; that way; that move,,
word_ja_大した,大した,considerable; great; important,,
word_ja_組む,組む,to cross (legs or arms); to link (arms); to put together,,
word_ja_手段,手段,means; way; measure,,
word_ja_最悪,最悪,worst; horrible; horrid,,
word_ja_呼び出す,呼び出す,to summon; to call (e.g. phone); to convene,,
word_ja_ありがたい,ありがたい,grateful; thankful; welcome,,
word_ja_誤解,誤解,misunderstanding,,
word_ja_メートル,メートル,metre; meter; meter,,
word_ja_吐く,吐く,to vomit; to throw up; to spit up,,
word_ja_告白,告白,confession; acknowledgement; acknowledgment,,
word_ja_喉,喉,throat; singing voice,,
word_ja_転がる,転がる,to roll; to tumble; to fall over,,
word_ja_旅,旅,travel; trip; journey,,
word_ja_見た目,見た目,appearance; (outward) looks; exterior appearance,,
word_ja_バレる,バレる,"to leak out (a secret); to be exposed (a lie, improper behaviour, etc.); to be found out",,
word_ja_濡れる,濡れる,to get wet,,
word_ja_呼吸,呼吸,breathing; respiration; knack,,
word_ja_素晴らしい,素晴らしい,wonderful; splendid; magnificent,,
word_ja_出来事,出来事,incident; affair; happening,,
word_ja_行ってくる,行ってくる,I'm off; see you later; to go (and then come back),,
word_ja_同様,同様,same; similar; (just) like,,
word_ja_受け止める,受け止める,to catch; to stop the blow; to react to,,
word_ja_少しずつ,少しずつ,little by little,,
word_ja_実に,実に,indeed; really; absolutely,,
word_ja_自覚,自覚,self-consciousness; self-awareness,,
word_ja_見送る,見送る,"to see someone off (at a station, an airport, etc.); to escort (e.g. home); to follow something with one's eyes until it is out of sight",,
word_ja_参る,参る,to go; to come; to call,,
word_ja_爆発,爆発,explosion; detonation; eruption,,
word_ja_動揺,動揺,shaking; trembling; pitching,,
word_ja_着替える,着替える,to change one's clothes,,
word_ja_解く,解く,to untie; to unfasten; to unwrap,,
word_ja_連れてくる,連れてくる,to bring someone along,,
word_ja_増す,増す,to increase; to grow,,
word_ja_自体,自体,itself; one's own body; oneself,,
word_ja_東,東,east,,
word_ja_ぼんやり,ぼんやり,dimly; faintly; indistinctly,,
word_ja_どうにか,どうにか,in some way or other; one way or another; somehow,,
word_ja_となると,となると,when it comes to ...; where ... is concerned; if it's the case that ...,,
word_ja_精神,精神,mind; spirit; soul,,
word_ja_飛ばす,飛ばす,to let fly; to make fly; to send flying,,
word_ja_文句,文句,complaint; grumbling; objection,,
word_ja_踏む,踏む,to step on; to tread on; to trample on,,
word_ja_時点,時点,point in time; occasion,,
word_ja_発生,発生,outbreak; spring forth; occurrence,,
word_ja_あとで,あとで,afterwards,,
word_ja_つかむ,つかむ,to seize; to catch; to grasp,,
word_ja_沈む,沈む,to sink; to go under; to submerge,,
word_ja_傷つける,傷つける,"to wound; to injure; to hurt someone's feelings (pride, etc.)",,
word_ja_掃除,掃除,cleaning; sweeping; dusting,,
word_ja_二人とも,二人とも,both (people),,
word_ja_道具,道具,tool; implement; instrument,,
word_ja_現場,現場,actual spot; scene; scene of the crime,,
word_ja_春,春,spring; springtime; New Year,,
word_ja_歴史,歴史,history,,
word_ja_依頼,依頼,request; commission; entrusting (with a matter),,
word_ja_足音,足音,sound of footsteps; sense or sign that something is approaching,,
word_ja_術,術,art; technique; means,,
word_ja_全,全,all; whole; entire,,
word_ja_たまる,たまる,to bear; to endure,,
word_ja_手にする,手にする,to hold (in one's hand); to take (into one's hand); to own,,
word_ja_一枚,一枚,one thin flat object; one sheet,,
word_ja_チャンス,チャンス,chance; opportunity,,
word_ja_第二,第二,second,,
word_ja_ついでに,ついでに,incidentally; taking the opportunity; while (you) are at it,,
word_ja_思い出,思い出,memories; recollections; reminiscence,,
word_ja_歌,歌,song; classical Japanese poetry (esp. tanka); modern poetry,,
word_ja_覆う,覆う,to cover; to hide; to conceal,,
word_ja_庭,庭,garden; yard; courtyard,,
word_ja_ただいま,ただいま,here I am; I'm home!; presently,,
word_ja_応える,応える,"to respond; to answer; to meet (e.g. demands, expectations)",,
word_ja_恐れる,恐れる,to fear; to be afraid of,,
word_ja_毒,毒,poison; toxicant; harm,,
word_ja_騒ぐ,騒ぐ,to make noise; to make racket; to be noisy,,
word_ja_背負う,背負う,to carry on one's back; to be burdened with; to take responsibility for,,
word_ja_あまりに,あまりに,too much; excessively; too,,
word_ja_大学,大学,university; college; former central university of Kyoto (established under the ritsuryo system for the training of government administrators),,
word_ja_底,底,bottom; sole,,
word_ja_ぶつかる,ぶつかる,to strike against; to collide with; to bump into,,
word_ja_素敵,素敵,lovely; wonderful; nice,,
word_ja_少々,少々,just a minute; small quantity,,
word_ja_微妙,微妙,subtle; delicate; fine,,
word_ja_担当,担当,"being in charge (of an area of responsibility); being responsible (for a work role, etc.)",,
word_ja_お店,お店,store; shop,,
word_ja_怪我,怪我,injury (to animate object); hurt,,
word_ja_同じく,同じく,similarly; same (idea); same (name),,
word_ja_例えば,例えば,for example; for instance; e.g.,,
word_ja_ほうがいい,ほうがいい,had better ...; had better not ...,,
word_ja_三十,三十,thirty; 30,,
word_ja_直後,直後,immediately following,,
word_ja_調査,調査,investigation; examination; inquiry,,
word_ja_今年,今年,this year,,
word_ja_応援,応援,aid; assistance; help,,
word_ja_使用,使用,use; application; employment,,
word_ja_早速,早速,at once; immediately; without delay,,
word_ja_玄関,玄関,entrance; front door; entryway,,
word_ja_満ちる,満ちる,to be full; to wax (e.g. moon); to rise (e.g. tide),,
word_ja_予感,予感,presentiment; premonition; hunch,,
word_ja_心の中,心の中,inside one's heart; in one's mind,,
word_ja_片手,片手,one hand,,
word_ja_逃げ出す,逃げ出す,to run away; to flee; to make off,,
word_ja_速度,速度,speed; velocity; pace,,
word_ja_飛び込む,飛び込む,to jump in; to leap in; to plunge into,,
word_ja_探る,探る,to feel around for; to fumble for; to grope for,,
word_ja_刺激,刺激,stimulus; impetus; incentive,,
word_ja_物語,物語,tale; story; legend,,
word_ja_男子,男子,youth; young man,,
word_ja_もしも,もしも,if; in case; supposing,,
word_ja_硬い,硬い,hard; solid; tough,,
word_ja_かあ,かあ,cawing (of a crow),,
word_ja_印象,印象,impression,,
word_ja_感,感,feeling; sensation; emotion,,
word_ja_願い,願い,desire; wish; hope,,
word_ja_いくつか,いくつか,(a) few; some; several,,
word_ja_夫,夫,husband,,
word_ja_意志,意志,will; volition; intention,,
word_ja_あくまで,あくまで,to the end; to the bitter end; to the last,,
word_ja_魚,魚,fish,,
word_ja_もともと,もともと,originally; by nature; from the start,,
word_ja_勝利,勝利,victory; triumph; conquest,,
word_ja_意思,意思,intention; wish; purpose,,
word_ja_察する,察する,to guess; to sense; to presume,,
word_ja_太陽,太陽,sun,,
word_ja_ますます,ますます,increasingly; more and more; decreasingly (when declining),,
word_ja_歌う,歌う,"to sing; to sing (one's praises in a poem, etc.); to compose a poem",,
word_ja_大体,大体,outline; main points; gist,,
word_ja_才能,才能,talent; ability,,
word_ja_はずがない,はずがない,it cannot be that...; it is highly unlikely that...; it is impossible that...,,
word_ja_果たす,果たす,to accomplish; to achieve; to carry out,,
word_ja_選択,選択,selection; choice; option,,
word_ja_並べる,並べる,to line up; to set up; to arrange in a line,,
word_ja_名乗る,名乗る,to give one's name (as); to introduce oneself (as); to claim to be,,
word_ja_東京,東京,Tokyo,,
word_ja_味わう,味わう,to taste; to savor; to savour,,
word_ja_燃える,燃える,to burn; to get fired up,,
word_ja_真似,真似,imitating; copying; mimicry,,
word_ja_左手,左手,left hand; left-hand side; left-hand direction,,
word_ja_懐かしい,懐かしい,dear (old); fondly-remembered; beloved,,
word_ja_パン,パン,bread; pastries (e.g. croissants); pastry-based products,,
word_ja_入り口,入り口,entrance; entry; gate,,
word_ja_部下,部下,subordinate person,,
word_ja_間に,間に,while; during (the time when),,
word_ja_鬼,鬼,ogre; demon; oni,,
word_ja_幼い,幼い,very young; little; childish,,
word_ja_間違える,間違える,to make a mistake (in); to commit an error (e.g. in calculation); to confuse,,
word_ja_組,組,set (of items); group (of people); class (of students),,
word_ja_ほんの,ほんの,mere; only; just,,
word_ja_下げる,下げる,to hang; to suspend; to wear (e.g. decoration),,
word_ja_偉い,偉い,great; excellent; admirable,,
word_ja_捕まえる,捕まえる,to catch; to capture; to arrest,,
word_ja_漂う,漂う,to drift; to float; to waft (e.g. a scent),,
word_ja_鏡,鏡,mirror; looking-glass; barrel head,,
word_ja_笑い,笑い,laugh; laughter; smile,,
word_ja_香り,香り,aroma; fragrance; scent,,
word_ja_この前,この前,some time ago; recently; lately,,
word_ja_優秀,優秀,superior; excellent; brilliant,,
word_ja_込める,込める,"to load (a gun, etc.); to charge; to put into (e.g. emotion, effort)",,
word_ja_発する,発する,to let out; to utter; to produce,,
word_ja_機,機,chance; opportunity; machine,,
word_ja_会,会,meeting; assembly; party,,
word_ja_あいつら,あいつら,they,,
word_ja_たっぷり,たっぷり,full; in plenty; ample,,
word_ja_わざと,わざと,on purpose; deliberately; intentionally,,
word_ja_崩れる,崩れる,to collapse; to crumble; to get out of shape,,
word_ja_いいこと,いいこと,good thing; nice thing; good excuse,,
word_ja_証明,証明,proof; testimony; demonstration,,
word_ja_支配,支配,domination; rule; control,,
word_ja_潰す,潰す,to smash; to crush; to flatten,,
word_ja_様々,様々,various; varied; diverse,,
word_ja_感心,感心,admiration; being impressed; admirable,,
word_ja_姿勢,姿勢,posture; pose; position,,
word_ja_先日,先日,the other day; a few days ago,,
word_ja_今すぐ,今すぐ,at once; immediately; right now,,
word_ja_土地,土地,plot of land; lot; soil,,
word_ja_神様,神様,God; god; ace,,
word_ja_あらゆる,あらゆる,all; every,,
word_ja_いろんな,いろんな,various,,
word_ja_地下,地下,basement; cellar; underground place,,
word_ja_承知,承知,knowledge; awareness; consent,,
word_ja_挟む,挟む,"to hold between (e.g. one's fingers, chopsticks); to grip (from both sides); to put between",,
word_ja_年齢,年齢,age; years,,
word_ja_西,西,west,,
word_ja_事故,事故,accident; incident; trouble,,
word_ja_訓練,訓練,training; drill; practice,,
word_ja_学生,学生,student (esp. a university student),,
word_ja_用事,用事,tasks; things to do; errand,,
word_ja_一年,一年,one year; some time ago,,
word_ja_組織,組織,organization; organisation; formation,,
word_ja_地上,地上,above ground; surface; overground,,
word_ja_責める,責める,to condemn; to blame; to criticize,,
word_ja_わけがない,わけがない,there is no way that ...; easy; simple,,
word_ja_なす,なす,to build up; to establish; to form,,
word_ja_すっごい,すっごい,terrible; dreadful; amazing (e.g. of strength),,
word_ja_防ぐ,防ぐ,to defend against; to protect against; to prevent,,
word_ja_祈る,祈る,to pray; to wish,,
word_ja_整える,整える,to put in order; to arrange; to tidy up,,
word_ja_帰り,帰り,return; coming back,,
word_ja_温かい,温かい,warm; mild; (pleasantly) hot,,
word_ja_把握,把握,grasp; catch; understanding,,
word_ja_覗く,覗く,"to peek (through a keyhole, gap, etc.); to look down into (a ravine, etc.); to peek into (a shop, bookstore, etc.)",,
word_ja_九,九,nine,,
word_ja_込む,込む,to be crowded; to be packed; to be complex,,
word_ja_笑い声,笑い声,(sound of) laughter; laughing voice,,
word_ja_音がする,音がする,to make a sound; to give off a sound; to hear a sound,,
word_ja_効く,効く,to be effective; to take effect; to be good (for),,
word_ja_冬,冬,winter,,
word_ja_ように言う,ように言う,to tell (somebody) to (do something),,
word_ja_漏れる,漏れる,to leak out; to escape; to come through,,
word_ja_勇気,勇気,courage; bravery; valour,,
word_ja_預ける,預ける,to leave (in someone's keeping); to put (in someone's care); to place (in someone's custody),,
word_ja_仕方がない,仕方がない,there's no (other) way; cannot be helped; unavoidable,,
word_ja_表現,表現,expression; presentation; representation,,
word_ja_テレビ,テレビ,television; TV; TV program,,
word_ja_揃う,揃う,to be complete; to be all present; to make a full set,,
word_ja_記録,記録,record; minutes; document,,
word_ja_育つ,育つ,to be raised (e.g. child); to be brought up; to grow (up),,
word_ja_まくる,まくる,to turn up; to roll up (e.g. sleeves); to do over and over again,,
word_ja_好きになる,好きになる,to come to like; to become fond of; to fall in love,,
word_ja_とる,とる,to have (e.g. lunch); to take (e.g. vitamins),,
word_ja_宣言,宣言,declaration; proclamation; announcement,,
word_ja_体力,体力,stamina; endurance; physical strength,,
word_ja_絶望,絶望,despair; hopelessness,,
word_ja_まっすぐ,まっすぐ,straight (ahead); direct; upright,,
word_ja_ご飯,ご飯,cooked rice; meal,,
word_ja_秒,秒,second (unit of time); arc second,,
word_ja_空く,空く,"to open (e.g. doors); to open (e.g. business, etc.); to be empty",,
word_ja_吹く,吹く,to blow (of the wind); to blow (one's breath); to breathe out,,
word_ja_強引,強引,overbearing; coercive; pushy,,
word_ja_百,百,100; hundred,,
word_ja_平和,平和,peace; harmony,,
word_ja_甘える,甘える,to behave like a spoiled child; to fawn on; to take advantage of,,
word_ja_数日,数日,few days,,
word_ja_骨,骨,bone; frame; outline,,
word_ja_情けない,情けない,miserable; pitiable; shameful,,
word_ja_決意,決意,decision; determination; resolution,,
word_ja_言い訳,言い訳,excuse; explanation,,
word_ja_観察,観察,observation; survey; watching,,
word_ja_きつい,きつい,tough; hard; severe,,
word_ja_袋,袋,bag; sack; pouch,,
word_ja_違和感,違和感,uncomfortable feeling; feeling out of place; sense of discomfort,,
word_ja_おっしゃる,おっしゃる,to say; to speak; to tell,,
word_ja_その通り,その通り,just like that; quite so; I agree,,
word_ja_氷,氷,ice; shaved ice (usually served with flavored simple syrup),,
word_ja_北,北,north; the North; northern territories,,
word_ja_出て行く,出て行く,to go out and away; to leave,,
word_ja_寄せる,寄せる,to come near; to let someone approach; to bring near,,
word_ja_しょうがない,しょうがない,there's no (other) way; cannot be helped; unavoidable,,
word_ja_端,端,end (e.g. of street); tip; point,,
word_ja_メンバー,メンバー,member; participant; attendee,,
word_ja_助け,助け,assistance; help; aid,,
word_ja_布,布,cloth; bujian (spade-shaped bronze coin of ancient China),,
word_ja_どうしようもない,どうしようもない,it cannot be helped; there's nothing for it; it's no use fighting back,,
word_ja_丁寧,丁寧,polite; courteous; civil,,
word_ja_土,土,earth; soil; dirt,,
word_ja_たまたま,たまたま,occasionally; once in a while; seldom,,
word_ja_だいぶ,だいぶ,considerably; greatly; a lot,,
word_ja_下手,下手,unskillful; poor; awkward,,
word_ja_永遠,永遠,eternity; perpetuity; permanence,,
word_ja_評価,評価,valuation; appraisal; evaluation,,
word_ja_景色,景色,scenery; scene; landscape,,
word_ja_いくらでも,いくらでも,as many as one likes; as much as one likes; great many,,
word_ja_びっくり,びっくり,to be surprised; to be amazed; to be frightened,,
word_ja_固まる,固まる,to harden; to solidify; to become firm,,
word_ja_美人,美人,beautiful woman,,
word_ja_だらけ,だらけ,"full of (e.g. mistakes); riddled with; covered all over with (blood, mud, etc.)",,
word_ja_地獄,地獄,hell,,
word_ja_今に,今に,before long; even now,,
word_ja_この先,この先,beyond this point; from now on; after this,,
word_ja_外れる,外れる,to be disconnected; to get out of place; to be off,,
word_ja_翌日,翌日,next day,,
word_ja_小,小,smallness; small item; short month (i.e. having fewer than 31 days),,
word_ja_埋める,埋める,to bury (e.g. in the ground); to fill up (e.g. audience fills a hall); to cause to be packed,,
word_ja_動物,動物,animal,,
word_ja_隙間,隙間,crevice; crack; gap,,
word_ja_いかが,いかが,how; in what way; how about,,
word_ja_油断,油断,negligence; carelessness; inattention,,
word_ja_貫く,貫く,to go through; to pierce; to penetrate,,
word_ja_線,線,line; stripe; stria,,
word_ja_続き,続き,"continuation; rest (of the story, work, etc.); next instalment",,
word_ja_氏,氏,Mr; Mrs; Ms,,
word_ja_刺す,刺す,to pierce; to stab; to prick,,
word_ja_見かける,見かける,to (happen to) see; to notice; to catch sight of,,
word_ja_控える,控える,to be temperate in; to refrain; to abstain,,
word_ja_靴,靴,shoe; shoes; boots,,
word_ja_特殊,特殊,special; particular; peculiar,,
word_ja_主人,主人,head (of a household); proprietor (of a store); proprietress,,
word_ja_目標,目標,goal; target; aim,,
word_ja_やり方,やり方,way (of doing); manner; method,,
word_ja_傷つく,傷つく,to be wounded; to get injured; to get hurt feelings,,
word_ja_教師,教師,teacher (classroom),,
word_ja_青,青,blue; azure; green,,
word_ja_泳ぐ,泳ぐ,to swim,,
word_ja_騒ぎ,騒ぎ,uproar; disturbance,,
word_ja_届ける,届ける,to deliver; to forward; to send,,
word_ja_おかげ,おかげ,grace (of God); benevolence (of Buddha); blessing,,
word_ja_派手,派手,showy; loud; gay,,
word_ja_崩す,崩す,to destroy; to demolish; to pull down,,
word_ja_仕掛ける,仕掛ける,to start; to begin; to commence,,
word_ja_本日,本日,today; this day,,
word_ja_実力,実力,(real) ability; true strength; merit,,
word_ja_踊る,踊る,to dance (orig. a hopping dance),,
word_ja_次第,次第,depending on; as soon as; immediately after,,
word_ja_雲,雲,cloud,,
word_ja_たびに,たびに,each time; every time; whenever (something happens),,
word_ja_捕まる,捕まる,to be caught; to be arrested; to hold on to,,
word_ja_破る,破る,to tear; to rip; to break,,
word_ja_巻く,巻く,to wind; to coil; to roll,,
word_ja_もう一つ,もう一つ,another; one more; not quite,,
word_ja_役目,役目,duty; role; function,,
word_ja_自慢,自慢,pride; boast,,
word_ja_今でも,今でも,even now; still; as yet,,
word_ja_駅,駅,railway station; train station; staging post on a highway (in pre-modern Japan),,
word_ja_要求,要求,demand; firm request; requisition,,
word_ja_高校,高校,senior high school; high school,,
word_ja_手を出す,手を出す,to turn one's hand to; to reach out one's hand; to get involved in,,
word_ja_ぶつける,ぶつける,to hit (e.g. one's head); to strike; to crash into,,
word_ja_範囲,範囲,extent; scope; sphere,,
word_ja_戦,戦,war; battle; match,,
word_ja_その上,その上,in addition; furthermore; above (which),,
word_ja_顔色,顔色,complexion; one's colour; one's color,,
word_ja_音楽,音楽,music,,
word_ja_映画,映画,movie; film,,
word_ja_仮に,仮に,supposing; even if; granting that,,
word_ja_鉄,鉄,iron (Fe); strong and hard (as iron); railway,,
word_ja_今朝,今朝,this morning,,
word_ja_プレゼント,プレゼント,present; gift; to give a present or gift,,
word_ja_ついてくる,ついてくる,to follow; to come along with one; to accompany,,
word_ja_追いつく,追いつく,to catch up (with); to draw level; to pull even,,
word_ja_環境,環境,environment; circumstance,,
word_ja_主張,主張,claim; insistence; assertion,,
word_ja_染まる,染まる,to be dyed; to be tainted; to be infected,,
word_ja_注ぐ,注ぐ,to pour (into); to sprinkle on (from above); to water (e.g. plants),,
word_ja_奇妙,奇妙,strange; odd; peculiar,,
word_ja_正解,正解,"correct; right; correct interpretation (answer, solution)",,
word_ja_満たす,満たす,"to satisfy (conditions, one's appetite, etc.); to meet (e.g. demands); to fulfill",,
word_ja_暴れる,暴れる,to act violently; to rage; to struggle,,
word_ja_宿,宿,lodging; inn; hotel,,
word_ja_慎重,慎重,careful; cautious; prudent,,
word_ja_閉める,閉める,to close; to shut,,
word_ja_表,表,"surface; face (i.e. the visible side of an object); front (of a building, etc.)",,
word_ja_大勢,大勢,crowd of people; great number of people; in great numbers,,
word_ja_促す,促す,to urge; to encourage; to press,,
word_ja_心から,心から,from the bottom of one's heart; heartily; sincerely,,
word_ja_暑い,暑い,hot; warm; sultry,,
word_ja_持ち上げる,持ち上げる,to elevate; to raise; to lift up,,
word_ja_蹴る,蹴る,to kick; to refuse; to reject,,
word_ja_折れる,折れる,to break; to be broken; to snap,,
word_ja_終了,終了,end; close; termination,,
word_ja_台,台,stand; rack; table,,
word_ja_昼,昼,noon; midday; daytime,,
word_ja_いかにも,いかにも,indeed; really; truly,,
word_ja_安い,安い,cheap; inexpensive; calm,,
word_ja_出発,出発,departure,,
word_ja_機能,機能,function; facility; faculty,,
word_ja_言い出す,言い出す,to begin to say; to start talking; to broach (a matter),,
word_ja_南,南,south,,
word_ja_管理,管理,control; management (e.g. of a business),,
word_ja_性,性,nature (of a person); sex; gender,,
word_ja_純粋,純粋,pure; true; genuine,,
word_ja_こっそり,こっそり,stealthily; secretly; in secret,,
word_ja_草,草,grass; weed; herb,,
word_ja_卒業,卒業,graduation; completion (of a course); moving on (from),,
word_ja_契約,契約,contract; compact; agreement,,
word_ja_基本的,基本的,fundamental; basic,,
word_ja_からかう,からかう,to ridicule; to tease; to mock,,
word_ja_作品,作品,"work (e.g. book, film, composition, etc.); opus; performance",,
word_ja_ショック,ショック,"shock (psychological); crisis (esp. financial); shock (physical, mechanical)",,
word_ja_なんでもない,なんでもない,easy; trifling; harmless,,
word_ja_目覚める,目覚める,"to wake up; to awake; to awaken to (instinct, ability, perception, etc.)",,
word_ja_夕方,夕方,evening; dusk,,
word_ja_爪,爪,"nail (e.g. fingernail, toenail); claw; talon",,
word_ja_確保,確保,securing; obtaining; ensuring,,
word_ja_生き物,生き物,living thing; living creature; animal,,
word_ja_現状,現状,present condition; existing state; status quo,,
word_ja_照らす,照らす,to shine on; to illuminate; to compare (with),,
word_ja_糸,糸,thread; yarn; string,,
word_ja_時々,時々,sometimes; occasionally; at times,,
word_ja_幸い,幸い,happiness; blessedness; luck,,
word_ja_やあ,やあ,Yo! (greeting); Wow! (expression of surprise),,
word_ja_足元,足元,"at one's feet; underfoot; one's step (as in ""watch your step"")",,
word_ja_枚,枚,counter for flat objects (e.g. sheets of paper); counter for positions or roles; counter for food portions (now only gyōza and soba),,
word_ja_連れて行く,連れて行く,to take someone (to some place); to take someone along; to lead someone away,,
word_ja_緑,緑,green; greenery (esp. fresh verdure),,
word_ja_次々,次々,in succession; one by one,,
word_ja_社会,社会,society; public; community,,
word_ja_感動,感動,being deeply moved emotionally; excitement; passion,,
word_ja_字,字,character (esp. kanji); letter; written text,,
word_ja_堂々,堂々,magnificent; grand; impressive,,
word_ja_突く,突く,to prick; to stab; to poke,,
word_ja_トイレ,トイレ,toilet; restroom; bathroom,,
word_ja_収まる,収まる,"to fit into (a box, frame, category, etc.); to be contained within; to fall within (e.g. a budget)",,
word_ja_濃い,濃い,"deep (colour); dark; strong (flavour, smell, etc.)",,
word_ja_あえて,あえて,"purposely (of something needless, unexpected or seemingly counterproductive, etc.); daringly (doing something); deliberately",,
word_ja_命じる,命じる,to order; to command; to appoint,,
word_ja_しゃべる,しゃべる,to talk; to chat; to chatter,,
word_ja_買い物,買い物,shopping; purchased goods,,
word_ja_あちこち,あちこち,here and there; all around; everywhere,,
word_ja_こんにちは,こんにちは,hello; good day; good afternoon,,
word_ja_不幸,不幸,unhappiness; sorrow; misfortune,,
word_ja_虫,虫,insect; bug; cricket,,
word_ja_ひたすら,ひたすら,intently; single-mindedly; devotedly,,
word_ja_橋,橋,bridge,,
word_ja_述べる,述べる,to state; to express; to mention,,
word_ja_具合,具合,condition; state; health,,
word_ja_おかしな,おかしな,ridiculous; odd,,
word_ja_刻む,刻む,to mince; to cut fine; to chop up,,
word_ja_かく,かく,to scratch; to perspire; to shovel,,
word_ja_舞台,舞台,"stage (theatre, theater); scene or setting (e.g. of novel, play, etc.)",,
word_ja_教育,教育,education; schooling; training,,
word_ja_生,生,raw; uncooked; fresh,,
word_ja_機械,機械,machine; mechanism; instrument,,
word_ja_細かい,細かい,small; fine; minute,,
word_ja_徐々に,徐々に,gradually; steadily; slowly,,
word_ja_田,田,rice field,,
word_ja_最低,最低,least; lowest; minimum,,
word_ja_発表,発表,announcement; publication; presenting,,
word_ja_施設,施設,institution; establishment; facility,,
word_ja_恋愛,恋愛,love; love-making; passion,,
word_ja_三つ,三つ,three; three years of age,,
word_ja_品,品,elegance; grace; refinement,,
word_ja_法,法,law; act; principle,,
word_ja_集団,集団,group; mass,,
word_ja_脳,脳,brain; brains; mind,,
word_ja_太い,太い,fat; thick; deep (of a voice),,
word_ja_夫婦,夫婦,married couple; husband and wife; man and wife,,
word_ja_浮く,浮く,to float; to become merry; to be cheerful,,
word_ja_顔を出す,顔を出す,to turn up; to make an appearance; to put in an appearance,,
word_ja_千,千,"1,000; thousand",,
word_ja_渡る,渡る,to cross over; to go across; to extend,,
word_ja_指摘,指摘,pointing out; identification,,
word_ja_隅,隅,corner; nook; recess,,
word_ja_圧倒的,圧倒的,overwhelming,,
word_ja_招く,招く,to invite; to ask; to beckon,,
word_ja_うまくいく,うまくいく,to go smoothly; to turn out well; to do the trick,,
word_ja_具体的,具体的,concrete; definite; specific,,
word_ja_監視,監視,monitoring; watching; observation,,
word_ja_喜び,喜び,joy; delight; rapture,,
word_ja_ルール,ルール,rule,,
word_ja_生きていく,生きていく,to subsist; to keep on living,,
word_ja_声を出す,声を出す,to speak; to say; to vocalize,,
word_ja_譲る,譲る,to hand over; to transfer; to turn over,,
word_ja_派,派,clique; group; coterie,,
word_ja_男女,男女,men and women; man and woman; both sexes,,
word_ja_仲,仲,relation; relationship,,
word_ja_最中,最中,(in) the middle of; (in) the midst of; (in) the course of,,
word_ja_交渉,交渉,negotiations; discussions; connection,,
word_ja_内部,内部,interior; inside; internal,,
word_ja_波,波,wave; ups and downs,,
word_ja_実家,実家,(one's parents') home,,
word_ja_説得,説得,persuasion,,
word_ja_会場,会場,assembly hall; meeting place; venue,,
word_ja_ある程度,ある程度,to some extent; to a certain extent,,
word_ja_結論,結論,conclusion,,
word_ja_被害,被害,(suffering) damage; injury; harm,,
word_ja_逃がす,逃がす,to set free; to let go; to release,,
word_ja_素早い,素早い,quick; swift; nimble,,
word_ja_間もない,間もない,after (practically) no time; immediately after; just,,
word_ja_とっくに,とっくに,long ago; already; a long time ago,,
word_ja_書類,書類,document; official papers,,
word_ja_必要ない,必要ない,unnecessary; not needed; not necessary,,
word_ja_共に,共に,together; jointly; at the same time,,
word_ja_半ば,半ば,middle; halfway; midway,,
word_ja_何もかも,何もかも,anything and everything; just about everything,,
word_ja_浴びる,浴びる,to dash over oneself (e.g. water); to take (e.g. shower); to bask in (e.g. the sun),,
word_ja_望み,望み,wish; desire; hope,,
word_ja_生える,生える,to grow; to spring up; to sprout,,
word_ja_導く,導く,to guide; to lead; to show the way,,
word_ja_個人,個人,individual; private person; personal,,
word_ja_代表,代表,representative; representation; delegation,,
word_ja_放っておく,放っておく,to leave alone; to leave as is; to ignore,,
word_ja_治療,治療,(medical) treatment; care; therapy,,
word_ja_直前,直前,just before,,
word_ja_悟る,悟る,to perceive; to sense; to discern,,
word_ja_操作,操作,operation; management; handling,,
word_ja_ほっと,ほっと,with a feeling of relief; with a sigh of relief; deeply (sigh),,
word_ja_岩,岩,rock; boulder; crag,,
word_ja_やる気,やる気,willingness (e.g. to do something); eagerness; motivation,,
word_ja_単に,単に,simply; merely; only,,
word_ja_感想,感想,impressions; thoughts; feelings,,
word_ja_割れる,割れる,to break; to be smashed; to split,,
word_ja_ものすごい,ものすごい,terrific; staggering; tremendous,,
word_ja_狂う,狂う,to go mad; to lose one's mind; to go crazy,,
word_ja_下ろす,下ろす,"to take down; to bring down; to lower (a hand, flag, shutter, etc.)",,
word_ja_礼,礼,thanks; gratitude; manners,,
word_ja_積む,積む,"to pile up; to stack; to load (car, ship, etc.)",,
word_ja_生み出す,生み出す,to create; to bring forth; to produce,,
word_ja_容赦,容赦,pardon; forgiveness; tolerance,,
word_ja_お客さん,お客さん,guest; visitor; customer,,
word_ja_あっという間に,あっという間に,just like that; in the twinkling of an eye; in the blink of an eye,,
word_ja_整う,整う,to be ready; to be prepared; to be arranged,,
word_ja_稼ぐ,稼ぐ,"to earn (income); to make (money); to score (points, victory)",,
word_ja_親しい,親しい,close (e.g. friend); familiar; friendly,,
word_ja_映像,映像,image (on a screen); picture (e.g. on a TV); video,,
word_ja_会議,会議,meeting; conference; session,,
word_ja_持っていく,持っていく,to take; to carry (something) away; to bear,,
word_ja_去年,去年,last year,,
word_ja_夢中,夢中,absorbed in; immersed in; crazy about,,
word_ja_反省,反省,reflection; reconsideration; introspection,,
word_ja_よほど,よほど,very; greatly; much,,
word_ja_捉える,捉える,to catch; to capture; to seize,,
word_ja_接する,接する,to touch; to come in contact with; to border on,,
word_ja_資料,資料,materials; data; document,,
word_ja_正面,正面,front; frontage; facade,,
word_ja_この間,この間,the other day; lately; recently,,
word_ja_厄介,厄介,trouble; burden; nuisance,,
word_ja_預かる,預かる,to look after; to take care of; to keep,,
word_ja_増やす,増やす,to increase; to add to; to augment,,
word_ja_時計,時計,clock; watch; timepiece,,
word_ja_鳴らす,鳴らす,to ring; to sound; to chime,,
word_ja_煙,煙,smoke; fumes,,
word_ja_交わす,交わす,"to exchange (messages, greetings, arguments, etc.); to intersect; to cross",,
word_ja_達する,達する,to reach; to get to; to arrive at,,
word_ja_どうにも,どうにも,(not) in any way; in no way; at all,,
word_ja_歯,歯,tooth,,
word_ja_休み,休み,rest; recess; respite,,
word_ja_移す,移す,to change; to swap; to substitute,,
word_ja_誓う,誓う,to swear; to vow; to take an oath,,
word_ja_おいで,おいで,coming; going; being (somewhere),,
word_ja_つながる,つながる,to be tied together; to be connected to; to be linked to,,
word_ja_久しぶりに,久しぶりに,after a long time; for the first time in a while,,
word_ja_休憩,休憩,rest; break; recess,,
word_ja_重なる,重なる,to be piled up; to lie on top of one another; to come one after another,,
word_ja_異なる,異なる,to differ; to vary; to disagree,,
word_ja_段階,段階,grade; level; stage,,
word_ja_逃れる,逃れる,to escape,,
word_ja_もういい,もういい,skip it; drop it; I've had enough (e.g. when offered something),,
word_ja_もと,もと,"under (guidance, supervision, rules, the law, etc.); under (a flag, the sun, etc.); beneath",,
word_ja_登場,登場,entry (on stage); appearance (on screen); entrance,,
word_ja_伏せる,伏せる,to turn over (face down); to lay face down; to lay upside down,,
word_ja_周辺,周辺,circumference; outskirts; environs,,
word_ja_目を覚ます,目を覚ます,to wake up; to sober up; to come to one's senses,,
word_ja_人数,人数,the number of people; many people; a large number of people,,
word_ja_移る,移る,to move (house); to transfer (department); to change the target of interest or concern,,
word_ja_落ち込む,落ち込む,to feel down; to feel sad; to be depressed,,
word_ja_気にしない,気にしない,not caring; not giving a damn,,
word_ja_設定,設定,establishment; creation; posing (a problem),,
word_ja_一回,一回,once; one time; one round,,
word_ja_辞める,辞める,to resign; to retire; to quit,,
word_ja_侵入,侵入,invasion; incursion; raid,,
word_ja_世間,世間,world; society; people,,
word_ja_仕方,仕方,way; method; means,,
word_ja_居場所,居場所,whereabouts; place; location,,
word_ja_互いに,互いに,mutually; with each other; reciprocally,,
word_ja_盛り上がる,盛り上がる,to swell; to rise; to bulge,,
word_ja_発,発,departure; departing (from ...); departing (at time ...),,
word_ja_都合,都合,circumstances; condition; convenience,,
word_ja_だんだん,だんだん,gradually; by degrees; little by little,,
word_ja_んな,んな,"such (about the actions of the listener, or about ideas expressed or understood by the listener); like that; that sort of",,
word_ja_盗む,盗む,to steal,,
word_ja_お世話になる,お世話になる,to be much obliged (to someone); to receive favor (favour); to be indebted,,
word_ja_処理,処理,processing; dealing with; treatment,,
word_ja_絡む,絡む,to entangle; to entwine; to pick a quarrel,,
word_ja_号,号,number; edition; make,,
word_ja_内側,内側,inside; interior; inner part,,
word_ja_もう一人,もう一人,another (person); the other person; one more (person),,
word_ja_無意識,無意識,unconsciousness; unconscious; involuntary,,
word_ja_湧く,湧く,to well (up); to gush forth (of water); to spring out,,
word_ja_年間,年間,(period of) a year; during an era,,
word_ja_奇跡,奇跡,miracle; wonder; marvel,,
word_ja_こりゃ,こりゃ,hey there; I say; see here,,
word_ja_治る,治る,to get better; to get well; to recover (from an illness),,
word_ja_医者,医者,(medical) doctor; physician,,
word_ja_手に入る,手に入る,to obtain; to come into possession of; to get hold of,,
word_ja_強力,強力,powerful; strong,,
word_ja_一時,一時,one o'clock; once; at one time,,
word_ja_一週間,一週間,one week,,
word_ja_接触,接触,touch; contact,,
word_ja_屋根,屋根,roof,,
word_ja_自分自身,自分自身,oneself; myself,,
word_ja_各,各,each; every; all,,
word_ja_個,個,counter for articles; counter for military units; individual,,
word_ja_同意,同意,agreement; consent; approval,,
word_ja_角,角,corner; edge; (street) corner,,
word_ja_覚え,覚え,memory; sense; experience,,
word_ja_実感,実感,real feeling; actual feeling; to actually feel,,
word_ja_公園,公園,(public) park,,
word_ja_無,無,nothing; naught; nought,,
word_ja_かつ,かつ,and; moreover; besides,,
word_ja_計算,計算,calculation; reckoning; count,,
word_ja_大声,大声,loud voice,,
word_ja_乱暴,乱暴,violence; assault; running riot,,
word_ja_荒い,荒い,rough; wild; violent,,
word_ja_基本,基本,basics; fundamentals; basis,,
word_ja_世,世,world; society; public,,
word_ja_縁,縁,fate; destiny (esp. as a mysterious force that binds two people together); relationship (e.g. between two people),,
word_ja_なるべく,なるべく,as (much) as possible; as (much) as one can; wherever practicable,,
word_ja_詰まる,詰まる,"to be packed (with); to be full (space, schedule, etc.); to be blocked (road, pipe, nose, etc.)",,
word_ja_三日,三日,third day of the month; three days,,
word_ja_加わる,加わる,to be added to; to be appended; to join in (e.g. a group of friends),,
word_ja_さっぱり,さっぱり,feeling refreshed; feeling relieved; neat,,
word_ja_縛る,縛る,to tie; to bind; to fasten,,
word_ja_何年,何年,how many years; how long; what year,,
word_ja_強化,強化,strengthening; intensifying; reinforcement,,
word_ja_データ,データ,data; datum,,
word_ja_謝罪,謝罪,apology,,
word_ja_いちいち,いちいち,one-by-one; separately; every single,,
word_ja_登る,登る,to ascend; to go up; to climb,,
word_ja_一斉に,一斉に,simultaneously; all at once; in unison,,
word_ja_ぜひ,ぜひ,certainly; without fail; right and wrong,,
word_ja_材料,材料,"ingredients; material; material (for a novel, experiment, etc.)",,
word_ja_しようとする,しようとする,to try and do something; to attempt to do something,,
word_ja_ちょうだい,ちょうだい,receiving; reception; getting,,
word_ja_掲げる,掲げる,"to put up (a notice, sign, etc.); to hang out (e.g. a banner); to fly (e.g. a flag)",,
word_ja_常識,常識,common sense; good sense; common knowledge,,
word_ja_権利,権利,right; privilege,,
word_ja_昼間,昼間,daytime; during the day; time from sunrise until sunset,,
word_ja_合図,合図,sign; signal; cue,,
word_ja_飾る,飾る,to decorate; to ornament; to adorn,,
word_ja_ホテル,ホテル,hotel,,
word_ja_誰でも,誰でも,anyone; anybody; everyone,,
word_ja_両,両,"both (hands, parents, sides, etc.); counter for carriages (e.g. in a train); counter for vehicles",,
word_ja_意図,意図,intention; aim; design,,
word_ja_一生懸命,一生懸命,very hard; with utmost effort; with all one's might,,
word_ja_つまらない,つまらない,dull; uninteresting; boring,,
word_ja_溶ける,溶ける,to melt; to thaw; to fuse,,
word_ja_運動,運動,exercise; physical training; work-out,,
word_ja_見逃す,見逃す,to miss; to overlook; to fail to notice,,
word_ja_もたらす,もたらす,to bring; to take; to bring about,,
word_ja_負う,負う,to bear; to carry on one's back; to take responsibility for,,
word_ja_正式,正式,due form; official; formality,,
word_ja_どうかした,どうかした,is something wrong?; what's wrong?; what's the matter?,,
word_ja_実,実,truth; reality; sincerity,,
word_ja_何人,何人,how many people; a number of people,,
word_ja_とうとう,とうとう,finally; at last; ultimately,,
word_ja_市,市,city,,
word_ja_いくつも,いくつも,many; much; plenty,,
word_ja_以下,以下,not exceeding; and downward; ... and below,,
word_ja_貴重,貴重,precious; valuable,,
word_ja_放す,放す,to release; to let go; to free,,
word_ja_通常,通常,usual; ordinary; normal,,
word_ja_禁止,禁止,prohibition; inhibition; ban,,
word_ja_実験,実験,experiment,,
word_ja_約,約,approximately; about; promise,,
word_ja_してやる,してやる,to do for (someone); to take in; to deceive,,
word_ja_晴れる,晴れる,to clear up; to clear away; to be sunny,,
word_ja_遊び,遊び,"playing; play (margin between on and off, gap before pressing button or lever has an effect)",,
word_ja_連続,連続,continuation; succession; series,,
word_ja_狙い,狙い,aim,,
word_ja_ページ,ページ,page,,
word_ja_くだる,くだる,to descend; to go down; to come down,,
word_ja_力強い,力強い,powerful; strong; forceful,,
word_ja_注文,注文,order (for an item); request; demand,,
word_ja_どこにも,どこにも,nowhere (with neg. verb); not anywhere; everywhere,,
word_ja_倍,倍,twice; double; times,,
word_ja_野,野,plain; field; hidden (structural) member,,
word_ja_乗り込む,乗り込む,to board; to embark on; to get into (a car),,
word_ja_というと,というと,when it comes to ...; if one were to speak of ...; when one hears ...,,
word_ja_同情,同情,sympathy; compassion; pity,,
word_ja_楽しみにする,楽しみにする,to look forward to something,,
word_ja_こなす,こなす,to digest; to break down; to break to pieces,,
word_ja_秋,秋,autumn; fall,,
word_ja_尊敬,尊敬,respect; esteem; reverence,,
word_ja_復活,復活,revival (e.g. musical); come-back; restoration,,
word_ja_上手,上手,skillful; skilled; proficient,,
word_ja_ごく,ごく,quite; very; 10^48,,
word_ja_解ける,解ける,to be solved; to be resolved; to loosen,,
word_ja_おとなしい,おとなしい,obedient; docile; quiet,,
word_ja_手足,手足,hands and feet; limbs; person at one's beck and call,,
word_ja_野菜,野菜,vegetable,,
word_ja_尽くす,尽くす,to exhaust; to run out; to devote,,
word_ja_整理,整理,sorting; arrangement; organization,,
word_ja_日常,日常,everyday; daily; ordinary,,
word_ja_好み,好み,liking; taste; choice,,
word_ja_どこまでも,どこまでも,anywhere; for all time; to the ends of the earth,,
word_ja_汚れる,汚れる,to get dirty; to become dirty; to become sullied,,
word_ja_泊まる,泊まる,to stay at (e.g. hotel); to be docked; to be berthed,,
word_ja_放置,放置,leaving as is; leaving alone; leaving to chance,,
word_ja_対策,対策,measure; step; countermeasure,,
word_ja_食べ物,食べ物,food,,
word_ja_いかに,いかに,how; in what way; how (much),,
word_ja_ごとに,ごとに,one by one; each; every,,
word_ja_そっくり,そっくり,all; altogether; entirely,,
word_ja_複数,複数,plural; multiple; several,,
word_ja_浅い,浅い,shallow; superficial; slight (wound),,
word_ja_若者,若者,young man; young woman; young people,,
word_ja_呼びかける,呼びかける,to call out to; to hail; to address,,
word_ja_嫉妬,嫉妬,jealousy; envy,,
word_ja_眠い,眠い,sleepy; drowsy; somnolent,,
word_ja_拭く,拭く,to wipe; to dry,,
word_ja_理想,理想,ideal; ideals,,
word_ja_手前,手前,before oneself; in front of one; nearby,,
word_ja_優先,優先,preference; priority; precedence,,
word_ja_づらい,づらい,difficult to ...; hard to ...,,
word_ja_活躍,活躍,activity (esp. energetic); great efforts; conspicuous service,,
word_ja_発揮,発揮,"show (of power, ability, etc.); exhibition; demonstration",,
word_ja_半年,半年,half a year; six months,,
word_ja_のんびり,のんびり,at leisure; in a relaxed manner; in a carefree manner,,
word_ja_話し合う,話し合う,to discuss; to talk together,,
word_ja_交換,交換,exchange; interchange; switching,,
word_ja_いったん,いったん,once; for a short time; briefly,,
word_ja_痛む,痛む,to hurt; to ache; to feel a pain,,
word_ja_向き合う,向き合う,to be opposite; to face each other; to confront (an issue),,
word_ja_近寄る,近寄る,to approach; to draw near,,
word_ja_開発,開発,development; exploitation,,
word_ja_逆らう,逆らう,to go against; to oppose; to disobey,,
word_ja_拍手,拍手,clapping hands; applause,,
word_ja_柱,柱,pillar; post; support,,
word_ja_種,種,cause; seed; origin,,
word_ja_がたい,がたい,difficult to ...; hard to ...,,
word_ja_単なる,単なる,mere; simple; sheer,,
word_ja_気味,気味,sensation; feeling; tendency,,
word_ja_犠牲,犠牲,sacrifice; victim; scapegoat,,
word_ja_どおり,どおり,in accordance with; following; roughly,,
word_ja_訪ねる,訪ねる,to visit; to call on; to pay a visit to,,
word_ja_引き受ける,引き受ける,to take on; to undertake; to accept,,
word_ja_詰める,詰める,to stuff into; to jam; to cram,,
word_ja_資格,資格,qualifications; requirements; capabilities,,
word_ja_チェック,チェック,check; plaid; checkered,,
word_ja_ある日,ある日,one day; (on) a certain day,,
word_ja_玉,玉,ball; sphere; globe,,
word_ja_愚か,愚か,foolish; stupid,,
word_ja_せいぜい,せいぜい,at the most; at best; to the utmost,,
word_ja_癖,癖,"habit (often a bad habit, i.e. vice); tendency; peculiarity",,
word_ja_散る,散る,"to fall (e.g. blossoms, leaves); to scatter; to be dispersed",,
word_ja_維持,維持,maintenance; preservation; improvement,,
word_ja_よっぽど,よっぽど,very; greatly; much,,
word_ja_案外,案外,unexpectedly; surprisingly; unexpected,,
word_ja_散歩,散歩,walk; stroll,,
word_ja_注目,注目,notice; attention; observation,,
word_ja_お互いに,お互いに,mutually; with each other; reciprocally,,
word_ja_時間がかかる,時間がかかる,to take time,,
word_ja_今のところ,今のところ,at present; currently; so far,,
word_ja_両方,両方,both; both sides; both parties,,
word_ja_便利,便利,convenient; handy; useful,,
word_ja_かねない,かねない,quite capable of ...; could happen; not unlikely to,,
word_ja_代わる,代わる,to succeed; to relieve; to replace,,
word_ja_不自然,不自然,unnatural; artificial; affected,,
word_ja_どのよう,どのよう,what sort; what kind,,
word_ja_転ぶ,転ぶ,to fall down; to fall over; to turn out,,
word_ja_恨む,恨む,to bear a grudge against; to resent; to blame,,
word_ja_一般,一般,general; universal; ordinary,,
word_ja_乱れる,乱れる,to be disordered; to be disarranged; to be disarrayed,,
word_ja_前後,前後,front and rear; front and back; before and behind,,
word_ja_までもない,までもない,doesn't amount to doing (something); not significant enough to require (something); unnecessary,,
word_ja_生じる,生じる,to produce; to yield; to cause,,
word_ja_伺う,伺う,to ask; to inquire; to hear,,
word_ja_聞かす,聞かす,to let (someone) hear; to tell (e.g. a story); to inform (of),,
word_ja_以降,以降,on and after; as from; hereafter,,
word_ja_引きずる,引きずる,to drag along; to pull; to force someone along,,
word_ja_びっくりした,びっくりした,oh my god!; oh my gosh!; you got me!,,
word_ja_兄弟,兄弟,siblings; brothers and sisters; brothers,,
word_ja_体験,体験,(practical) experience; personal experience; hands-on experience,,
word_ja_ものになる,ものになる,to prove successful; to take hold; to amount to something,,
word_ja_自宅,自宅,one's home; one's house,,
word_ja_強烈,強烈,strong; intense; severe,,
word_ja_なさそう,なさそう,does not seem; unlikely; improbable,,
word_ja_電車,電車,train; electric train,,
word_ja_所属,所属,"belonging to (a group, organization, etc.); affiliation (with); being attached to",,
word_ja_今では,今では,now; nowadays,,
word_ja_たび,たび,"time (three times, each time, etc.); times",,
word_ja_応じる,応じる,to respond; to satisfy; to accept,,
word_ja_陥る,陥る,"to fall into (e.g. a hole); to fall into (chaos, depression, dilemma, illness, etc.); to fall into (a trap, etc.)",,
word_ja_始末,始末,management; dealing with; settlement,,
word_ja_乾く,乾く,to get dry,,
word_ja_真ん中,真ん中,middle; centre; center,,
word_ja_ポイント,ポイント,point; points (of a railway); switch,,
word_ja_旅行,旅行,travel; trip; journey,,
word_ja_退屈,退屈,tedium; boredom; dullness,,
word_ja_指す,指す,to point; to nominate; to select someone,,
word_ja_除く,除く,to remove; to eliminate; to eradicate,,
word_ja_生命,生命,life; existence; (one's) working life,,
word_ja_手伝い,手伝い,helper; assistant; help,,
word_ja_飽きる,飽きる,to get tired of; to lose interest in; to be fed up with,,
word_ja_かぶる,かぶる,to put on (one's head); to wear; to have on,,
word_ja_魅力,魅力,charm; fascination; glamour,,
word_ja_乗り越える,乗り越える,to climb over; to get over; to ride across,,
word_ja_役割,役割,part; assigning (allotment of) parts; role,,
word_ja_飯,飯,cooked rice; meal; food,,
word_ja_犯す,犯す,to commit (e.g. crime); to perpetrate; to make (e.g. mistake),,
word_ja_葉,葉,leaf; blade (of grass); (pine) needle,,
word_ja_持ち主,持ち主,"owner; proprietor; possessor (e.g. of talent, beauty, etc.)",,
word_ja_根,根,"root (of a plant); root (of a tooth, hair, etc.); center (of a pimple, etc.)",,
word_ja_きっかけ,きっかけ,chance; start; cue,,
word_ja_苦痛,苦痛,pain; agony; bitterness,,
word_ja_悲しみ,悲しみ,sadness; sorrow; grief,,
word_ja_丸,丸,circle; entirety; whole,,
word_ja_これら,これら,these,,
word_ja_方々,方々,people; (all) persons; everyone,,
word_ja_もったいない,もったいない,wasteful; a waste; too good,,
word_ja_疑い,疑い,doubt; question; uncertainty,,
word_ja_危機,危機,crisis; critical situation; emergency,,
word_ja_選択肢,選択肢,choices; alternatives; options,,
word_ja_特徴,特徴,feature; trait; characteristic,,
word_ja_汚い,汚い,dirty; filthy; foul,,
word_ja_停止,停止,stoppage; coming to a stop; halt,,
word_ja_くっつく,くっつく,to adhere to; to stick to; to cling to,,
word_ja_伴う,伴う,to accompany; to go hand in hand with; to be consequent upon,,
word_ja_変更,変更,change; modification; alteration,,
word_ja_数える,数える,to count; to enumerate,,
word_ja_ゼロ,ゼロ,zero; nought; nil,,
word_ja_等,等,class; order; rank,,
word_ja_勘弁,勘弁,pardon; forgiveness; forbearance,,
word_ja_事前,事前,prior; beforehand; in advance,,
word_ja_いっそ,いっそ,rather; sooner; preferably,,
word_ja_証,証,proof; evidence; sign,,
word_ja_跡,跡,trace; tracks; mark,,
word_ja_実行,実行,execution (e.g. of a plan); carrying out; practice,,
word_ja_抜け出す,抜け出す,to slip out; to sneak away; to break free,,
word_ja_相手にする,相手にする,to keep company; to listen to; to associate with,,
word_ja_次第に,次第に,gradually (progress into a state); in sequence; in order,,
word_ja_勝ち,勝ち,win; victory,,
word_ja_化,化,action of making something; -ification,,
word_ja_対,対,opposite; opposition; versus,,
word_ja_一方的,一方的,one-sided; unilateral; arbitrary,,
word_ja_酔う,酔う,to get drunk; to become intoxicated; to feel sick (e.g. in a vehicle),,
word_ja_商品,商品,commodity; article of commerce; goods,,
word_ja_上下,上下,top and bottom; high and low; above and below,,
word_ja_惜しい,惜しい,regrettable; disappointing; unfortunate,,
word_ja_おめでとう,おめでとう,congratulations!; well done!; best wishes!,,
word_ja_初,初,first; new,,
word_ja_順調,順調,favourable; favorable; doing well,,
word_ja_優れる,優れる,to surpass; to outstrip; to excel,,
word_ja_誇る,誇る,to boast of; to be proud of; to take pride in,,
word_ja_調整,調整,adjustment; regulation; coordination,,
word_ja_対処,対処,dealing with; coping with,,
word_ja_夢を見る,夢を見る,to dream (i.e. while asleep); to have a dream; to dream (of the future),,
word_ja_二度,二度,two times; twice; two degrees,,
word_ja_困難,困難,difficulty; hardship; trouble,,
word_ja_グループ,グループ,group (usu. of people),,
word_ja_バランス,バランス,balance,,
word_ja_追加,追加,addition; supplement; appending,,
word_ja_割る,割る,to divide; to cut; to halve,,
word_ja_雇う,雇う,to employ; to hire; to charter,,
word_ja_愛情,愛情,love; affection,,
word_ja_がち,がち,apt to (do); liable to; prone to,,
word_ja_服装,服装,garments; attire,,
word_ja_スピード,スピード,speed,,
word_ja_主に,主に,mainly; primarily,,
word_ja_べく,べく,in order to; for the purpose of; must,,
word_ja_豊か,豊か,abundant; wealthy; plentiful,,
word_ja_悩み,悩み,trouble; troubles; worry,,
word_ja_棚,棚,shelf; ledge; rack,,
word_ja_感じがする,感じがする,to have a feeling (that); to have a sensation (that),,
word_ja_この手,この手,this way (of doing); this method; this sort (of thing),,
word_ja_保証,保証,guarantee; security; assurance,,
word_ja_設置,設置,establishment; institution; installation (of a machine or equipment),,
word_ja_近所,近所,neighbourhood; neighborhood,,
word_ja_再開,再開,reopening; resumption; restarting,,
word_ja_ぴったり,ぴったり,tightly; closely; exactly,,
word_ja_疲れ,疲れ,tiredness; fatigue,,
word_ja_体調,体調,physical condition; state of health,,
word_ja_かなう,かなう,"to come true (of a wish, prayer, etc.); to be realized; to be fulfilled",,
word_ja_対する,対する,"to face (each other); to be facing; to be directed toward (the future, etc.)",,
word_ja_容易,容易,easy; simple; plain,,
word_ja_できるだけ,できるだけ,as much as one can; as much as possible; if at all possible,,
word_ja_頭から,頭から,from the beginning; without hesitation; flatly (e.g. refusing),,
word_ja_用いる,用いる,to use; to make use of; to utilize,,
word_ja_付近,付近,neighborhood; vicinity; environs,,
word_ja_筋,筋,muscle; tendon; sinew,,
word_ja_数字,数字,numeral; figure; digit,,
word_ja_務める,務める,to work (for); to be employed (at); to serve (in),,
word_ja_追い出す,追い出す,to expel; to drive out,,
word_ja_施す,施す,"to give (time, money, goods); to donate; to do",,
word_ja_叱る,叱る,to scold; to chide; to rebuke,,
word_ja_にしておく,にしておく,to leave as; to view as; to maintain the status quo,,
word_ja_要素,要素,component; factor; item (e.g. in list),,
word_ja_安定,安定,stability; steadiness; equilibrium,,
word_ja_およそ,およそ,about; roughly; approximately,,
word_ja_アメリカ,アメリカ,America; United States of America,,
word_ja_場面,場面,scene; setting; place (where something happens),,
word_ja_一種,一種,species; kind; variety,,
word_ja_季節,季節,season; time of year,,
word_ja_こもる,こもる,to shut oneself in (e.g. one's room); to be confined in; to seclude oneself,,
word_ja_添える,添える,to garnish; to accompany (as a card does a gift); to add to as support,,
word_ja_にもかかわらず,にもかかわらず,in spite of; nevertheless; although,,
word_ja_風景,風景,scenery; scene; landscape,,
word_ja_かねる,かねる,"to be unable to; to find difficult (unpleasant, awkward, painful) to do; to serve two or more functions or roles simultaneously",,
word_ja_しつこい,しつこい,insistent; obstinate; persistent,,
word_ja_新聞,新聞,newspaper,,
word_ja_不明,不明,unclear; obscure; indistinct,,
word_ja_今頃,今頃,about this time,,
word_ja_かわいそう,かわいそう,poor; pitiable; pathetic,,
word_ja_憎む,憎む,to hate; to detest,,
word_ja_積極的,積極的,positive; assertive; active,,
word_ja_前回,前回,previous time; last time; previous installment,,
word_ja_真の,真の,true; real; genuine,,
word_ja_成果,成果,(good) result; outcome; fruits (of one's labors),,
word_ja_収める,収める,to dedicate; to make an offering; to pay (fees),,
word_ja_必要とする,必要とする,to need; to call for; to require,,
word_ja_保護,保護,protection; safeguard; guardianship,,
word_ja_成立,成立,formation; establishment; materialization,,
word_ja_日本人,日本人,Japanese person; Japanese people,,
word_ja_下す,下す,to make a decision; to draw a conclusion; to give a judgement,,
word_ja_申し上げる,申し上げる,to say; to tell; to state,,
word_ja_評判,評判,fame; reputation; popularity,,
word_ja_一面,一面,one face; one surface; the whole surface,,
word_ja_関係者,関係者,person concerned; people involved (in an event); those concerned,,
word_ja_ふさわしい,ふさわしい,appropriate; adequate; suitable,,
word_ja_個人的,個人的,personal; individual; private,,
word_ja_生かす,生かす,"to make (the best) use of; to put to good use; to leverage (skills, attributes, experience, etc.)",,
word_ja_入り込む,入り込む,to go into; to come into; to penetrate,,
word_ja_年上,年上,older; senior,,
word_ja_最終的,最終的,final; eventual; ultimate,,
word_ja_拒否,拒否,refusal; rejection; denial,,
word_ja_セット,セット,set; set meal; combo-meal,,
word_ja_家庭,家庭,home; family; household,,
word_ja_明確,明確,clear; precise; definite,,
word_ja_特定,特定,specific; particular; designated,,
word_ja_出てくる,出てくる,to come out; to appear; to turn up,,
word_ja_はるか,はるか,far; far away; distant,,
word_ja_決断,決断,decision; determination,,
word_ja_欠ける,欠ける,to be chipped; to be damaged; to be broken,,
word_ja_地位,地位,(social) position; status,,
word_ja_想定,想定,hypothesis; supposition; assumption,,
word_ja_歓迎,歓迎,welcome; reception,,
word_ja_曲がる,曲がる,to bend; to curve; to warp,,
word_ja_表面,表面,surface; face; outside,,
word_ja_不足,不足,insufficiency; deficiency; shortage,,
word_ja_近づける,近づける,to bring near; to bring close; to let go near,,
word_ja_提供,提供,offer; tender; providing,,
word_ja_経過,経過,passage (of time); elapsing; lapse,,
word_ja_熱心,熱心,zealous; enthusiastic; ardent,,
word_ja_出入り,出入り,going in and out; entering and exiting; visiting regularly,,
word_ja_処分,処分,disposal; throwing away; selling off,,
word_ja_載る,載る,to be placed on; to be set on; to be piled on,,
word_ja_規模,規模,scale; scope; plan,,
word_ja_意味がある,意味がある,to have meaning; to be meaningful,,
word_ja_詳細,詳細,details; particulars; specifics,,
word_ja_何回,何回,how many times?,,
word_ja_地域,地域,area; region,,
word_ja_好む,好む,to like; to prefer,,
word_ja_悲しむ,悲しむ,to be sad; to mourn for; to regret,,
word_ja_よす,よす,to cease; to desist; to cut it out,,
word_ja_始まり,始まり,origin; beginning,,
word_ja_親子,親子,parent and child,,
word_ja_皮,皮,skin; hide; pelt,,
word_ja_備える,備える,to furnish with; to equip with; to provide,,
word_ja_持ち込む,持ち込む,to take something into ...; to bring in; to carry in,,
word_ja_成績,成績,results; record; grades,,
word_ja_指定,指定,designation; specification; assignment,,
word_ja_頼み,頼み,request; favor; favour,,
word_ja_一見,一見,look; glimpse; glance,,
word_ja_固める,固める,to harden; to freeze; to strengthen,,
word_ja_地方,地方,district; region; area,,
word_ja_世界中,世界中,around the world; throughout the world,,
word_ja_念のため,念のため,(just) making sure; just to be sure; just in case,,
word_ja_大事にする,大事にする,to take good care of; to treasure; to value,,
word_ja_義務,義務,duty; obligation; responsibility,,
word_ja_世話,世話,looking after; help; aid,,
word_ja_肝心,肝心,essential; important; crucial,,
word_ja_見に行く,見に行く,"to go to see (something, someone); to visit",,
word_ja_塗る,塗る,to paint; to plaster; to lacquer,,
word_ja_うっかり,うっかり,carelessly; thoughtlessly; inadvertently,,
word_ja_対抗,対抗,opposition; rivalry; competition,,
word_ja_本格的,本格的,genuine; real; regular,,
word_ja_身につける,身につける,to learn; to acquire knowledge; to carry,,
word_ja_模様,模様,pattern; figure; design,,
word_ja_おしまい,おしまい,the end; closing; being done for,,
word_ja_発展,発展,development; growth; expansion,,
word_ja_キロ,キロ,kilo-; 1000; kilogram,,
word_ja_記す,記す,to write down; to note; to jot down,,
word_ja_作り,作り,making; producing; manufacturing,,
word_ja_ところから,ところから,from the place (where); from the fact that ...; caused by the fact that ...,,
word_ja_性質,性質,nature; property; disposition,,
word_ja_どうしたらいい,どうしたらいい,what's the best thing to do?,,
word_ja_慰める,慰める,to comfort; to console; to amuse,,
word_ja_いざ,いざ,now; come (now); well,,
word_ja_分かれる,分かれる,to branch; to fork; to diverge,,
word_ja_代わり,代わり,substitute; replacement; substituting,,
word_ja_出会い,出会い,meeting; rendezvous; encounter,,
word_ja_座,座,seat; place; position,,
word_ja_入り,入り,entering; setting (of the Sun); containing,,
word_ja_出身,出身,"person's origin (e.g. city, country, parentage, school)",,
word_ja_案,案,idea; plan; proposal,,
word_ja_当初,当初,beginning; start; outset,,
word_ja_実現,実現,implementation (e.g. of a system); materialization; materialisation,,
word_ja_文化,文化,culture; civilization; civilisation,,
word_ja_変わり,変わり,change; alteration; difference,,
word_ja_一定,一定,fixed; settled; constant,,
word_ja_目に見える,目に見える,to be visible; to be clear; to be evident,,
word_ja_したる,したる,to do (for someone),,
word_ja_教わる,教わる,to be taught; to learn; to take lessons in,,
word_ja_引き出す,引き出す,to pull out; to take out; to draw out,,
word_ja_かえって,かえって,on the contrary; rather; all the more,,
word_ja_指導,指導,guidance; leadership; instruction,,
word_ja_深刻,深刻,serious; severe; grave,,
word_ja_一般的,一般的,general; popular; common,,
word_ja_表す,表す,to represent; to signify; to stand for,,
word_ja_期間,期間,period; term; interval,,
word_ja_じっくり,じっくり,deliberately; carefully; thoroughly,,
word_ja_築く,築く,to build; to construct; to erect,,
word_ja_精神的,精神的,mental; spiritual; emotional,,
word_ja_逃す,逃す,to miss (e.g. a chance); to lose; to let get away,,
word_ja_極めて,極めて,exceedingly; extremely; decisively,,
word_ja_焼ける,焼ける,to burn; to be roasted; to be heated,,
word_ja_敷く,敷く,to spread out; to lay out; to take a position,,
word_ja_負担,負担,burden; load; responsibility,,
word_ja_方針,方針,policy; course; plan (of action),,
word_ja_小学校,小学校,primary school; elementary school; grade school,,
word_ja_争い,争い,dispute; strife; quarrel,,
word_ja_争う,争う,to compete; to contest; to contend,,
word_ja_賛成,賛成,approval; agreement; support,,
word_ja_経る,経る,to pass; to elapse; to go by,,
word_ja_姿を見せる,姿を見せる,to show up; to appear; to turn up,,
word_ja_取り上げる,取り上げる,to pick up; to adopt (e.g. a proposal); to accept,,
word_ja_というものは,というものは,that is to say; so that means,,
word_ja_尽きる,尽きる,to be used up; to be run out; to be exhausted,,
word_ja_新鮮,新鮮,fresh,,
word_ja_思い切る,思い切る,to give up all thoughts of; to abandon; to despair of,,
word_ja_持ち出す,持ち出す,to take out; to carry out; to bring out from where it belongs,,
word_ja_重大,重大,serious; important; significant,,
word_ja_共有,共有,joint ownership; co-ownership; sharing (e.g. a viewpoint),,
word_ja_勧める,勧める,to recommend (someone to do); to advise; to encourage,,
word_ja_いいところ,いいところ,good thing; strong point; good family,,
word_ja_暮らし,暮らし,life; living; livelihood,,
word_ja_大切にする,大切にする,to cherish; to treasure; to prize,,
word_ja_抗議,抗議,protest; objection,,
word_ja_割,割,rate; ratio; proportion,,
word_ja_解釈,解釈,explanation; interpretation,,
word_ja_夜中,夜中,middle of the night; dead of night,,
word_ja_一致,一致,coincidence; agreement; union,,
word_ja_健康,健康,health; healthy; sound,,
word_ja_大いに,大いに,very; much; greatly,,
word_ja_その他,その他,the rest; the others; in addition (to that),,
word_ja_にやっ,にやっ,smirkingly; broadly (grinning),,
word_ja_社,社,company; association; society,,
word_ja_苦しみ,苦しみ,pain; anguish; distress,,
word_ja_挑戦,挑戦,challenge; defiance; dare,,
word_ja_何十,何十,several tens,,
word_ja_建てる,建てる,to build; to construct,,
word_ja_高まる,高まる,to rise; to swell; to be promoted,,
word_ja_よく言う,よく言う,to say enough (as much as required); to say plenty; to say well,,
word_ja_毎年,毎年,every year; yearly; annually,,
word_ja_歩む,歩む,to walk; to go on foot; to tread (a figurative path),,
word_ja_根拠,根拠,basis; foundation; grounds,,
word_ja_よそ,よそ,another place; somewhere else; strange parts,,
word_ja_数々,数々,many; numerous; various,,
word_ja_午前,午前,morning; a.m.,,
word_ja_高める,高める,to raise; to lift; to boost,,
word_ja_余地,余地,place; room; margin,,
word_ja_来年,来年,next year,,
word_ja_足る,足る,to be sufficient; to be enough; to be worth doing,,
word_ja_利益,利益,profit; gains; benefit,,
word_ja_英語,英語,English (language),,
word_ja_最終,最終,last; final; closing,,
word_ja_中でも,中でも,among (other things); especially; particularly,,
word_ja_厚い,厚い,thick; deep; heavy,,
word_ja_改める,改める,to change; to alter; to revise,,
word_ja_ケース,ケース,"case (e.g. receptacle, condition, event, legal action, letter style, etc.); Computer-Aided Software Engineering; CASE",,
word_ja_悪くなる,悪くなる,to get worse; to deteriorate; to go from bad to worse,,
word_ja_習う,習う,to take lessons in; to be taught; to learn (from a teacher),,
word_ja_達成,達成,achievement; attainment; accomplishment,,
word_ja_前提,前提,condition; assumption; prerequisite,,
word_ja_帰す,帰す,to send (someone) back; to send (someone) home,,
word_ja_減らす,減らす,to abate; to decrease; to diminish,,
word_ja_つなぐ,つなぐ,to connect; to link together; to tie,,
word_ja_分析,分析,analysis,,
word_ja_役立つ,役立つ,to be useful; to be helpful; to serve the purpose,,
word_ja_一時的,一時的,temporary,,
word_ja_長年,長年,long time; many years,,
word_ja_よくある,よくある,to often be the case; to occur frequently; to be common,,
word_ja_生涯,生涯,life; lifetime; career,,
word_ja_大胆,大胆,bold; daring; audacious,,
word_ja_こうした,こうした,such,,
word_ja_こだわる,こだわる,to fuss over; to be particular about; to be obsessive about,,
word_ja_共通,共通,common; shared; mutual,,
word_ja_制限,制限,restriction; restraint; limitation,,
word_ja_質,質,quality; value; nature,,
word_ja_多数,多数,large number (of); many; majority,,
word_ja_定める,定める,to decide; to determine; to establish,,
word_ja_外出,外出,"going out; outing; leaving (one's home, office, etc.)",,
word_ja_徹底的,徹底的,thorough; exhaustive; complete,,
word_ja_比較的,比較的,comparatively; relatively,,
word_ja_実際は,実際は,in fact; as a matter of fact; actually,,
word_ja_まとまる,まとまる,to find resolution; to be settled; to be agreed on,,
word_ja_地元,地元,home area; home town; local,,
word_ja_恵まれる,恵まれる,to be blessed with; to be rich in; to abound in,,
word_ja_経営,経営,management; administration; operation,,
word_ja_中止,中止,suspension; stoppage; discontinuance,,
word_ja_検討,検討,consideration; examination; investigation,,
word_ja_働き,働き,work; labor; labour,,
word_ja_引き上げる,引き上げる,to pull up; to drag up; to lift up,,
word_ja_提出,提出,"presentation (of documents); submission (of an application, report, etc.); production (e.g. of evidence)",,
word_ja_非難,非難,criticism; blame; censure,,
word_ja_数年,数年,several years; a few years,,
word_ja_よくなる,よくなる,to become better; to improve,,
word_ja_強める,強める,to strengthen; to emphasize; to emphasise,,
word_ja_専門,専門,speciality; specialty; subject of study,,
word_ja_海外,海外,foreign; abroad; overseas,,
word_ja_向け,向け,intended for ...; oriented towards ...; aimed at ...,,
word_ja_行方,行方,(one's) whereabouts; outcome,,
word_ja_傾向,傾向,tendency; trend; inclination,,
word_ja_ものにする,ものにする,to get; to secure; to take possession of,,
word_ja_以内,以内,within; inside of; less than,,
word_ja_はじめ,はじめ,beginning; start; outset,,
word_ja_後半,後半,second half; latter half,,
word_ja_関連,関連,relation; connection; relevance,,
word_ja_議論,議論,argument; discussion; dispute,,
word_ja_拡大,拡大,magnification; enlargement; expansion,,
word_ja_設ける,設ける,to prepare; to provide; to set up,,
word_ja_努める,努める,to endeavor (endeavour); to try; to strive,,
word_ja_出席,出席,attendance; presence; appearance,,
word_ja_全国,全国,the whole country,,
word_ja_背景,背景,background; scenery; backdrop,,
word_ja_基準,基準,standard; basis; criterion,,
word_ja_どのように,どのように,how; in what way,,
word_ja_身近,身近,near oneself; close to one; familiar,,
word_ja_幅,幅,width; breadth; freedom (e.g. of thought),,
word_ja_強調,強調,emphasis; highlight; stress,,
word_ja_見直す,見直す,"to look at again; to re-examine (policy, estimate, plan, etc.); to review",,
word_ja_占める,占める,to occupy; to hold; to account for,,
word_ja_あたし,あたし,I; me,,
word_ja_魔法,魔法,magic; witchcraft; sorcery,,
word_ja_頷く,頷く,to nod; to bow one's head in assent; to agree,,
word_ja_剣,剣,"sword (esp. a large, double-edged one); blade; bayonet",,
word_ja_呟く,呟く,to mutter; to murmur; to grumble,,
word_ja_微笑む,微笑む,to smile,,
word_ja_ふふ,ふふ,ha ha ha; hee hee hee,,
word_ja_撫でる,撫でる,to stroke; to caress; to brush gently,,
word_ja_貴様,貴様,you; you bastard; you son of a bitch,,
word_ja_キス,キス,kiss,,
word_ja_屋敷,屋敷,residence; estate; grounds,,
word_ja_貴族,貴族,noble; aristocrat; peer,,
word_ja_顔を上げる,顔を上げる,to raise one's face; to lift one's head; to raise one's eyes,,
word_ja_戦闘,戦闘,battle; fight; combat,,
word_ja_騎士,騎士,samurai on horseback; (medieval) knight,,
word_ja_よー,よー,well; properly; skillfully,,
word_ja_魔,魔,demon; devil; evil spirit,,
word_ja_軍,軍,army; armed forces; troops,,
word_ja_魔力,魔力,magical powers; supernatural powers; spell,,
word_ja_撃つ,撃つ,to shoot (at); to attack; to defeat,,
word_ja_王子,王子,prince; subordinate Kumano shrine,,
word_ja_ああああ,ああああ,aaah!; oooh!; oh no!,,
word_ja_獣,獣,beast; brute; animal,,
word_ja_苦笑,苦笑,bitter smile; wry smile; strained laugh,,
word_ja_デート,デート,date (with someone); (social) outing (for two); date night,,
word_ja_呆れる,呆れる,to be amazed; to be shocked; to be astonished,,
word_ja_手を伸ばす,手を伸ばす,to put out one's hand; to extend one's arm; to reach for,,
word_ja_己,己,"oneself (itself, etc.); I; me",,
word_ja_拳,拳,fist,,
word_ja_指先,指先,fingertip; finger; toe tip,,
word_ja_漏らす,漏らす,to let leak; to let out (e.g. light); to let out (a secret),,
word_ja_悪魔,悪魔,devil; demon; fiend,,
word_ja_わたくし,わたくし,"I; me; personal (affairs, etc.)",,
word_ja_睨む,睨む,to glare at; to scowl at; to glower at,,
word_ja_声を上げる,声を上げる,to raise one's voice; to shout; to yell,,
word_ja_見開く,見開く,to open one's eyes wide,,
word_ja_お兄ちゃん,お兄ちゃん,(one's) older brother; lad; sonny,,
word_ja_お腹,お腹,belly; abdomen; stomach,,
word_ja_溢れる,溢れる,to overflow; to brim over; to flood,,
word_ja_見下ろす,見下ろす,to overlook; to command a view of; to look down on,,
word_ja_老人,老人,old person; senior citizen; the aged,,
word_ja_一同,一同,all present; all concerned; all of us,,
word_ja_死体,死体,dead body; corpse; cadaver,,
word_ja_青年,青年,youth; young man,,
word_ja_学園,学園,educational institution; school; academy,,
word_ja_口元,口元,mouth; lips; shape of the mouth,,
word_ja_舐める,舐める,to lick; to lap; to suck,,
word_ja_戸惑う,戸惑う,to be bewildered; to be perplexed,,
word_ja_お姉ちゃん,お姉ちゃん,older sister; lass; young lady,,
word_ja_ママ,ママ,mama; mamma; mom,,
word_ja_母さん,母さん,mother; wife,,
word_ja_携帯,携帯,carrying (on one's person or in the hand); mobile phone; cell phone,,
word_ja_音を立てる,音を立てる,to make a sound,,
word_ja_ははは,ははは,ha ha ha (laughter),,
word_ja_姫,姫,"young lady of noble birth; princess (esp. in Western contexts, tales, etc.); girl",,
word_ja_四人,四人,four people,,
word_ja_一撃,一撃,blow; hit; poke,,
word_ja_殿,殿,Mr.; Mrs.; Miss,,
word_ja_お前ら,お前ら,you (plural),,
word_ja_うわっ,うわっ,yikes; oops; eep,,
word_ja_抱きしめる,抱きしめる,to hug someone close; to hold someone tight; to embrace closely,,
word_ja_気持ちいい,気持ちいい,good feeling; feeling good,,
word_ja_ある人,ある人,"someone (unspecified, but someone in particular); a certain person",,
word_ja_わし,わし,I; me,,
word_ja_さぁ,さぁ,come; come now; come along,,
word_ja_震わせる,震わせる,to (make something) quiver; to shake; to tremble,,
word_ja_首を振る,首を振る,to shake one's head,,
word_ja_野郎,野郎,guy; fellow; chap,,
word_ja_肉体,肉体,the body; the flesh; the outer man,,
word_ja_操る,操る,to operate (e.g. a machine); to handle; to manage,,
word_ja_っち,っち,pluralizing suffix,,
word_ja_フッ,フッ,hah (derisively); pooh; pfft (of something disappearing),,
word_ja_目を閉じる,目を閉じる,to close one's eyes; to lower one's eyelids; to shut one's eyes,,
word_ja_ポケット,ポケット,pocket,,
word_ja_馬車,馬車,coach (horse-drawn); carriage; wagon,,
word_ja_撮る,撮る,"to take (a photo); to record (video, audio, etc.); to make (a film)",,
word_ja_ええっ,ええっ,Eh?; What?; Come on!,,
word_ja_ナイフ,ナイフ,knife,,
word_ja_親父,親父,one's father; old man; one's boss,,
word_ja_ヤバい,ヤバい,dangerous; risky; awful,,
word_ja_兵士,兵士,soldier,,
word_ja_矢,矢,arrow; wedge; chock,,
word_ja_見回す,見回す,to look around; to survey,,
word_ja_護衛,護衛,guard; convoy; escort,,
word_ja_兵,兵,(common) soldier; rank and file; army,,
word_ja_首を傾げる,首を傾げる,to incline one's head to the side (in doubt); to tilt one's head to the side (in confusion); to be puzzled,,
word_ja_ちょっ,ちょっ,hey; hold on; come on,,
word_ja_今更,今更,now (when it is already much too late); at this stage; afresh,,
word_ja_ドレス,ドレス,dress,,
word_ja_王国,王国,kingdom; monarchy,,
word_ja_あはは,あはは,a-ha-ha (laughing loudly),,
word_ja_パパ,パパ,papa; dad; daddy,,
word_ja_手を振る,手を振る,to wave one's hand,,
word_ja_くそ,くそ,damn; damn it; shit,,
word_ja_怯える,怯える,to become frightened; to be frightened (of); to be scared (of),,
word_ja_飲み込む,飲み込む,to gulp down; to swallow deeply; to understand,,
word_ja_照れる,照れる,to be shy; to be bashful; to feel awkward,,
word_ja_ノック,ノック,knock; knocking; fungo hitting,,
word_ja_戦場,戦場,battlefield; battleground,,
word_ja_斬る,斬る,"to kill (a human) using a blade (sword, machete, knife, etc.); to slice (off); to lop (off)",,
word_ja_内心,内心,inner thoughts; real intention; inmost heart,,
word_ja_技,技,technique; art; skill,,
word_ja_スカート,スカート,skirt,,
word_ja_安堵,安堵,"relief; reassurance; recognition of right to land ownership (by the shogunate, a feudal lord, etc.)",,
word_ja_顎,顎,jaw; chin; barb (of a fishhook),,
word_ja_メール,メール,email; mail (usu. in compound words); post,,
word_ja_最強,最強,strongest,,
word_ja_脇,脇,armpit; under one's arm; side,,
word_ja_人類,人類,mankind; humanity,,
word_ja_お姉さん,お姉さん,older sister; elder sister; young lady,,
word_ja_囁く,囁く,to whisper; to murmur; to rumor,,
word_ja_騙す,騙す,to trick; to cheat; to deceive,,
word_ja_塊,塊,lump; mass; bundle,,
word_ja_呆然,呆然,dumbfounded; overcome with surprise; in blank amazement,,
word_ja_チーム,チーム,team,,
word_ja_お菓子,お菓子,confections; sweets; candy,,
word_ja_部隊,部隊,force; unit; corps,,
word_ja_訊く,訊く,to ask; to enquire; to query,,
word_ja_発動,発動,putting into operation; invocation,,
word_ja_呪い,呪い,curse; spell; malediction,,
word_ja_試合,試合,match; game; bout,,
word_ja_槍,槍,spear; lance; javelin,,
word_ja_やれやれ,やれやれ,oh!; ah!; oh dear!,,
word_ja_弾く,弾く,to play (a stringed or keyboard instrument),,
word_ja_僕たち,僕たち,we,,
word_ja_僕ら,僕ら,we,,
word_ja_気持ちよい,気持ちよい,good feeling; feeling good,,
word_ja_ていうか,ていうか,or rather (say); or better (say); or perhaps I should say,,
word_ja_おはようございます,おはようございます,good morning,,
word_ja_おじさん,おじさん,uncle; old man; mister,,
word_ja_お前たち,お前たち,you (plural),,
word_ja_奴ら,奴ら,they; those guys,,
word_ja_君たち,君たち,you (plural); all of you; you all,,
word_ja_ため息をつく,ため息をつく,to sigh; to breathe a sigh,,
word_ja_立ち止まる,立ち止まる,to stop (in one's tracks); to come to a stop; to halt,,
word_ja_モノ,モノ,mono,,
word_ja_お嬢様,お嬢様,(another's) daughter; young lady (of pampered upbringing); woman who has never known hardship,,
word_ja_ため息,ため息,sigh,,
word_ja_伝説,伝説,tradition; legend; folklore,,
word_ja_銃,銃,gun; rifle; small arms,,
word_ja_盾,盾,shield; buckler; escutcheon,,
word_ja_駆け寄る,駆け寄る,to rush over; to run up to,,
word_ja_無数,無数,innumerable; countless; numberless,,
word_ja_喧嘩,喧嘩,quarrel; brawl; fight,,
word_ja_通路,通路,passage; pathway; roadway,,
word_ja_父さん,父さん,father; dad; papa,,
word_ja_天使,天使,angel,,
word_ja_可愛らしい,可愛らしい,lovely; sweet,,
word_ja_見渡す,見渡す,to look out over; to survey (scene); to take an extensive view of,,
word_ja_地図,地図,map,,
word_ja_揺らす,揺らす,to rock; to shake; to swing,,
word_ja_困惑,困惑,bewilderment; perplexity; embarrassment,,
word_ja_隊,隊,party; group; crew,,
word_ja_イベント,イベント,event,,
word_ja_あのね,あのね,look here; I say; well,,
word_ja_吐き出す,吐き出す,to vomit; to spit out,,
word_ja_目を向ける,目を向ける,to shift one's attention to; to shift one's focus on,,
word_ja_昨夜,昨夜,evening; last night; yesterday evening,,
word_ja_刀,刀,sword (esp. Japanese single-edged); katana; scalpel,,
word_ja_気持ち悪い,気持ち悪い,bad feeling; feeling bad; disagreeable,,
word_ja_回収,回収,collection; recovery; withdrawal,,
word_ja_室内,室内,indoor; inside the room,,
word_ja_脱出,脱出,escape; break-out; prolapse,,
word_ja_竜,竜,dragon (esp. a Chinese dragon); naga; semi-divine human-cobra chimera in Hindu and Buddhist mythology,,
word_ja_画面,画面,"screen (of a TV, computer, etc.); image (on a screen); picture",,
word_ja_銀,銀,silver (Ag); silver coin; money,,
word_ja_無茶,無茶,absurd; unreasonable; excessive,,
word_ja_舞う,舞う,to dance (orig. a whirling dance); to flutter about; to revolve,,
word_ja_夕食,夕食,evening meal; dinner,,
word_ja_歪む,歪む,to warp; to bend; to contort,,
word_ja_不意,不意,sudden; abrupt; unexpected,,
word_ja_刃,刃,edge (of a knife or sword); prong (of an electrical plug),,
word_ja_布団,布団,futon; Japanese bedding consisting of a mattress and a duvet; round cushion used for Zen meditation (traditionally made of woven bulrush leaves),,
word_ja_天才,天才,genius; prodigy; natural gift,,
word_ja_唐突,唐突,abrupt; sudden,,
word_ja_手に取る,手に取る,to take in one's hand; to pick up; to obtain,,
word_ja_らしき,らしき,-ish; like ...,,
word_ja_メイド,メイド,maid,,
word_ja_曲,曲,composition; piece of music; song,,
word_ja_親友,親友,"close friend; bosom (old, intimate) friend; buddy",,
word_ja_出現,出現,appearance; arrival; make one's appearance,,
word_ja_風呂,風呂,bath; bathing; bathtub,,
word_ja_任務,任務,duty; function; office,,
word_ja_ドキドキ,ドキドキ,thump-thump; bang-bang; pit-a-pat,,
word_ja_膨らむ,膨らむ,to expand; to swell (out); to get big,,
word_ja_下着,下着,underwear,,
word_ja_奥さん,奥さん,wife; your wife; his wife,,
word_ja_人影,人影,figure of a person; figures of people; shadow of a person,,
word_ja_翼,翼,"wing; Chinese ""Wings"" constellation (one of the 28 mansions); counter for birds or bird wings",,
word_ja_社長,社長,company president; manager; director,,
word_ja_ダメージ,ダメージ,damage,,
word_ja_回避,回避,evasion; avoidance,,
word_ja_大地,大地,ground; earth; the solid earth,,
word_ja_染める,染める,to dye; to colour; to color,,
word_ja_頭上,頭上,overhead; above one's head; high in the sky,,
word_ja_威力,威力,power; might; authority,,
word_ja_遮る,遮る,"to interrupt; to obstruct (a view, someone's way, etc.); to block (light, wind, etc.)",,
word_ja_振り回す,振り回す,to wield; to brandish; to flourish,,
word_ja_ったく,ったく,good grief,,
word_ja_目を細める,目を細める,to close one's eyes partly; to squint; to smile with one's whole face,,
word_ja_サイズ,サイズ,size,,
word_ja_攻める,攻める,to attack; to assault; to assail,,
word_ja_試験,試験,examination; exam; test,,
word_ja_不機嫌,不機嫌,pout; displeasure; ill humor,,
word_ja_鍛える,鍛える,to forge; to temper; to drill,,
word_ja_朝食,朝食,breakfast,,
word_ja_途端,途端,"just (now, at the moment, etc.); just as; in the act of",,
word_ja_地球,地球,Earth; the globe,,
word_ja_食堂,食堂,dining room; dining hall; cafeteria,,
word_ja_店員,店員,employee (of a store); shop assistant; clerk,,
word_ja_カード,カード,"card (information, filing, etc.); card (greetings, congratulations, etc.); (Western) playing cards",,
word_ja_もしもし,もしもし,hello (e.g. on phone); excuse me! (when calling out to someone),,
word_ja_ぎゅっと,ぎゅっと,"tightly (hold, squeeze, etc.); firmly; forcefully (e.g. push)",,
word_ja_一発,一発,shot; charge; explosion,,
word_ja_うんうん,うんうん,uh-huh; mm-hmm; with a moan,,
word_ja_教会,教会,church; congregation,,
word_ja_お父様,お父様,father,,
word_ja_こいつら,こいつら,these guys; these fellows,,
word_ja_子供たち,子供たち,children,,
word_ja_問い,問い,question; query,,
word_ja_ガキ,ガキ,brat; kid; urchin,,
word_ja_コーヒー,コーヒー,coffee,,
word_ja_なんだと,なんだと,what did you just say (to me)?; what's that?,,
word_ja_あなたたち,あなたたち,you (plural),,
word_ja_押しつける,押しつける,to press against; to push against; to force against,,
word_ja_小説,小説,novel; (short) story,,
word_ja_眉,眉,eyebrow; eyebrows,,
word_ja_小声,小声,low voice; whisper,,
word_ja_拭う,拭う,"to wipe; to mop up; to get rid of (an impression, feeling, blemish, etc.)",,
word_ja_防御,防御,defense; defence; safeguard,,
word_ja_生き残る,生き残る,to survive,,
word_ja_皿,皿,plate; dish; platter,,
word_ja_五十,五十,fifty; 50,,
word_ja_バイト,バイト,part-time job; side job,,
word_ja_彼氏,彼氏,boyfriend; he; him,,
word_ja_筋肉,筋肉,muscle,,
word_ja_紅茶,紅茶,black tea,,
word_ja_衣装,衣装,clothing; costume; outfit,,
word_ja_突き出す,突き出す,to push out; to project; to stick out,,
word_ja_罠,罠,"snare; trap (for catching wild game, etc.); trap (i.e. ruse, subterfuge, etc.)",,
word_ja_片付ける,片付ける,to tidy up; to put in order; to straighten up,,
word_ja_駆ける,駆ける,to run; to dash; to race,,
word_ja_被害者,被害者,victim; injured party; sufferer,,
word_ja_卵,卵,eggs; egg; spawn,,
word_ja_何やら,何やら,something; some kind of; for some reason,,
word_ja_カメラ,カメラ,camera,,
word_ja_混じる,混じる,to be mixed; to be blended with; to be combined,,
word_ja_空中,空中,sky; air; mid-air,,
word_ja_匹,匹,counter for small animals; counter for rolls of cloth (two han in size); counter for horses,,
word_ja_生物,生物,living thing; organism; creature,,
word_ja_合流,合流,confluence (of rivers); merge (of traffic); conflux,,
word_ja_足を止める,足を止める,to stop walking; to pause,,
word_ja_いやあ,いやあ,why; oh; no!,,
word_ja_再会,再会,another meeting; meeting again; reunion,,
word_ja_羨ましい,羨ましい,"envious; jealous; enviable (position, etc.)",,
word_ja_二階,二階,second floor; upstairs,,
word_ja_仕草,仕草,gesture; movement; action,,
word_ja_回転,回転,rotation (usu. around something); revolution; turning,,
word_ja_師匠,師匠,master; teacher; stable master,,
word_ja_跳ねる,跳ねる,to jump; to leap; to prance,,
word_ja_お客様,お客様,guest; visitor; customer,,
word_ja_待機,待機,standing by; awaiting an opportunity; being on alert,,
word_ja_ほんの少し,ほんの少し,just a little,,
word_ja_即座に,即座に,immediately; right away; on the spot,,
word_ja_完了,完了,"completion; conclusion; perfect (tense, form, aspect)",,
word_ja_手元,手元,at hand; on hand; nearby,,
word_ja_吸い込む,吸い込む,to inhale; to breathe in; to suck up,,
word_ja_パーティー,パーティー,"party (gathering, celebration, etc.); party (group, political, etc.)",,
word_ja_誕生日,誕生日,birthday,,
word_ja_テスト,テスト,examination; quiz; test,,
word_ja_動作,動作,action; movements; motions,,
word_ja_てめえ,てめえ,you; I; me,,
word_ja_暴走,暴走,acting rashly; running wildly; behaving recklessly,,
word_ja_お風呂,お風呂,bath,,
word_ja_言い切る,言い切る,to declare; to assert; to state definitively,,
word_ja_気まずい,気まずい,unpleasant; awkward; embarrassing,,
word_ja_挑む,挑む,"to challenge to (a fight, game, etc.); to throw down the gauntlet; to contend for",,
word_ja_枝,枝,branch; bow; bough,,
word_ja_台詞,台詞,speech; words; one's lines,,
word_ja_帯びる,帯びる,"to wear (sword, decoration, etc.); to carry; to be entrusted (e.g. with a mission)",,
word_ja_女神,女神,goddess; female deity,,
word_ja_片方,片方,one side; one party; counterpart,,
word_ja_反論,反論,objection; refutation; rebuttal,,
word_ja_返答,返答,reply; answer,,
word_ja_黒髪,黒髪,black hair,,
word_ja_大会,大会,mass meeting; convention; rally,,
word_ja_互い,互い,each other; one another,,
word_ja_鎧,鎧,armor; armour,,
word_ja_噛む,噛む,to bite; to chew; to gnaw,,
word_ja_ちらり,ちらり,"fleeting (glimpse, glance, etc.)",,
word_ja_袖,袖,"sleeve; wing (of a stage, desk, gate, etc.)",,
word_ja_装備,装備,equipment,,
word_ja_異様,異様,bizarre; strange; eccentric,,
word_ja_迷い,迷い,hesitation; bewilderment; perplexity,,
word_ja_戦力,戦力,war potential; military strength; fighting power,,
word_ja_体勢,体勢,posture; stance,,
word_ja_後方,後方,behind; in the rear; in back,,
word_ja_見覚え,見覚え,remembrance; recollection; recognition,,
word_ja_暗闇,暗闇,darkness; the dark,,
word_ja_輝き,輝き,brightness; brilliance; brilliancy,,
word_ja_背を向ける,背を向ける,to pretend not to see; to turn one's back on,,
word_ja_屋上,屋上,rooftop,,
word_ja_曖昧,曖昧,vague; ambiguous; unclear,,
word_ja_システム,システム,system,,
word_ja_お尻,お尻,bottom; buttocks,,
word_ja_わっ,わっ,"boo! (sound used to scare someone); ugh (dissatisfaction, aggravation); ulp (consternation)",,
word_ja_無理やり,無理やり,forcibly; against one's will,,
word_ja_かすか,かすか,faint; dim; weak,,
word_ja_問いかける,問いかける,to ask a question; to begin to ask a question,,
word_ja_でござる,でござる,be; is,,
word_ja_真っ白,真っ白,"pure white; blank (e.g. mind, paper)",,
word_ja_手のひら,手のひら,palm (of one's hand),,
word_ja_越し,越し,across; over; beyond,,
word_ja_すなわち,すなわち,that is; namely; i.e.,,
word_ja_抱きつく,抱きつく,to cling to; to embrace,,
word_ja_気のせい,気のせい,in one's imagination,,
word_ja_見合わせる,見合わせる,to exchange glances; to look at each other; to postpone,,
word_ja_ボタン,ボタン,button (clothing); push-button,,
word_ja_めちゃくちゃ,めちゃくちゃ,absurd; unreasonable; nonsensical,,
word_ja_ふーん,ふーん,hmm; well ...; humph,,
word_ja_身分,身分,(social) standing; status; position,,
word_ja_砂,砂,sand; grit,,
word_ja_都市,都市,town; city; municipal,,
word_ja_第三,第三,the third,,
word_ja_師,師,teacher; master; one's mentor,,
word_ja_旦那,旦那,"master (of a house, shop, etc.); husband; sir",,
word_ja_不気味,不気味,weird; ominous; eerie,,
word_ja_美,美,beauty,,
word_ja_眼差し,眼差し,(a) look; gaze,,
word_ja_歓声,歓声,cheer; shout of joy,,
word_ja_時刻,時刻,time; (the) hour; favourable time,,
word_ja_ケーキ,ケーキ,cake,,
word_ja_宙,宙,space; air; midair,,
word_ja_群れ,群れ,group; crowd; flock,,
word_ja_霧,霧,fog; mist; spray,,
word_ja_桜,桜,cherry tree; cherry blossom; fake buyer,,
word_ja_手首,手首,wrist,,
word_ja_後にする,後にする,to leave behind; to put off; to postpone,,
word_ja_素材,素材,ingredient; (raw) material; resource,,
word_ja_精一杯,精一杯,the best one can do; one's best effort; with all one's might,,
word_ja_広場,広場,public square; square; plaza,,
word_ja_裾,裾,hem; (trouser) cuff; shirttail,,
word_ja_表示,表示,indication; expression; showing,,
word_ja_万が一,万が一,(if) by some chance; by some possibility; in the unlikely event that,,
word_ja_やけに,やけに,awfully; frightfully; desperately,,
word_ja_嵐,嵐,storm; tempest; uproar,,
word_ja_明かり,明かり,light; illumination; glow,,
word_ja_復讐,復讐,revenge,,
word_ja_妄想,妄想,wild idea; delusion,,
word_ja_変態,変態,transformation; abnormality; sexual perversion,,
word_ja_宝石,宝石,gem; jewel; precious stone,,
word_ja_具,具,"tool; means; ingredients (added to soup, rice, etc.)",,
word_ja_追い詰める,追い詰める,to corner; to drive to the wall; to run down,,
word_ja_拘束,拘束,restriction; restraint; binding,,
word_ja_踏み込む,踏み込む,to step into (e.g. someone else's territory); to break into; to raid,,
word_ja_理屈,理屈,theory; reason,,
word_ja_滑る,滑る,to glide; to slide (e.g. on skis); to slip,,
word_ja_英雄,英雄,hero; heroine; great person,,
word_ja_先端,先端,pointed end; tip; point,,
word_ja_まあまあ,まあまあ,"so-so; passable; now, now",,
word_ja_針,針,needle; pin; hook,,
word_ja_前方,前方,forward; frontward; ahead,,
word_ja_窺う,窺う,to peep (through); to peek; to examine (esp. covertly),,
word_ja_聖,聖,Saint; St.; S.,,
word_ja_一時間,一時間,one hour,,
word_ja_襲撃,襲撃,attack; charge; raid,,
word_ja_放課後,放課後,after school (at the end of the day),,
word_ja_髪の毛,髪の毛,hair (of the head),,
word_ja_見捨てる,見捨てる,to abandon; to fail; to desert,,
word_ja_覗き込む,覗き込む,to look into; to peer in,,
word_ja_故郷,故郷,home town; birthplace; native place,,
word_ja_崩壊,崩壊,collapse; crumbling; breaking down,,
word_ja_嫌がる,嫌がる,to hate; to dislike,,
word_ja_めく,めく,to show signs of ...; to have the appearance of ...,,
word_ja_背筋,背筋,spine; line of the backbone; seam down the back (of clothing),,
word_ja_民,民,people; citizens; subjects,,
word_ja_推測,推測,guess; conjecture,,
word_ja_選手,選手,player (sports); athlete; team member,,
word_ja_いつも通り,いつも通り,as always; as usual,,
word_ja_予想外,予想外,unexpected; unforeseen; strange,,
word_ja_現象,現象,phenomenon,,
word_ja_無表情,無表情,lack of expression; blank look (on one's face),,
word_ja_淡々,淡々,uninterested; unconcerned; indifferent,,
word_ja_声がする,声がする,to speak; to hear a voice,,
word_ja_三年,三年,three years,,
word_ja_陣,陣,battle formation; camp; encampment,,
word_ja_息を吐く,息を吐く,to take a breath; to take a short rest,,
word_ja_ひとまず,ひとまず,for now; for the time being; for the present,,
word_ja_握りしめる,握りしめる,to grasp tightly,,
word_ja_立ち去る,立ち去る,to leave; to depart; to take one's leave,,
word_ja_いい加減,いい加減,irresponsible; perfunctory; careless,,
word_ja_かっ,かっ,very,,
word_ja_引っかかる,引っかかる,to be caught in; to be stuck in; to stop by,,
word_ja_たどり着く,たどり着く,to arrive at (after a struggle); to finally reach; to find one's way to,,
word_ja_振るう,振るう,to swing; to wield (physically); to exert,,
word_ja_いつもより,いつもより,more than usual,,
word_ja_指さす,指さす,to point at,,
word_ja_ガラス,ガラス,glass; pane,,
word_ja_果たして,果たして,as was expected; just as one thought; sure enough,,
word_ja_やたら,やたら,indiscriminately; blindly; at random,,
word_ja_なんとも,なんとも,really; very; extremely,,
word_ja_やり取り,やり取り,giving and taking; exchange (of letters); arguing back and forth,,
word_ja_に過ぎない,に過ぎない,no more than; just; only,,
word_ja_メッセージ,メッセージ,message,,
word_ja_寸前,寸前,just before; on the verge of; on the brink of,,
word_ja_その辺,その辺,around there; near there; or thereabouts,,
word_ja_目にする,目にする,to see; to witness; to observe,,
word_ja_四十,四十,forty; 40,,
word_ja_正義,正義,justice; right; righteousness,,
word_ja_胸元,胸元,breast; chest; pit of the stomach,,
word_ja_冷える,冷える,"to grow cold (from room temperature, e.g. in refrigerator); to get chilly; to cool down",,
word_ja_裸,裸,nakedness; nudity; bareness,,
word_ja_棒,棒,pole; rod; stick,,
word_ja_ビル,ビル,multi-floor building; multi-storey building; bill,,
word_ja_皮肉,皮肉,irony; sarcasm; cynicism,,
word_ja_巡る,巡る,to go around; to return; to surround,,
word_ja_淡い,淡い,light; faint; pale,,
word_ja_憧れる,憧れる,to long for; to yearn after; to admire,,
word_ja_杖,杖,cane; walking stick; staff,,
word_ja_そこそこ,そこそこ,reasonably; fairly; all right,,
word_ja_塞ぐ,塞ぐ,to stop up; to close up; to block (up),,
word_ja_薄暗い,薄暗い,dim; gloomy,,
word_ja_動き出す,動き出す,to come alive; to get going; to start to move,,
word_ja_柄,柄,pattern; design; body build,,
word_ja_削る,削る,"to shave (wood, leather, etc.); to sharpen (e.g. pencil); to plane",,
word_ja_幽霊,幽霊,ghost; specter; spectre,,
word_ja_お酒,お酒,alcohol; sake,,
word_ja_封印,封印,seal; to seal (e.g. a letter); to affix a seal,,
word_ja_獲物,獲物,prey; catch; kill,,
word_ja_若干,若干,some; few; a number of,,
word_ja_候補,候補,candidate; contender; prospect,,
word_ja_誤魔化す,誤魔化す,to deceive; to falsify; to misrepresent,,
word_ja_再生,再生,resuscitation; regeneration; restoration to life,,
word_ja_宿る,宿る,to dwell; to live; to remain,,
word_ja_ぐっと,ぐっと,suddenly; at once; in one go,,
word_ja_ギリギリ,ギリギリ,just barely; only just; at the very limit,,
word_ja_女王,女王,queen; female champion,,
word_ja_姿を消す,姿を消す,to disappear; to vanish,,
word_ja_シャツ,シャツ,shirt (underwear); undershirt; singlet,,
word_ja_継ぐ,継ぐ,"to succeed (a person, to a position, etc.); to inherit; to take over",,
word_ja_キャラ,キャラ,(fictional) character; character; personality,,
word_ja_途端に,途端に,just as; in the act of; as soon as,,
word_ja_食らう,食らう,to eat; to drink; to wolf,,
word_ja_ネット,ネット,"network; Internet; net (hair, netball, etc.)",,
word_ja_懐,懐,inside the breast of one's clothing (esp. kimono); bosom; (breast) pocket,,
word_ja_蛇,蛇,snake; serpent; large snake,,
word_ja_要するに,要するに,in short; in a word; to sum up,,
word_ja_走り出す,走り出す,to begin to run; to start running; to break into a run,,
word_ja_デザイン,デザイン,design,,
word_ja_向き直る,向き直る,to turn round; to face about; to turn about,,
word_ja_怪物,怪物,monster,,
word_ja_何人か,何人か,some people; a few people; several people,,
word_ja_ゆえ,ゆえ,reason; cause; circumstances,,
word_ja_腐る,腐る,to rot; to go bad; to decay,,
word_ja_冷める,冷める,"to cool down; to get cold; to cool off (excitement, temper, etc.)",,
word_ja_はーい,はーい,understood; I see; OK,,
word_ja_仮面,仮面,mask; disguise; guise,,
word_ja_見据える,見据える,to stare fixedly at; to fix one's gaze on; to make sure of,,
word_ja_唱える,唱える,to recite; to chant; to cry,,
word_ja_通り過ぎる,通り過ぎる,to go past; to pass; to pass by,,
word_ja_谷,谷,valley,,
word_ja_宇宙,宇宙,universe; cosmos; space,,
word_ja_金髪,金髪,blond hair,,
word_ja_主人公,主人公,protagonist; main character; hero(ine) (of a story),,
word_ja_鈍い,鈍い,dull (e.g. a knife); blunt; thickheaded,,
word_ja_叫び,叫び,shout; scream; outcry,,
word_ja_この辺り,この辺り,this area; around here,,
word_ja_ルート,ルート,"route; path; channel (e.g. sales, distribution)",,
word_ja_二日,二日,second day of the month; two days,,
word_ja_犯罪,犯罪,crime; offence; offense,,
word_ja_首を横に振る,首を横に振る,to shake one's head,,
word_ja_外見,外見,outward appearance,,
word_ja_売れる,売れる,to sell (well); to be well known; to be popular,,
word_ja_雷,雷,lightning; thunder; thunderbolt,,
word_ja_接近,接近,getting closer; drawing nearer; approaching,,
word_ja_演技,演技,acting; performance,,
word_ja_しばし,しばし,for a short while; for a brief period; soon,,
word_ja_んち,んち,'s house; 's home,,
word_ja_しがみつく,しがみつく,to cling,,
word_ja_引き寄せる,引き寄せる,to draw or pull something towards oneself (e.g. chair),,
word_ja_化け物,化け物,goblin; apparition; monster,,
word_ja_叩きつける,叩きつける,to throw violently against; to slam against; to strike,,
word_ja_なんだって,なんだって,what?!; what did you say?!; why?,,
word_ja_付き,付き,furnished with; including; attached to,,
word_ja_とある,とある,a certain ...,,
word_ja_マシ,マシ,better; preferable; less objectionable,,
word_ja_解除,解除,cancellation; rescinding; release,,
word_ja_危うい,危うい,dangerous; in danger; facing imminent danger,,
word_ja_地味,地味,plain; simple; subdued,,
word_ja_兄さん,兄さん,older brother; elder brother; brother (as older-brother figure in friendly and or work relationship),,
word_ja_自殺,自殺,suicide,,
word_ja_ソファ,ソファ,sofa; couch,,
