ID,Vietnamese_Text,English_Text,Vietnamese_Female_Sound,Vietnamese_Male_Sound
chat_yw_grow_0_opener,喂阿羅，聽日點呀？,Oi Lo — what’s the plan tomorrow?,,
chat_yw_grow_0_t0_them,三號房呀？得四個阿姨得閒咋。,"Room 3? Only four of the aunties are free, mind.",,
chat_yw_grow_0_t0_you0,林生，聽日摘三號房嘅葉呀，有冇人手？,"Uncle, de-leafing Room 3 tomorrow — got anyone free?",,
chat_yw_grow_0_t0_you1,你自己諗啦,You figure it out,,
chat_yw_grow_0_t0_you2,冇嘢做,Nothing on,,
chat_yw_grow_0_t1_them,好。我而家同佢哋講。八點啱唔啱？,Right. I’ll tell them now. Eight alright?,,
chat_yw_grow_0_t1_you0,四個都夠喇，做半日就得。,Four’s enough — half a day will do it.,,
chat_yw_grow_0_t1_you1,四個唔夠，叫多啲人返嚟,"Four’s not enough, call more in",,
chat_yw_grow_0_t1_you2,噉算啦，唔做喇,Forget it then,,
chat_yw_grow_0_t2_them,仲有，阿勝話四號房要插枝喎。幾時做？,"Also, Tsing says Room 4 needs clones cut. When?",,
chat_yw_grow_0_t2_you0,八點啱。唔該晒你。,Eight’s good. Cheers.,,
chat_yw_grow_0_t2_you1,六點啦，早啲做完,"Make it six, finish earlier",,
chat_yw_grow_0_t2_you2,隨便啦,Whatever,,
chat_yw_grow_0_t3_them,冇問題。我記低咗，同埋話俾阿勝知。,No problem. Noted — I’ll tell Tsing too.,,
chat_yw_grow_0_t3_you0,摘完葉先啦，後日插枝。,De-leaf first — clones the day after.,,
chat_yw_grow_0_t3_you1,一齊做啦，慳返時間,"Do both at once, saves time",,
chat_yw_grow_0_t3_you2,插枝唔急,Clones aren’t urgent,,
chat_yw_grow_1_opener,阿羅，哩批乾咗未呀？我想開始剪。,"Lo, is this lot dry yet? I want to start trimming.",,
chat_yw_grow_1_t0_them,好。噉今日我哋剪返琴日嗰批。,Alright. We’ll do yesterday’s batch today then.,,
chat_yw_grow_1_t0_you0,未夠乾，聽日先啦。,Not dry enough — tomorrow.,,
chat_yw_grow_1_t0_you1,夠喇，開始啦,"It’s fine, get going",,
chat_yw_grow_1_t0_you2,我唔知,Dunno,,
chat_yw_grow_1_t1_them,知喇。啲磅數要唔要即刻寫低？,Got it. Do you want the weights written down as we go?,,
chat_yw_grow_1_t1_you0,好呀。剪靚啲，慢少少冇所謂。,Good. Trim it nice — slower is fine.,,
chat_yw_grow_1_t1_you1,快手啲，今日要清晒,"Be quick, it all has to clear today",,
chat_yw_grow_1_t1_you2,你哋自己睇住辦,Sort it out among yourselves,,
chat_yw_grow_1_t2_them,冇問題。每袋都貼返標籤，寫埋日期同房號。,No problem. Every bag gets a label with the date and room number.,,
chat_yw_grow_1_t2_you0,要呀，磅完就寫，唔好靠估。,"Yes — write it as you weigh, no guessing.",,
chat_yw_grow_1_t2_you1,唔使，最後一齊計,"No, tally it all at the end",,
chat_yw_grow_1_t2_you2,求其寫個大概,Just put a rough number,,
chat_yw_grow_1_t3_them,客氣喇。有嘢再叫我。,Don’t mention it. Give me a shout if you need anything.,,
chat_yw_grow_1_t3_you0,啱晒。你哋做嘢好細心，多謝你。,Exactly right. You lot are careful — thank you.,,
chat_yw_grow_1_t3_you1,房號唔使寫,No need for the room number,,
chat_yw_grow_1_t3_you2,知喇知喇,"Yeah yeah, I know",,
chat_yw_grow_2_opener,阿羅，母株老咗喇，要換過批新嘅。,"Lo, the mothers are getting old — we need a fresh set.",,
chat_yw_grow_2_t0_them,我諗住留返兩棵好嘅，慢慢換。,I was thinking keep two good ones and change them over gradually.,,
chat_yw_grow_2_t0_you0,勝哥，你估幾時要換？,"Tsing, when do you reckon we swap them?",,
chat_yw_grow_2_t0_you1,仲用得，唔使換,"They’re still fine, no need",,
chat_yw_grow_2_t0_you2,即刻換晒佢,Swap the lot right now,,
chat_yw_grow_2_t1_them,好。仲有，四號房部抽濕機好似壞咗。,"Good. Also, the dehumidifier in Room 4 seems dead.",,
chat_yw_grow_2_t1_you0,噉樣好。你安排啦。,That’s a good way. You arrange it.,,
chat_yw_grow_2_t1_you1,唔好留，全部換,"Don’t keep any, replace them all",,
chat_yw_grow_2_t1_you2,我諗下先,Let me think about it,,
chat_yw_grow_2_t2_them,有，我影咗相。今晚要唔要唔好入房？,"Yeah, took a photo. Should everyone stay out of the room tonight?",,
chat_yw_grow_2_t2_you0,真㗎？你有冇記低幾多度？,Really? Did you note what it was reading?,,
chat_yw_grow_2_t2_you1,唔關我事,Not my problem,,
chat_yw_grow_2_t2_you2,聽日先算啦,Deal with it tomorrow,,
chat_yw_grow_2_t3_them,明。噉我同啲阿叔講聲。,Got it. I’ll tell the uncles then.,,
chat_yw_grow_2_t3_you0,係，熄咗燈就唔好入。我叫人嚟睇。,"Yes — lights off, nobody goes in. I’ll get someone to look at it.",,
chat_yw_grow_2_t3_you1,入房冇所謂,Going in’s fine,,
chat_yw_grow_2_t3_you2,你自己搞掂佢,Sort it yourself,,
chat_yw_grow_3_opener,阿羅，哩行係咪剪晒㗎？,Lo — does this whole row get cut?,,
chat_yw_grow_3_t0_them,哦，明喇。噉底下嗰啲呢？,"Ah, got it. What about down the bottom?",,
chat_yw_grow_3_t0_you0,淨係剪大塊嗰啲，細嘅唔好郁。,Only the big fan leaves — leave the little ones.,,
chat_yw_grow_3_t0_you1,全部剪晒,Cut the lot,,
chat_yw_grow_3_t0_you2,你估呢,You guess,,
chat_yw_grow_3_t1_them,好。剪落嚟啲葉擺邊呀？,Alright. Where do the cut leaves go?,,
chat_yw_grow_3_t1_you0,底下嗰啲，剪晒佢。,Down the bottom — take it all off.,,
chat_yw_grow_3_t1_you1,一樣噉做,Same as the rest,,
chat_yw_grow_3_t1_you2,留返晒佢,Leave all of it,,
chat_yw_grow_3_t2_them,知喇。我剪得慢啲得唔得？我怕整爛啲花。,Got it. Alright if I go slow? Worried about damaging the flowers.,,
chat_yw_grow_3_t2_you0,擺入桶度，唔好掟落地。,In the bin — don’t chuck them on the floor.,,
chat_yw_grow_3_t2_you1,掟喺地下就得,Just drop them on the floor,,
chat_yw_grow_3_t2_you2,你自己揾個位擺,Put them wherever,,
chat_yw_grow_3_t3_them,多謝你呀。噉我開始喇。,"Thanks, love. I’ll get going then.",,
chat_yw_grow_3_t3_you0,慢慢嚟啦，唔使急。你剪得好靚㗎。,"Take your time, no rush. You trim beautifully.",,
chat_yw_grow_3_t3_you1,快啲啦，今日要做完,"Hurry up, it has to be done today",,
chat_yw_grow_3_t3_you2,慢就唔好做,"If you’re slow, don’t bother",,
cphrase_yue_1,你好啊！我係阿明。,Hello! I'm Ah Ming.,,
cphrase_yue_10,其實幾好吖，我上個禮拜去睇過。,Actually pretty good — I went and had a look last week.,,
cphrase_yue_100,肯定係。將啲嘢擺低就走去攞飲品啦。,Definitely. Put your things down and go grab the drinks.,,
cphrase_yue_101,究竟做乜咁遲㗎？佢返學就嚟遲到喇。,What on earth is taking so long? He’s about to be late for school.,,
cphrase_yue_102,佢阿媽嗰日買咗個新書包，佢周圍揾都揾唔到。,His mum bought a new school bag the other day and he’s looked everywhere without finding it.,,
cphrase_yue_103,我啱啱先發覺喺車尾箱。好彩至記得。,I only just realised it’s in the boot. Lucky I remembered at all.,,
cphrase_yue_104,快啲拎出嚟啦，唔好再嘈喇，個個都聽到你把聲。,"Get it out quick, and stop shouting — everyone can hear your voice.",,
cphrase_yue_105,你星期六得唔得閒？聽講阿詩生日想搞餐嘢。,Are you free Saturday? I hear it’s Sze’s birthday and she wants to do a meal.,,
cphrase_yue_106,雖然有功課，不過做完就得閒。幾點呀？,"I’ve got homework, but I’m free once it’s done. What time?",,
cphrase_yue_107,我都唔清楚，我覆你啦。你返去問埋你細佬。,I’m not sure either — I’ll get back to you. Ask your little brother when you get home.,,
cphrase_yue_108,佢好叻㗎，一查就查到邊間餐廳最平。,He’s sharp — one search and he’ll find which restaurant is cheapest.,,
cphrase_yue_109,老闆，最近生意點呀？成條街好似靜咗。,"Boss, how’s business lately? The whole street seems to have gone quiet.",,
cphrase_yue_11,真係？佢哋賣乜嘢㗎？,Really? What do they sell?,,
cphrase_yue_110,咪就係。租又貴，人又少，真係好麻煩。,"Tell me about it. Rent’s high, footfall’s low — it’s a real headache.",,
cphrase_yue_111,不過你哩度近地鐵，機會梗係多啲㗎。,But you’re near the MTR here — you must get more chances than most.,,
cphrase_yue_112,當然。有人叫我加價一倍，我話佢黐線。,Of course. Someone told me to double my prices — I said he was off his head.,,
cphrase_yue_113,開頭我原本想買本辭典，點知咁貴。,"At first I meant to buy a dictionary, but it turned out so expensive.",,
cphrase_yue_114,網上所有嘢都揾到㗎啦，只係要識揀。,You can find everything online — you just need to know how to pick.,,
cphrase_yue_115,我對哩啲冇乜興趣，而且我部電話成日死機。,"I’m not that into this stuff, and my phone crashes all the time anyway.",,
cphrase_yue_116,咁去咖啡店坐下，用佢哋部機租啲時間囉。,Then go sit in a coffee shop and rent some time on their machine.,,
cphrase_yue_117,今次真係搬定係又講下算數？,"Are you actually moving this time, or is it all talk again?",,
cphrase_yue_118,搬㗎。除咗張床，所有嘢都送晒俾人。,"I’m moving. Apart from the bed, I’ve given everything away.",,
cphrase_yue_119,有陣時我覺得你就算搬十次都係噉樣。,Sometimes I think you’d still be the same after ten moves.,,
cphrase_yue_12,咩都有嘞。我俾個地址你，你自己去睇啦。,"They've got everything. I'll give you the address, go have a look yourself.",,
cphrase_yue_120,唔好停喺哩度笑我啦，上去幫我搬嗰樣嘢。,Stop standing there laughing at me — come up and help me shift that thing.,,
cphrase_yue_121,仲有九日就放假，暑假你哋去邊呀？,Nine days till the holidays — where are you lot going over the summer?,,
cphrase_yue_122,未夠人齊，得三個。差幾百蚊都仲未計掂。,"Not enough of us yet — only three. And we’re a few hundred short, still not worked out.",,
cphrase_yue_123,我幫你數清楚。你撳機攞錢先啦。,I’ll count it properly for you. Go take money out at the machine first.,,
cphrase_yue_124,低過三千我就唔去喇。好彩你唔係話請個靚女嚟。,Under three thousand and I’m not going. Lucky you’re not talking about inviting some girl along.,,
cphrase_yue_125,你部機係咪正版㗎？個價平得好交關喎。,Is your machine the real thing? That price is suspiciously cheap.,,
cphrase_yue_126,多數係啦。我企咗成個鐘頭先買到，好唔容易。,Probably. I stood for a whole hour before I got one — not easy at all.,,
cphrase_yue_127,我發現部機好熱喎，唔舒服就唔好用。,"I notice it gets really hot. If it doesn’t feel right, don’t use it.",,
cphrase_yue_128,唔好嗌住，等我問下我老公佢識唔識整。,Don’t start shouting — let me ask my husband if he can fix it.,,
cphrase_yue_129,隔離屋琴晚兩點仲喺度嘈，我瞓唔到。,Next door was still making noise at two last night — I couldn’t sleep.,,
cphrase_yue_13,我哋而家買定遲啲買呀？,Should we buy it now or later?,,
cphrase_yue_130,你有冇打電話上去問下？佢可能想解釋下。,Did you ring up and ask? They might want to explain.,,
cphrase_yue_131,一般我唔想搞。哩度環境好，唔想搞到咁差。,Normally I don’t want the fuss. It’s a nice place here — I don’t want to sour it.,,
cphrase_yue_132,咁你出邊行下先啦。你唔講我幫你講，唔使多謝。,"Then go for a walk outside first. If you won’t say it, I will — no need to thank me.",,
cphrase_yue_133,你搞錯咗，我叫你拎封信，唔係嗰封。,"You’ve got it wrong — I asked you for the letter, not that one.",,
cphrase_yue_134,邊封呀？黃色定係白色？我點知呀。,Which one? The yellow or the white? How am I supposed to know.,,
cphrase_yue_135,醫生嗰封。話時話，佢啱啱打過嚟話遲半個鐘。,"The doctor’s one. By the way, he just rang to say he’ll be half an hour late.",,
cphrase_yue_136,咁我哋唔使咁迫喇，將來記得寫低啲嘢。,"Then we’re not so rushed. In future, remember to write things down.",,
cphrase_yue_137,佢哋結婚喎，聽日搭飛機返美國。,"They’re getting married, apparently — flying back to the States tomorrow.",,
cphrase_yue_138,我越來越唔明佢哋。開頭話喺度搞，後來又話唔搞。,"I understand them less and less. First they said they’d do it here, then they said no.",,
cphrase_yue_139,佢寧願亂啲都唔想成班親戚嚟。,She’d rather it be a bit chaotic than have the whole family turn up.,,
cphrase_yue_14,哩個好似平啲喎，嗰個貴好多。,This one seems a bit cheaper — that one's way more expensive.,,
cphrase_yue_140,講真，佢哋嘅生活我永遠都唔會過得慣。,"Honestly, I could never get used to the way they live.",,
cphrase_yue_141,我家姐揾咗成個月工，仲未有消息。,My sister’s been job hunting a whole month and still nothing.,,
cphrase_yue_142,佢不嬲都揀得好緊要。唔通份份都睇唔上眼咩？,She’s always been fussy. Surely not every single one is beneath her?,,
cphrase_yue_143,冇錯。為咗份人工，佢嘥咗好多時間見工。,"Exactly. For the sake of the pay, she’s wasted loads of time on interviews.",,
cphrase_yue_144,叫佢問下我阿哥啦，佢間公司遲啲請人。,Tell her to ask my brother — his firm is hiring soon.,,
cphrase_yue_145,聖誕嗰晚我哋去屯門間酒店食飯，你去唔去？,We’re eating at that hotel in Tuen Mun on Christmas night — are you coming?,,
cphrase_yue_146,個價錢點呀？我怕貴到爛。,What’s the price like? I’m afraid it’s ruinously expensive.,,
cphrase_yue_147,一千一位，包酒。哩個城市邊度唔係咁㗎。,"A thousand a head, drinks included. Where in this city isn’t like that?",,
cphrase_yue_148,咁我認咗佢啦。不過嗰間舖啲牌子好廢，唔好去。,"Fine, I’ll take it. But the brands in that shop are rubbish — don’t bother.",,
cphrase_yue_149,琴日食嘢嗰陣突然間隻牙好痛，點算好？,"Yesterday while eating, one of my teeth suddenly hurt a lot — what should I do?",,
cphrase_yue_15,咪住，我諗下先。因為我聽日先出糧。,"Hold on, let me think. Because I don't get paid till tomorrow.",,
cphrase_yue_150,正常啦，你成日食糖。暫時咪咬硬嘢囉。,"No wonder, you eat sweets all day. Just don’t bite anything hard for now.",,
cphrase_yue_151,睇牙好貴，我得幾個毫子㗎咋。,The dentist is expensive and I’ve only got a few coins.,,
cphrase_yue_152,唔睇影響更加大，個八都要睇。快啲去啦。,Not going has bigger consequences — go even if you’re down to your last dollar eighty. Hurry up.,,
cphrase_yue_153,你個缸啲水草死咗一半，咩原因呀？,Half the plants in your tank have died — what’s the reason?,,
cphrase_yue_154,我上個月骨折，成個月冇換水，直頭壞晒。,I broke a bone last month and didn’t change the water for a whole month — it’s just completely ruined.,,
cphrase_yue_155,我唔信淨係為咗換水。你係咪太深咗個缸？,I don’t believe it’s only the water changes. Isn’t your tank too deep?,,
cphrase_yue_156,唔好傾住喇，你幫我攞啲貨返嚟先。,Let’s not get into it now — go get the supplies for me first.,,
cphrase_yue_157,舊年畢咗業，本來話返大陸做嘢，點知冇去成。,"I graduated last year and was going to work up north, but it never happened.",,
cphrase_yue_158,我上年都係。我老豆唔肯，講嘢好惡。,Same for me last year. My dad wouldn’t have it — he speaks harshly.,,
cphrase_yue_159,我最憎人一朝頭早就播新聞嗌醒我。,What I hate most is someone blasting the news first thing in the morning and waking me up.,,
cphrase_yue_16,如果係噉，跟住買啦，唔急㗎。,"If that's how it is, buy it after. No rush.",,
cphrase_yue_160,各有各法啦。你返去唱句歌就冇事㗎喇。,"Everyone has their own way. Go home, sing a line of something, and you’ll be fine.",,
cphrase_yue_161,佢失咗業三個月喇，成日話經濟差。,He’s been out of work three months and keeps saying the economy is bad.,,
cphrase_yue_162,佢當我哋幫佢係老奉，我夾夠喇。,He takes our help for granted — I’ve chipped in enough.,,
cphrase_yue_163,小心啲講。佢同你阿哥有關係㗎。,Careful what you say. He’s connected to your brother.,,
cphrase_yue_164,到時我搭巴士走，記得幫我買個電芯。,I’ll take the bus off when the time comes — remember to get me a battery.,,
cphrase_yue_165,冬天仲開冷氣？你有冇搞錯呀。,Air-con in winter? Are you serious?,,
cphrase_yue_166,我啱啱返到，成身汗。等咁上下我就熄。,I just got back and I’m soaked. Give it a bit and I’ll turn it off.,,
cphrase_yue_167,嗰陣個掣甩咗，你梗係唔記得整。,The switch came off a while back — of course you forgot to fix it.,,
cphrase_yue_168,唔好無端端鬧我啦。細路先會喊㗎咋。,Don’t tell me off out of nowhere. Only kids cry about it.,,
cphrase_yue_169,今晚睇電影定係喺屋企？我費事出去。,Film tonight or stay in? I can’t be bothered going out.,,
cphrase_yue_17,你揾緊人夾租呀？,You looking for someone to split rent with?,,
cphrase_yue_170,去啦。夜晚搭火車好快，唔使幾耐。,Let’s go. The train’s quick at night — it won’t take long.,,
cphrase_yue_171,嗰隻嚇死人㗎，我睇完會發夢。,That one’s terrifying — I’ll have dreams after watching it.,,
cphrase_yue_172,你性格就係噉。快啲決定啦，唔好望住個面。,That’s just how you are. Decide quickly and stop staring at your screen.,,
cphrase_yue_173,我想申請做補習，不過冇乜經驗。,"I want to apply to do tutoring, but I haven’t much experience.",,
cphrase_yue_174,簡單啫。你識講普通話，比好多人好㗎喇。,It’s easy. You speak Mandarin — that already puts you ahead of a lot of people.,,
cphrase_yue_175,要準備邊啲嘢？我怕佢問啲類似嘅問題。,What do I need to prepare? I’m worried they’ll ask that sort of question.,,
cphrase_yue_176,佢哋多數接電話問幾句咋。唔使咁緊張。,Mostly they just ring and ask a couple of questions. No need to be so tense.,,
cphrase_yue_177,你日日喺度噏股票，唔好煩我啦。,You go on about stocks every single day — leave me alone.,,
cphrase_yue_178,我捱咗幾年先開到間舖頭，你估容易咩？,I grafted for years before I could open that shop — you think it’s easy?,,
cphrase_yue_179,知啦。不過你啲款冇乜特色，任何舖都有。,I know. But your styles have no character — any shop has them.,,
cphrase_yue_18,係啊，自己住太貴喇，所以想揾多兩個人。,"Yeah, living alone got too pricey, so I want to find a couple more people.",,
cphrase_yue_180,咁你話點囉。讓你揀一款，我入貨。,Then you say. I’ll let you pick one style and I’ll order it.,,
cphrase_yue_181,禮拜六屋企人上嚟，間屋核突到死。,The family’s coming over Saturday and the flat is disgusting.,,
cphrase_yue_182,比起上年好好多喇。你都慣咗㗎啦。,It’s much better than last year. You’re used to it by now anyway.,,
cphrase_yue_183,我執到咁滯喇，淨係中間嗰笪未掂。,I’ve nearly finished tidying — only that patch in the middle isn’t done.,,
cphrase_yue_184,經過門口嗰陣扮下唔見到咪得囉。,Just pretend not to see it when you walk past the door.,,
cphrase_yue_185,佢硬係遲到，我覺得佢特登㗎。,She’s always late — I reckon she does it on purpose.,,
cphrase_yue_186,唔好咁講。琴日上堂佢唔見咗個袋。,Don’t say that. She lost her bag in class yesterday.,,
cphrase_yue_187,咁又係。我哋沙田間戲院等佢啦。,Fair enough. Let’s wait for her at the cinema in Sha Tin.,,
cphrase_yue_188,記得熄電話。佢個態度唔好，但套戲音樂好正。,"Remember to switch off your phone. Her attitude’s poor, but the film’s music is superb.",,
cphrase_yue_189,我老婆嘅諗法變咗，甚至乎話唔做市場嗰行。,My wife’s thinking has changed — she’s even saying she’ll leave marketing.,,
cphrase_yue_19,我同埋我同學可能有興趣啫。,"Me and my classmate might be interested, that's all.",,
cphrase_yue_190,你接受到咩？佢努力咗咁多年㗎喎。,Can you accept that? She’s worked at it for so many years.,,
cphrase_yue_191,佢身體唔掂，成日焗到嘔。我唔攔佢。,Her health isn’t good — the stuffiness makes her sick. I won’t stand in her way.,,
cphrase_yue_192,咁乖仔啦你。所以先話你哋夾。,Good lad. That’s exactly why people say you two work.,,
cphrase_yue_193,不如一次過做晒佢，唔好分幾日。,Why not do it all in one go rather than splitting it over days?,,
cphrase_yue_194,到底邊個話要分開做㗎？,Who actually said it had to be split up?,,
cphrase_yue_195,冇人話。我上面問過，佢哋冇出聲。,Nobody. I asked upstairs and they said nothing.,,
cphrase_yue_196,噉即係得㗎啦。做完仲有時間執乾淨。,Then it’s fine. We’ll even have time to tidy up after.,,
cphrase_yue_197,你今次合唔合格呀？,Did you pass this time?,,
cphrase_yue_198,合格咗。就噉過咗，實在唔知點解。,I passed. Just scraped through — honestly no idea how.,,
cphrase_yue_199,好笑喎。你溫咗幾十個鐘㗎嘛。,That’s funny — you revised for dozens of hours.,,
cphrase_yue_2,你好！我係小美。你係唔係學生呀？,Hi! I'm Siu Mei. Are you a student?,,
cphrase_yue_20,好多謝晒！譬如今晚傾下，得唔得？,Thanks so much! Say we chat tonight — that work?,,
cphrase_yue_200,係囉。搞掂喇，可以去台灣玩喇。,Right. It’s done — now I can go to Taiwan.,,
cphrase_yue_201,旺角好難泊車，慳返啲時間唔好揸車去。,Mong Kok’s a nightmare to park in — save yourself the time and don’t drive.,,
cphrase_yue_202,噉我搭車啦。順便食個早餐。,"I’ll take transport then, and grab breakfast on the way.",,
cphrase_yue_203,記得閂咗個掣，同埋啲嘢收埋佢。,Remember to switch it off and put your things away.,,
cphrase_yue_204,知喇。業主今日嚟睇，唔好搞到咁亂。,I know. The landlord’s coming to look today — don’t leave it in a state.,,
cphrase_yue_205,琴日發生咩事？我當時唔喺度。,What happened yesterday? I wasn’t there at the time.,,
cphrase_yue_206,測驗改咗日子，結果一半人唔知。,"The test got moved, and half of them didn’t know.",,
cphrase_yue_207,佢冇發啲資料出嚟咩？,Didn’t they send the information out?,,
cphrase_yue_208,發咗，不過寫得好差，質素成問題。,"They did, but it was badly written — the quality was the problem.",,
cphrase_yue_209,我趕住去銀行，佢哋五點就閂。,I’m rushing to the bank — they shut at five.,,
cphrase_yue_21,點解你成日食嗰間？,Why do you always eat at that place?,,
cphrase_yue_210,追咗幾耐喇？成個過程好慢喎。,How long have you been chasing it? The whole process is so slow.,,
cphrase_yue_211,間唔中打去問下，最重要係唔好停。,I ring now and then — the main thing is not to let it drop.,,
cphrase_yue_212,我阿爸都試過，追咗大半年。,My dad went through the same — chased it the best part of a year.,,
cphrase_yue_213,七點出街食飯，九點半返到。,"Out at seven for dinner, back by half nine.",,
cphrase_yue_214,以後唔好咁夜啦，聽日仲要返工。,Don’t make it so late in future — there’s work tomorrow.,,
cphrase_yue_215,知喇。套戲個劇情好吸引，睇完先走。,I know. The film’s story really pulls you in — I’ll go once it’s done.,,
cphrase_yue_216,個主角係邊個？咁多人講。,Who’s the lead? Everyone’s talking about it.,,
cphrase_yue_22,因為最平囉，四十蚊有隻大碗。,Because it's the cheapest — forty bucks gets you a big bowl.,,
cphrase_yue_23,不過我上次去，佢已經賣晒喇。,But last time I went they'd already sold out.,,
cphrase_yue_24,嗰陣時太夜嘞。應該六點或者七點去先啱。,You went too late. You should go at six or seven — that's the right time.,,
cphrase_yue_25,喂，你識唔識阿強？,"Hey, do you know Ah Keung?",,
cphrase_yue_26,識啊，成日喺嗰度見到佢。,"Yeah, I see him over there all the time.",,
cphrase_yue_27,佢有冇講過鍾意邊間？我想去試下。,Has he ever said which one he likes? I want to give it a go.,,
cphrase_yue_28,佢話香港哩啲舖頭好似都差唔多咋。,"He says these Hong Kong shops are all much of a muchness, that's all.",,
cphrase_yue_29,我走嗰時候，邊個養隻貓呀？,"When I'm away, who's feeding the cat?",,
cphrase_yue_3,係啊，我係學生。你呢？,"Yes, I'm a student. And you?",,
cphrase_yue_30,梗係我囉，你唔使驚。,"Me, obviously. You don't need to worry.",,
cphrase_yue_31,噉你點樣入到去攞啲嘢食？,So how are you getting in to grab the food?,,
cphrase_yue_32,你開咗門俾我就得囉，唔好搞到咁複雜。,"Just leave the door open for me, that's all. Don't overcomplicate it.",,
cphrase_yue_33,你哋考完之後去邊飲嘢呀？,Where are you lot going for drinks after the exam?,,
cphrase_yue_34,唉，重未考完，唔好講住。,"Ugh, it's not over yet. Don't jinx it.",,
cphrase_yue_35,嗱，我識嗰間好靚，不過貴啲。,"Look, I know a place that's really nice — bit pricey though.",,
cphrase_yue_36,有啲同學喺嗰間公司做，佢話可以平啲。,Some classmates work at that company — they said they can get it cheaper.,,
cphrase_yue_37,呢條幾多錢賣呀？,How much are you selling this one for?,,
cphrase_yue_38,一百蚊。人哋賣一百五㗎唧。,"A hundred. Other people sell it for one-fifty, you know.",,
cphrase_yue_39,幫幫手啦，八十啱唔啱？,"Do me a favour — eighty, is that alright?",,
cphrase_yue_4,我都係囖。噉我哋有啲嘢一樣喇。,"I am too. So we have a few things in common, then.",,
cphrase_yue_40,算啦算啦，快啲攞去，我要收檔返屋企喇。,"Fine, fine, take it and go. I'm packing up and heading home.",,
cphrase_yue_41,哎吔，我打咗三次電話你都冇聽。,Oh no — I rang you three times and you didn't pick up.,,
cphrase_yue_42,原來係你？我以為係公司搵我。,"Oh, it was you? I thought it was work calling.",,
cphrase_yue_43,唔好意思，唔夠時間解釋。有個問題想問你。,"Sorry, no time to explain. I've got a question for you.",,
cphrase_yue_44,講啦，聽到你把聲我都開心。,Go on. Just hearing your voice makes me happy.,,
cphrase_yue_45,以前哩啲魚平好多㗎。,This fish used to be a lot cheaper.,,
cphrase_yue_46,係啊，而家太貴，我淨係買少少。,"Yeah, too expensive now — I only buy a little bit.",,
cphrase_yue_47,大家都話難做，不過又唔見佢哋收檔。,"Everyone says business is hard, but you don't see them shutting up shop either.",,
cphrase_yue_48,不如試下裏邊嗰間，聽講平啲。,How about we try the one inside — they say it's cheaper.,,
cphrase_yue_49,我今日去剪頭髮，等咗成粒鐘。,I went for a haircut today and waited a whole hour.,,
cphrase_yue_5,喂，你去咗邊呀？我等咗你幾耐嚹。,"Hey, where'd you go? I've been waiting ages for you.",,
cphrase_yue_50,通常唔使咁耐㗎喎，今日點解？,It doesn't usually take that long. What happened today?,,
cphrase_yue_51,唔知道，可能其他客多咗。整完之後又唔同咗個樣。,No idea — maybe more customers. And after it was done I looked different anyway.,,
cphrase_yue_52,辛苦晒。亦都唔差吖，我覺得幾靚。,You poor thing. It's not bad though — I reckon it looks good.,,
cphrase_yue_53,弊，我又唔記得帶本書。,"Damn, I forgot to bring the book again.",,
cphrase_yue_54,第一次咩？你差唔多次次都係噉。,"First time, is it? You do this pretty much every time.",,
cphrase_yue_55,唔好笑我啦。你架車喺邊度？我哋一齊返去攞。,Don't laugh at me. Where's your car? Let's go back and get it together.,,
cphrase_yue_56,落面等啦。你着返件外套先，出面凍。,Wait downstairs. Put your jacket on first — it’s cold out.,,
cphrase_yue_57,我哋幾時去旅行？揀邊個地方好？,When are we travelling? Which place should we pick?,,
cphrase_yue_58,一係去日本，一係喺附近行下。,"Either Japan, or just wander somewhere nearby.",,
cphrase_yue_59,日本梗係犀利啲啦，不過貴到死。,"Japan's obviously the better one, but it's dead expensive.",,
cphrase_yue_6,唔係啩，我話咗今日唔得㗎喎。,No way — I did say I couldn't make it today.,,
cphrase_yue_60,噉唔使諗喇，之前儲落嗰啲錢應該掂嘅。,Nothing to think about then — the money we saved before should cover it.,,
cphrase_yue_61,頭先嗰個係翻版嚟㗎，你睇下啲英文字。,That one just now is a knock-off — look at the English on it.,,
cphrase_yue_62,哎吔，我以為係真嘅。,"Oh no, I thought it was real.",,
cphrase_yue_63,根本冇可能咁平。特別係哩件。,There's no way it'd be that cheap. Especially this one.,,
cphrase_yue_64,即刻攞返去換啦，我而家先明。,I'll take it straight back and swap it. Only now do I get it.,,
cphrase_yue_65,我每個禮拜五都要做到半夜。,Every Friday I have to work till midnight.,,
cphrase_yue_66,咁衰？賺唔賺得多啲呀？,That rough? Do you at least earn more for it?,,
cphrase_yue_67,啱啱夠交租咋。然之後又繼續。,Only just enough for rent. And then it starts again.,,
cphrase_yue_68,坐低唞下啦，一樣咁攰嘅，唔差你一個鐘。,Sit down and rest. You're knackered either way — one hour won't make the difference.,,
cphrase_yue_69,今日出去睇嗰套戲好唔好睇？,Was that film you went out to see any good?,,
cphrase_yue_7,但係嗰啲人又話你會嚟。,But that lot said you were coming.,,
cphrase_yue_70,頭半個鐘好悶，後面先至好睇。,The first half hour was dull — it only got good later on.,,
cphrase_yue_71,噉即係唔緊要囉，我全部都未睇過。,So it doesn't much matter — I haven't seen any of them.,,
cphrase_yue_72,返工之前傾多陣啦，我個感覺係你會鍾意。,Let's chat a bit more before work. My feeling is you'd like it.,,
cphrase_yue_73,哩度好凍呀，可唔可以換個位？,It’s freezing here — can we swap seats?,,
cphrase_yue_74,跟我坐嗰邊啦，個個都話嗰邊暖啲。,Come sit over there with me — everyone says that side’s warmer.,,
cphrase_yue_75,實係啦。我朋友早咗嚟，佢都係噉講。,Must be. My mate got here early and said the same.,,
cphrase_yue_76,噉唔需要理由喇，快啲換啦，坐喺度好悶。,"No need for a reason then — hurry up and move, sitting here is dull.",,
cphrase_yue_77,我細個好肥㗎，你記唔記得？,I was really chubby as a kid — do you remember?,,
cphrase_yue_78,記得嘍。嗰陣考試前你重要食多兩碗飯。,I do. Back then you’d eat two extra bowls before an exam.,,
cphrase_yue_79,而家情況更加差，人工少咗，重要慳。,It’s worse now — pay’s down and I still have to save.,,
cphrase_yue_8,噉樣就冇計喇。下次一齊去啦。,Nothing to be done then. Let's go together next time.,,
cphrase_yue_80,望住今年好啲啦。行，食飯先。,"Here’s hoping this year’s better. Come on, food first.",,
cphrase_yue_81,我介紹下，哩位係我大佬，佢姓陳。,"Let me introduce you — this is my big brother, surname Chan.",,
cphrase_yue_82,你好，點稱呼呀？我基本上都記唔到名。,"Hi, what should I call you? I basically never remember names.",,
cphrase_yue_83,叫佢阿陳得㗎喇。佢搭車嚟，坐咗四十分鐘。,"Just call him Ah Chan. He took the bus, forty minutes of it.",,
cphrase_yue_84,一路企住呀？辛苦晒。入嚟坐低啦。,Standing the whole way? Poor you. Come in and sit down.,,
cphrase_yue_85,哩個真係抵，起碼平咗一半。,This is a proper bargain — at least half off.,,
cphrase_yue_86,勁喎。不過未必個個都覺得抵嘅。,Impressive. Though not everyone would think it’s worth it.,,
cphrase_yue_87,總之我完全滿意，希望佢哋唔好加價。,Anyway I’m completely happy — hope they don’t put the price up.,,
cphrase_yue_88,搞笑，你講嘢嘅意思即係想我都買囉。,Funny — what you mean is you want me to buy one too.,,
cphrase_yue_89,最近好無聊，日日飲奶茶等放工。,Lately it’s so dull — milk tea every day waiting for knock-off.,,
cphrase_yue_9,你覺得嗰間舖頭做得點呀？,What do you reckon about how that shop is doing?,,
cphrase_yue_90,上次同事叫你去跳舞，好玩㗎喎。,Last time a colleague asked you dancing — that was fun.,,
cphrase_yue_91,我最後冇去。連水都唔想飲，好攰。,I didn’t end up going. Too tired to even drink water.,,
cphrase_yue_92,借我啲力啦。行啦，我請你飲杯凍嘅。,"Lend me some energy. Come on, I’ll buy you a cold one.",,
cphrase_yue_93,講真，哩份工作我做唔落去。,"Honestly, I can’t keep doing this job.",,
cphrase_yue_94,同老細講咗未？佢會明嘅啩。,Have you told the boss? He’d probably understand.,,
cphrase_yue_95,平時佢淨係識鬧人。我諗唔到辦法。,Normally he only knows how to tell people off. I can’t think of a way.,,
cphrase_yue_96,聽日早啲起身，去到公司先傾。做嘢之前佢好講嘢啲。,Get up early tomorrow and talk when you get in. He’s easier to talk to before work starts.,,
cphrase_yue_97,十二號嗰晚我哋入去食飯，你訂咗枱未呀？,We’re going in for dinner on the 12th — have you booked a table yet?,,
cphrase_yue_98,訂咗喇。不過間舖本身唔算大，我哋坐入邊張枱。,"Booked. But the place isn’t big to begin with, so let’s take the table inside.",,
cphrase_yue_99,入邊好啲咯。出面部電視係噉播，好嘈。,"Inside is better, yeah. The telly out front plays non-stop — it’s loud.",,
lesson_yue_l1_v0,係,to be / yes,,
lesson_yue_l1_v1,啊,(particle — softens a statement),,
lesson_yue_l1_v10,就,then / precisely,,
lesson_yue_l1_v11,即係,that is / meaning,,
lesson_yue_l1_v12,嘅,"(possessive — ""of"")",,
lesson_yue_l1_v13,喇,(particle — something has changed),,
lesson_yue_l1_v14,個,(classifier — general),,
lesson_yue_l1_v15,囖,"(particle — ""obviously"", ""that’s just how it is"")",,
lesson_yue_l1_v16,啲,a bit / some / (plural marker),,
lesson_yue_l1_v17,有,to have / there is,,
lesson_yue_l1_v2,我,I / me,,
lesson_yue_l1_v3,噉,so / then / in that case,,
lesson_yue_l1_v4,呢,"(particle — ""and what about…?"")",,
lesson_yue_l1_v5,你,you,,
lesson_yue_l1_v6,佢,he / she / it,,
lesson_yue_l1_v7,都,also / too / all,,
lesson_yue_l1_v8,唔,not,,
lesson_yue_l1_v9,好,good / very,,
lesson_yue_l10_v0,幫,to help,,
lesson_yue_l10_v1,幾多,how many / how much,,
lesson_yue_l10_v10,快,fast / quick,,
lesson_yue_l10_v11,條,(classifier — long thin things),,
lesson_yue_l10_v12,行,row,,
lesson_yue_l10_v13,算,to count / forget it,,
lesson_yue_l10_v14,返來,to come back,,
lesson_yue_l10_v15,屋企,home,,
lesson_yue_l10_v16,變,to change / to become,,
lesson_yue_l10_v17,月,month / moon,,
lesson_yue_l10_v2,十,ten,,
lesson_yue_l10_v3,啱,right / correct / to fit,,
lesson_yue_l10_v4,一定,definitely / must,,
lesson_yue_l10_v5,賣,to sell,,
lesson_yue_l10_v6,一啲,a little / some,,
lesson_yue_l10_v7,定,or (in a choice) / settled,,
lesson_yue_l10_v8,人哋,other people / someone else,,
lesson_yue_l10_v9,唧,"(particle — coaxing, ""you know"")",,
lesson_yue_l11_v0,本,(classifier — books),,
lesson_yue_l11_v1,上,to go up / on top,,
lesson_yue_l11_v10,開心,happy,,
lesson_yue_l11_v11,哎吔,(oh no / oh dear),,
lesson_yue_l11_v12,原來,so it turns out / actually,,
lesson_yue_l11_v13,另外,besides / another,,
lesson_yue_l11_v14,種,kind / type,,
lesson_yue_l11_v15,請,to invite / please,,
lesson_yue_l11_v16,走,to go / to leave,,
lesson_yue_l11_v17,工,work / labour,,
lesson_yue_l11_v2,唔好,don't,,
lesson_yue_l11_v3,打,to hit / to make (a call),,
lesson_yue_l11_v4,電話,telephone / a phone call,,
lesson_yue_l11_v5,夠,enough,,
lesson_yue_l11_v6,時間,time,,
lesson_yue_l11_v7,問題,question / problem,,
lesson_yue_l11_v8,比較,comparatively / to compare,,
lesson_yue_l11_v9,鬼,ghost / (intensifier: bloody),,
lesson_yue_l12_v0,太,too / excessively,,
lesson_yue_l12_v1,魚,fish,,
lesson_yue_l12_v10,試,to try,,
lesson_yue_l12_v11,以前,before / in the past,,
lesson_yue_l12_v12,高,tall / high,,
lesson_yue_l12_v13,少,few / little,,
lesson_yue_l12_v14,大家,everyone,,
lesson_yue_l12_v15,哩樣,this kind / this one,,
lesson_yue_l12_v16,班,(classifier — a group of people) / class,,
lesson_yue_l12_v17,計,to calculate / a plan,,
lesson_yue_l12_v2,機,machine / phone (short for 手機),,
lesson_yue_l12_v3,難,difficult,,
lesson_yue_l12_v4,事,matter / thing / business,,
lesson_yue_l12_v5,少少,a little bit,,
lesson_yue_l12_v6,部,"(classifier — machines, vehicles)",,
lesson_yue_l12_v7,平,cheap,,
lesson_yue_l12_v8,裏邊,inside,,
lesson_yue_l12_v9,淨係,only / just,,
lesson_yue_l13_v0,寫,to write,,
lesson_yue_l13_v1,帶,to bring / to carry,,
lesson_yue_l13_v10,開始,to start,,
lesson_yue_l13_v11,㗎,"(particle — states a fact, seeks agreement)",,
lesson_yue_l13_v12,耐,long (in time),,
lesson_yue_l13_v13,落去,to go down / to carry on,,
lesson_yue_l13_v14,知道,to know (a fact),,
lesson_yue_l13_v15,辛苦,"tough / hard work / ""you poor thing""",,
lesson_yue_l13_v16,冇得,there's no way to / can't,,
lesson_yue_l13_v17,通常,usually,,
lesson_yue_l13_v2,仔,son / boy / (diminutive suffix),,
lesson_yue_l13_v3,收,to receive / to put away,,
lesson_yue_l13_v4,信,letter / to believe,,
lesson_yue_l13_v5,整,"to make / to fix / to do (hair, food)",,
lesson_yue_l13_v6,亦都,also / as well,,
lesson_yue_l13_v7,剪,to cut / to trim,,
lesson_yue_l13_v8,其他,other,,
lesson_yue_l13_v9,唔同,different,,
lesson_yue_l14_v0,有時,sometimes,,
lesson_yue_l14_v1,着,to wear / to put on,,
lesson_yue_l14_v10,正,excellent / spot on (slang),,
lesson_yue_l14_v11,科,subject / department,,
lesson_yue_l14_v12,四,four,,
lesson_yue_l14_v13,差唔多,almost / about the same,,
lesson_yue_l14_v14,一齊,together,,
lesson_yue_l14_v15,邊度,where,,
lesson_yue_l14_v16,學,to learn / to study,,
lesson_yue_l14_v17,影,to photograph / shadow,,
lesson_yue_l14_v2,新,new,,
lesson_yue_l14_v3,起,to rise / to build / to start,,
lesson_yue_l14_v4,第一,first,,
lesson_yue_l14_v5,書,book,,
lesson_yue_l14_v6,車,car / vehicle,,
lesson_yue_l14_v7,唔記得,to forget,,
lesson_yue_l14_v8,套,"(classifier — sets, films, suits)",,
lesson_yue_l14_v9,落,to bring down (off the drying line),,
lesson_yue_l15_v0,叫做,to be called / so to speak,,
lesson_yue_l15_v1,細,small / young,,
lesson_yue_l15_v10,放,to put / to release,,
lesson_yue_l15_v11,慘,rough / miserable,,
lesson_yue_l15_v12,旅行,to travel / a trip,,
lesson_yue_l15_v13,等,to wait / to let,,
lesson_yue_l15_v14,掂,sorted / all good,,
lesson_yue_l15_v15,一係,either / or else,,
lesson_yue_l15_v16,分,minute / to divide,,
lesson_yue_l15_v17,揀,to choose / to pick,,
lesson_yue_l15_v2,之前,before / previously,,
lesson_yue_l15_v3,教,to teach,,
lesson_yue_l15_v4,第二,second / another,,
lesson_yue_l15_v5,幾時,when,,
lesson_yue_l15_v6,地方,place,,
lesson_yue_l15_v7,犀利,impressive / formidable,,
lesson_yue_l15_v8,入,to enter,,
lesson_yue_l15_v9,學校,school,,
lesson_yue_l16_v0,即刻,immediately / right away,,
lesson_yue_l16_v1,而,and / yet (formal connector),,
lesson_yue_l16_v10,翻版,pirated copy / knock-off,,
lesson_yue_l16_v11,日本,Japan,,
lesson_yue_l16_v12,頭先,just now / a moment ago,,
lesson_yue_l16_v13,字,character / word,,
lesson_yue_l16_v14,大陸,mainland China,,
lesson_yue_l16_v15,信心,confidence,,
lesson_yue_l16_v16,以為,to assume (wrongly),,
lesson_yue_l16_v17,不如,how about / might as well,,
lesson_yue_l16_v2,使,to need / to use,,
lesson_yue_l16_v3,根本,fundamentally / not at all,,
lesson_yue_l16_v4,英文,English (language),,
lesson_yue_l16_v5,特別,especially / special,,
lesson_yue_l16_v6,歲,years old,,
lesson_yue_l16_v7,錯,wrong / mistake,,
lesson_yue_l16_v8,件,"(classifier — clothes, items, matters)",,
lesson_yue_l16_v9,明,to understand,,
lesson_yue_l17_v0,然之後,and then / after that,,
lesson_yue_l17_v1,每,every / each,,
lesson_yue_l17_v10,坐,to sit,,
lesson_yue_l17_v11,生,to be born / raw / alive,,
lesson_yue_l17_v12,賺,to earn,,
lesson_yue_l17_v13,鐘,clock / hour,,
lesson_yue_l17_v14,繼續,to continue,,
lesson_yue_l17_v15,有得,there's a way to / can,,
lesson_yue_l17_v16,一樣,the same,,
lesson_yue_l17_v17,碟,plate / dish,,
lesson_yue_l17_v2,禮拜,week,,
lesson_yue_l17_v3,五,five,,
lesson_yue_l17_v4,衰,rotten / lousy / mean,,
lesson_yue_l17_v5,啱啱,just now / only just,,
lesson_yue_l17_v6,嘅話,if / in the case of,,
lesson_yue_l17_v7,半,half,,
lesson_yue_l17_v8,直程,straight up / downright,,
lesson_yue_l17_v9,嗰邊,that side / over there,,
lesson_yue_l18_v0,當,to treat as / when,,
lesson_yue_l18_v1,好睇,good to watch / good-looking,,
lesson_yue_l18_v10,先至,only then / not until,,
lesson_yue_l18_v11,出去,to go out,,
lesson_yue_l18_v12,轉,to turn / to change,,
lesson_yue_l18_v13,傾,to chat,,
lesson_yue_l18_v14,今日,today,,
lesson_yue_l18_v15,字典,dictionary,,
lesson_yue_l18_v16,遠,far,,
lesson_yue_l18_v17,感覺,feeling / sense,,
lesson_yue_l18_v2,六,six,,
lesson_yue_l18_v3,全部,all / the whole lot,,
lesson_yue_l18_v4,儲,to save up / to collect,,
lesson_yue_l18_v5,戲,film / play / show,,
lesson_yue_l18_v6,返工,to come in to work,,
lesson_yue_l18_v7,緊要,important / serious,,
lesson_yue_l18_v8,頭,head / the first part,,
lesson_yue_l18_v9,讀書,to study / to be at school,,
lesson_yue_l19_v0,八,eight,,
lesson_yue_l19_v1,早,early / morning,,
lesson_yue_l19_v10,位,seat / place / (polite classifier for people),,
lesson_yue_l19_v11,理由,reason,,
lesson_yue_l19_v12,爭,to argue / to be short of,,
lesson_yue_l19_v13,朋友,friend,,
lesson_yue_l19_v14,七,seven,,
lesson_yue_l19_v15,悶,boring / stuffy,,
lesson_yue_l19_v16,但,but,,
lesson_yue_l19_v17,版,edition / version,,
lesson_yue_l19_v2,哩度,here,,
lesson_yue_l19_v3,實,surely / definitely / solid,,
lesson_yue_l19_v4,需要,to need,,
lesson_yue_l19_v5,跟,to follow / with,,
lesson_yue_l19_v6,凍,cold,,
lesson_yue_l19_v7,由,from / by,,
lesson_yue_l19_v8,個個,everyone / every one,,
lesson_yue_l19_v9,換,to change / to swap,,
lesson_yue_l2_v0,一,one,,
lesson_yue_l2_v1,唔係,isn't / no it's not,,
lesson_yue_l2_v10,但係,but,,
lesson_yue_l2_v11,冇,none / not have,,
lesson_yue_l2_v12,人,person / people,,
lesson_yue_l2_v13,噉樣,like that / in that case,,
lesson_yue_l2_v14,喀,"(particle — casual assertion, rare in writing)",,
lesson_yue_l2_v15,嚹,"(particle — ""already"", situation has changed)",,
lesson_yue_l2_v16,幾,how (much) / quite / several,,
lesson_yue_l2_v17,嗎,(question particle — far less common than 咩 in speech),,
lesson_yue_l2_v2,喎,"(particle — mild pushback, ""but actually…"")",,
lesson_yue_l2_v3,又,again / and yet,,
lesson_yue_l2_v4,話,to say / to tell,,
lesson_yue_l2_v5,到,(marks a result — managed to),,
lesson_yue_l2_v6,咗,(marks a completed action),,
lesson_yue_l2_v7,會,will / would,,
lesson_yue_l2_v8,嗰啲,those / that lot,,
lesson_yue_l2_v9,去,to go,,
lesson_yue_l20_v0,嘍,(particle — mild confirmation),,
lesson_yue_l20_v1,零,zero / and a bit,,
lesson_yue_l20_v10,嘿,(hey — calling attention),,
lesson_yue_l20_v11,望,to look / to hope,,
lesson_yue_l20_v12,方面,aspect / side,,
lesson_yue_l20_v13,考試,exam,,
lesson_yue_l20_v14,食飯,to eat a meal,,
lesson_yue_l20_v15,李,Lee (surname),,
lesson_yue_l20_v16,記得,to remember,,
lesson_yue_l20_v17,今年,this year,,
lesson_yue_l20_v2,細個,as a child / when young,,
lesson_yue_l20_v3,肥,fat / chubby,,
lesson_yue_l20_v4,更加,even more,,
lesson_yue_l20_v5,學生,student,,
lesson_yue_l20_v6,女仔,girl,,
lesson_yue_l20_v7,情況,situation,,
lesson_yue_l20_v8,人工,salary / pay,,
lesson_yue_l20_v9,所謂,so-called,,
lesson_yue_l21_v0,分鐘,minute,,
lesson_yue_l21_v1,差,bad / to differ / short of,,
lesson_yue_l21_v10,後尾,in the end / later on,,
lesson_yue_l21_v11,呵,"(particle — seeking agreement, ""right?"")",,
lesson_yue_l21_v12,基本上,basically,,
lesson_yue_l21_v13,陳,Chan (surname),,
lesson_yue_l21_v14,中,middle / China (in compounds),,
lesson_yue_l21_v15,大佬,big brother / mate / boss,,
lesson_yue_l21_v16,郵票,postage stamp,,
lesson_yue_l21_v17,炒,to stir-fry / to fire someone,,
lesson_yue_l21_v2,狗,dog,,
lesson_yue_l21_v3,架,rack,,
lesson_yue_l21_v4,名,name,,
lesson_yue_l21_v5,電腦,computer,,
lesson_yue_l21_v6,搭,to take (transport),,
lesson_yue_l21_v7,手,hand,,
lesson_yue_l21_v8,介紹,to introduce,,
lesson_yue_l21_v9,一路,all the way / all along,,
lesson_yue_l22_v0,希望,to hope,,
lesson_yue_l22_v1,完全,completely,,
lesson_yue_l22_v10,嗰時,at that time,,
lesson_yue_l22_v11,總之,anyway / in short,,
lesson_yue_l22_v12,加,to add / to increase,,
lesson_yue_l22_v13,短,short,,
lesson_yue_l22_v14,小學,primary school,,
lesson_yue_l22_v15,上邊,above / on top,,
lesson_yue_l22_v16,估,to guess,,
lesson_yue_l22_v17,起碼,at least,,
lesson_yue_l22_v2,跑,to run,,
lesson_yue_l22_v3,搞笑,funny / hilarious,,
lesson_yue_l22_v4,勁,powerful / impressive (slang),,
lesson_yue_l22_v5,袋,bag / pocket,,
lesson_yue_l22_v6,抵,worth it / good value,,
lesson_yue_l22_v7,長,long,,
lesson_yue_l22_v8,未必,not necessarily,,
lesson_yue_l22_v9,意思,meaning,,
lesson_yue_l23_v0,理,to pay attention to / reason,,
lesson_yue_l23_v1,廿,twenty,,
lesson_yue_l23_v10,連,even / including,,
lesson_yue_l23_v11,最後,finally / in the end,,
lesson_yue_l23_v12,前,front / before,,
lesson_yue_l23_v13,無聊,boring / pointless,,
lesson_yue_l23_v14,同事,colleague,,
lesson_yue_l23_v15,飛,to fly / a ticket,,
lesson_yue_l23_v16,水,water,,
lesson_yue_l23_v17,跳,to jump,,
lesson_yue_l23_v2,好玩,fun,,
lesson_yue_l23_v3,老,old,,
lesson_yue_l23_v4,洗,to wash,,
lesson_yue_l23_v5,奶茶,milk tea,,
lesson_yue_l23_v6,借,to borrow / to lend,,
lesson_yue_l23_v7,上次,last time,,
lesson_yue_l23_v8,覺,to sense / (a period of sleep),,
lesson_yue_l23_v9,最近,recently,,
lesson_yue_l24_v0,工作,work / job,,
lesson_yue_l24_v1,老細,boss,,
lesson_yue_l24_v10,去到,to arrive at / get to,,
lesson_yue_l24_v11,辦法,way / method / solution,,
lesson_yue_l24_v12,做嘢,to work / to do things,,
lesson_yue_l24_v13,英國,Britain,,
lesson_yue_l24_v14,起身,to get up,,
lesson_yue_l24_v15,頭髮,hair,,
lesson_yue_l24_v16,今,now / this (in compounds),,
lesson_yue_l24_v17,平時,usually / normally,,
lesson_yue_l24_v2,講真,honestly / to be honest,,
lesson_yue_l24_v3,改,to change / to correct,,
lesson_yue_l24_v4,譯,to translate,,
lesson_yue_l24_v5,女,female / daughter,,
lesson_yue_l24_v6,揸,to drive / to hold,,
lesson_yue_l24_v7,寄,to post / to send,,
lesson_yue_l24_v8,啩,"(particle — ""I suppose"", uncertainty)",,
lesson_yue_l24_v9,升,to rise / to be promoted,,
lesson_yue_l25_0,我本身諗住教書，反而入咗行做嘢。,"I originally meant to teach, but I ended up working in the trade instead.",,
lesson_yue_l25_1,份嘢幾時交？我仲考慮緊。,When is that thing due? I’m still thinking it over.,,
lesson_yue_l25_2,哩隻貓好得意呀，係噉望住我。,This cat is so cute — it keeps staring at me.,,
lesson_yue_l25_3,我唔信神，不過肯定有啲嘢解唔到。,"I don’t believe in god, but there are definitely things you can’t explain.",,
lesson_yue_l25_v0,本身,itself / originally / in the first place,,
lesson_yue_l25_v1,肯定,definitely / to be sure,,
lesson_yue_l25_v10,交,to hand in / to hand over,,
lesson_yue_l25_v11,電視,television,,
lesson_yue_l25_v12,得意,cute / amusing / interesting,,
lesson_yue_l25_v13,入去,to go in,,
lesson_yue_l25_v14,反而,on the contrary / instead,,
lesson_yue_l25_v15,教書,to teach (in a school),,
lesson_yue_l25_v16,考慮,to consider / to think over,,
lesson_yue_l25_v17,神,god / spirit,,
lesson_yue_l25_v2,咯,"(particle — stating the obvious, ""yeah, obviously"")",,
lesson_yue_l25_v3,走去,to go over / to head off to,,
lesson_yue_l25_v4,係噉,keeps on / non-stop,,
lesson_yue_l25_v5,將,(marker — take X and do Y to it),,
lesson_yue_l25_v6,訂,to book / to reserve / to order,,
lesson_yue_l25_v7,號,number (of a room or date),,
lesson_yue_l25_v8,擺,to put / to place,,
lesson_yue_l25_v9,入邊,inside,,
lesson_yue_l26_0,對於哩個要求，我覺得唔太合理。,"As for this demand, I don’t think it’s very reasonable.",,
lesson_yue_l26_1,先生教嘅方法同我以前學嘅唔同。,The teacher’s method is different from how I learned before.,,
lesson_yue_l26_2,嗰日有隻雀飛咗入屋，大家笑到肚痛。,A bird flew into the house the other day and everyone laughed till their sides hurt.,,
lesson_yue_l26_3,哩個社會周圍都係舊嘢，好難改。,This society is full of old habits everywhere — hard to change.,,
lesson_yue_l26_v0,究竟,on earth / actually (in questions),,
lesson_yue_l26_v1,至,only then / most,,
lesson_yue_l26_v10,先生,Mr / teacher / husband,,
lesson_yue_l26_v11,返學,to go to school,,
lesson_yue_l26_v12,社會,society,,
lesson_yue_l26_v13,遲,late,,
lesson_yue_l26_v14,舊,old (of things),,
lesson_yue_l26_v15,好彩,luckily / lucky,,
lesson_yue_l26_v16,周圍,everywhere / all around,,
lesson_yue_l26_v17,發覺,to realise / to notice,,
lesson_yue_l26_v2,對於,regarding / as for,,
lesson_yue_l26_v3,嗰日,that day / the other day,,
lesson_yue_l26_v4,阿媽,mum,,
lesson_yue_l26_v5,雀,bird,,
lesson_yue_l26_v6,笑,to laugh / to smile,,
lesson_yue_l26_v7,要求,to demand / requirement,,
lesson_yue_l26_v8,聲,voice / sound,,
lesson_yue_l26_v9,方法,method / way,,
lesson_yue_l27_0,兩個真係冇乜分別，你唔好咁傻。,There’s really no difference between the two — don’t be daft.,,
lesson_yue_l27_1,郭生喺嗰段路影咗幾張相。,Mr Kwok took a few photos along that stretch of road.,,
lesson_yue_l27_2,我跌咗粒鈕，你幫我拍張相睇下。,I dropped a button — take a photo of it for me to look at.,,
lesson_yue_l27_3,我唔清楚，返去查清楚先覆你。,I’m not sure — I’ll check when I get back and then reply to you.,,
lesson_yue_l27_v0,返去,to go back,,
lesson_yue_l27_v1,得閒,free / to have time,,
lesson_yue_l27_v10,傻,silly / daft,,
lesson_yue_l27_v11,生日,birthday,,
lesson_yue_l27_v12,郭,Kwok (surname),,
lesson_yue_l27_v13,清楚,clear / to be clear about,,
lesson_yue_l27_v14,段,"(classifier for stretches — of road, time, text)",,
lesson_yue_l27_v15,聽講,I hear that / apparently,,
lesson_yue_l27_v16,雖然,although,,
lesson_yue_l27_v17,跌,to fall / to drop,,
lesson_yue_l27_v2,叻,clever / good at something,,
lesson_yue_l27_v3,分別,difference / to distinguish,,
lesson_yue_l27_v4,查,to check / to look up,,
lesson_yue_l27_v5,真,real / really,,
lesson_yue_l27_v6,粒,(classifier for small round things),,
lesson_yue_l27_v7,拍,"to pat / to shoot (photo, film)",,
lesson_yue_l27_v8,覆,to reply / to get back to,,
lesson_yue_l27_v9,功課,homework,,
lesson_yue_l28_0,越近街口越貴，隔離條街平好多。,The closer to the corner the pricier — the next street over is much cheaper.,,
lesson_yue_l28_1,我行到隻腳都痛，然後坐低飲咗杯嘢。,"I walked till my feet hurt, then sat down and had a drink.",,
lesson_yue_l28_2,哩排興買電子嘢，好多人報咗去外國入貨。,Electronics are in right now — a lot of people signed up to go abroad and buy stock.,,
lesson_yue_l28_3,本聖經擺咗喺個櫃底好耐。,The Bible has been sitting at the bottom of the cupboard for ages.,,
lesson_yue_l28_v0,興,to be in fashion / popular,,
lesson_yue_l28_v1,底,bottom / base,,
lesson_yue_l28_v10,杯,cup / (classifier for drinks),,
lesson_yue_l28_v11,外國,foreign country / abroad,,
lesson_yue_l28_v12,報,to report / to sign up,,
lesson_yue_l28_v13,近,near / recently,,
lesson_yue_l28_v14,老闆,boss / shop owner,,
lesson_yue_l28_v15,聖經,the Bible,,
lesson_yue_l28_v16,生意,business,,
lesson_yue_l28_v17,黐線,mad / off your head — friendly between mates,,
lesson_yue_l28_v2,腳,foot / leg,,
lesson_yue_l28_v3,然後,and then / after that,,
lesson_yue_l28_v4,機會,chance / opportunity,,
lesson_yue_l28_v5,越,the more (in 越⋯越⋯),,
lesson_yue_l28_v6,麻煩,troublesome / a hassle,,
lesson_yue_l28_v7,街,street,,
lesson_yue_l28_v8,當然,of course,,
lesson_yue_l28_v9,電子,electronic,,
lesson_yue_l29_0,開頭好熱，我除咗件衫先舒服啲。,It was hot at first — I only felt better after taking off a layer.,,
lesson_yue_l29_1,嗰晚佢唱咗首中國歌，全場都靜晒。,That night he sang a Chinese song and the whole room went silent.,,
lesson_yue_l29_2,走之前記得關燈，唔係業主會鬧。,"Remember to switch off the lights before you go, or the landlord will have a go at you.",,
lesson_yue_l29_3,我一坐親哩張凳就腰痛。,Every time I sit in this chair my back hurts.,,
lesson_yue_l29_v0,排,to line up / row / (哩排 = lately),,
lesson_yue_l29_v1,只係,only / just,,
lesson_yue_l29_v10,原本,originally,,
lesson_yue_l29_v11,歌,song,,
lesson_yue_l29_v12,關,to close / to switch off,,
lesson_yue_l29_v13,租,to rent / rent,,
lesson_yue_l29_v14,親,(suffix — whenever / to get hurt doing something),,
lesson_yue_l29_v15,興趣,interest,,
lesson_yue_l29_v16,熱,hot,,
lesson_yue_l29_v17,而且,moreover / and what’s more,,
lesson_yue_l29_v2,所有,all / every,,
lesson_yue_l29_v3,開頭,at first / the beginning,,
lesson_yue_l29_v4,可,can / may,,
lesson_yue_l29_v5,衫,clothes / a top,,
lesson_yue_l29_v6,晚,night / (classifier for evenings),,
lesson_yue_l29_v7,中國,China,,
lesson_yue_l29_v8,辭典,dictionary,,
lesson_yue_l29_v9,咖啡,coffee,,
lesson_yue_l3_v0,覺得,to think / to feel,,
lesson_yue_l3_v1,乜嘢,what,,
lesson_yue_l3_v10,得,to be OK / can / (marks manner),,
lesson_yue_l3_v11,來,to come,,
lesson_yue_l3_v12,俾,to give / to let,,
lesson_yue_l3_v13,喺,at / in / to be located,,
lesson_yue_l3_v14,咁,so / such (+ adjective),,
lesson_yue_l3_v15,其實,actually / in fact,,
lesson_yue_l3_v16,嘞,"(particle — settled, ""there you go"")",,
lesson_yue_l3_v17,嗰,that,,
lesson_yue_l3_v2,吖,"(particle — friendly, softening)",,
lesson_yue_l3_v3,要,to want / to need / must,,
lesson_yue_l3_v4,講,to speak / to say,,
lesson_yue_l3_v5,做,to do / to make,,
lesson_yue_l3_v6,真係,really / truly,,
lesson_yue_l3_v7,嘢,thing / stuff,,
lesson_yue_l3_v8,知,to know,,
lesson_yue_l3_v9,睇,to look / to watch / to read,,
lesson_yue_l30_0,佢喺廠度做咗好耐，能力冇人信得過。,He’s worked at the factory for years — nobody doubts his ability.,,
lesson_yue_l30_1,我留咗個位俾你，唔好話我唔敢諗你。,I saved a seat for you — don’t say I didn’t think of you.,,
lesson_yue_l30_2,哩個國家啲嘢好似我哋嗰樣，價錢削咗一半。,"Things in this country are like ours, but the prices are cut in half.",,
lesson_yue_l30_3,佢錄咗我把聲，係唔係好衰？,He recorded my voice — isn’t that awful of him?,,
lesson_yue_l30_v0,留,to keep / to stay / to leave behind,,
lesson_yue_l30_v1,今次,this time,,
lesson_yue_l30_v10,能力,ability,,
lesson_yue_l30_v11,送,to give (a gift) / to see off,,
lesson_yue_l30_v12,廠,plant / site,,
lesson_yue_l30_v13,錄,to record,,
lesson_yue_l30_v14,似,to resemble / like,,
lesson_yue_l30_v15,國家,country,,
lesson_yue_l30_v16,搬,"to move (house, an object)",,
lesson_yue_l30_v17,嗰樣,that one / that kind,,
lesson_yue_l30_v2,有陣時,sometimes,,
lesson_yue_l30_v3,除咗,apart from / besides,,
lesson_yue_l30_v4,係唔係,is it / isn’t it,,
lesson_yue_l30_v5,停,to stop,,
lesson_yue_l30_v6,就算,even if,,
lesson_yue_l30_v7,敢,to dare,,
lesson_yue_l30_v8,削,to cut down / to peel,,
lesson_yue_l30_v9,上去,to go up,,
lesson_yue_l31_0,黃生話政府始終會出手，我覺得好奇怪。,Mr Wong says the government will step in eventually — I find that odd.,,
lesson_yue_l31_1,份飯包唔包飲品㗎？,Does the meal include a drink?,,
lesson_yue_l31_2,其中一塊爛咗，換一塊得唔得？,One of them is broken — can I swap it for another?,,
lesson_yue_l31_3,放假前要交晒啲數，唔好留低。,All the accounts have to be handed in before the holiday — don’t leave any.,,
lesson_yue_l31_v0,放假,to be on holiday / a day off,,
lesson_yue_l31_v1,暑假,summer holiday,,
lesson_yue_l31_v10,政府,government,,
lesson_yue_l31_v11,奇怪,strange / odd,,
lesson_yue_l31_v12,低,low / to lower,,
lesson_yue_l31_v13,塊,(classifier for flat pieces),,
lesson_yue_l31_v14,黃,Wong (surname) / yellow,,
lesson_yue_l31_v15,其中,among them / one of which,,
lesson_yue_l31_v16,始終,in the end / all along,,
lesson_yue_l31_v17,靚女,pretty girl / miss (friendly address),,
lesson_yue_l31_v2,包,to include / bag / bun,,
lesson_yue_l31_v3,九,nine,,
lesson_yue_l31_v4,百,hundred,,
lesson_yue_l31_v5,齊,complete / all present,,
lesson_yue_l31_v6,飯,rice / a meal,,
lesson_yue_l31_v7,數,to count / a bill / a figure,,
lesson_yue_l31_v8,假,holiday / fake,,
lesson_yue_l31_v9,撳,to press / to withdraw (cash),,
lesson_yue_l32_0,我喺澳洲住咗兩年，講英文容易咗好多。,I lived in Australia two years and speaking English got a lot easier.,,
lesson_yue_l32_1,佢肯溫書就得，冇乜特別方法。,"If he’s willing to revise, that’s enough — there’s no special trick.",,
lesson_yue_l32_2,條線俾隻狗咬爛咗，普通舖頭都有得換。,The dog chewed the cable through — any ordinary shop can replace it.,,
lesson_yue_l32_3,我企喺地下等咗好耐，個價都唔平。,"I stood downstairs waiting ages, and the price still wasn’t cheap.",,
lesson_yue_l32_v0,線,line / wire / thread,,
lesson_yue_l32_v1,舒服,comfortable / feeling well,,
lesson_yue_l32_v10,容易,easy,,
lesson_yue_l32_v11,價,price,,
lesson_yue_l32_v12,普通,ordinary / common,,
lesson_yue_l32_v13,英,English / British (in compounds),,
lesson_yue_l32_v14,鐘頭,hour,,
lesson_yue_l32_v15,企,to stand,,
lesson_yue_l32_v16,發現,to discover / to notice,,
lesson_yue_l32_v17,嗌,to shout / to argue,,
lesson_yue_l32_v2,地,ground / land / (place suffix),,
lesson_yue_l32_v3,正版,genuine / the official version,,
lesson_yue_l32_v4,溫,to revise / warm,,
lesson_yue_l32_v5,老公,husband,,
lesson_yue_l32_v6,澳洲,Australia,,
lesson_yue_l32_v7,咬,to bite,,
lesson_yue_l32_v8,肯,to be willing to,,
lesson_yue_l32_v9,多數,mostly / probably,,
lesson_yue_l33_0,哩間大學嘅服務一般，不過位置好方便。,"The service at this university is nothing special, but the location is very convenient.",,
lesson_yue_l33_1,嗰個靚仔行過去講咗兩句就走。,"That lad walked over, said a couple of words and left.",,
lesson_yue_l33_2,佢喺隊後面出現，個個都以為佢好有錢。,He turned up at the back of the queue and everyone assumed he was loaded.,,
lesson_yue_l33_3,多謝你俾嘅嘢，我收到喇。,Thank you for what you gave me — I’ve received it.,,
lesson_yue_l33_v0,服務,service,,
lesson_yue_l33_v1,出邊,outside,,
lesson_yue_l33_v10,句,(classifier for sentences / remarks),,
lesson_yue_l33_v11,隔離,next door / next to,,
lesson_yue_l33_v12,有錢,rich / to have money,,
lesson_yue_l33_v13,打電話,to make a phone call,,
lesson_yue_l33_v14,隊,team / queue,,
lesson_yue_l33_v15,靚仔,good-looking lad / mate (friendly address),,
lesson_yue_l33_v16,環境,environment / surroundings,,
lesson_yue_l33_v17,多謝,thank you (for a thing given),,
lesson_yue_l33_v2,後,after / behind,,
lesson_yue_l33_v3,過去,to go over / the past,,
lesson_yue_l33_v4,瞓,to sleep / to lie down,,
lesson_yue_l33_v5,方便,convenient,,
lesson_yue_l33_v6,一般,generally / ordinary,,
lesson_yue_l33_v7,大學,university,,
lesson_yue_l33_v8,出現,to appear / to show up,,
lesson_yue_l33_v9,解釋,to explain,,
lesson_yue_l34_0,佢主要教中文，例如寫字同讀音。,"She mainly teaches Chinese — writing and pronunciation, for example.",,
lesson_yue_l34_1,嗰個男仔以前喺法國住過，只係唔記得晒。,That boy lived in France before — he just doesn’t remember any of it.,,
lesson_yue_l34_2,唔該你上來幫我拎啲嘢好嗎？,Could you come up and help me carry some things?,,
lesson_yue_l34_3,車廂好迫，我以為擠唔入去。,The carriage was packed — I thought I wouldn’t squeeze in.,,
lesson_yue_l34_v0,迫,crowded / to rush / to press,,
lesson_yue_l34_v1,定係,or (in questions),,
lesson_yue_l34_v10,例如,for example,,
lesson_yue_l34_v11,法國,France,,
lesson_yue_l34_v12,點知,how would I know / and then it turned out,,
lesson_yue_l34_v13,將來,the future,,
lesson_yue_l34_v14,只,only,,
lesson_yue_l34_v15,話時話,by the way / speaking of which,,
lesson_yue_l34_v16,主要,mainly / principal,,
lesson_yue_l34_v2,拎,to carry / to bring,,
lesson_yue_l34_v3,以,with / by means of,,
lesson_yue_l34_v4,封,(classifier for letters),,
lesson_yue_l34_v5,搞錯,to get it wrong / to mix up,,
lesson_yue_l34_v6,上來,to come up,,
lesson_yue_l34_v7,男仔,boy,,
lesson_yue_l34_v8,中文,Chinese (language),,
lesson_yue_l34_v9,醫生,doctor,,
lesson_yue_l35_0,佢考得好差，成績出咗之後成晚冇瞓。,He did badly — after the results came out he didn’t sleep all night.,,
lesson_yue_l35_1,我唔想得罪人，所以照佢講嘅做。,"I didn’t want to offend anyone, so I did as he said.",,
lesson_yue_l35_2,個團有二十幾人，好夜先返到酒店。,The tour group had twenty-odd people and only got back to the hotel very late.,,
lesson_yue_l35_3,唔好行咁快，會撞到裏面啲人。,Don’t walk so fast — you’ll bump into the people inside.,,
lesson_yue_l35_v0,得罪,to offend,,
lesson_yue_l35_v1,聽日,tomorrow,,
lesson_yue_l35_v10,美國,the United States,,
lesson_yue_l35_v11,後來,later / afterwards,,
lesson_yue_l35_v12,成績,results / grades,,
lesson_yue_l35_v13,二,two,,
lesson_yue_l35_v14,亂,messy / chaotic,,
lesson_yue_l35_v15,越來越,more and more,,
lesson_yue_l35_v16,寧願,would rather,,
lesson_yue_l35_v2,夜,night / late,,
lesson_yue_l35_v3,生活,life / to live,,
lesson_yue_l35_v4,結婚,to get married,,
lesson_yue_l35_v5,飛機,aeroplane,,
lesson_yue_l35_v6,裏面,inside,,
lesson_yue_l35_v7,照,to shine / according to / photo,,
lesson_yue_l35_v8,團,group / tour group,,
lesson_yue_l35_v9,撞,to bump into / to clash,,
lesson_yue_l36_0,份報紙嘅新聞我永遠都唔信。,I never believe the news in that paper.,,
lesson_yue_l36_1,佢問我，我答唔到，好煩。,He asked me and I couldn’t answer — really annoying.,,
lesson_yue_l36_2,減咗價之後，好多人先得到機會買。,"After the price was cut, a lot of people finally got the chance to buy.",,
lesson_yue_l36_3,條路遲啲會封，唔好行嗰邊。,That road will be closed later — don’t go that way.,,
lesson_yue_l36_v0,永遠,forever / never (with a negative),,
lesson_yue_l36_v1,不嬲,all along / always have,,
lesson_yue_l36_v10,報紙,newspaper,,
lesson_yue_l36_v11,新聞,news,,
lesson_yue_l36_v12,揾工,to look for a job,,
lesson_yue_l36_v13,阿哥,older brother,,
lesson_yue_l36_v14,唔通,surely not / could it be that,,
lesson_yue_l36_v15,答,to answer,,
lesson_yue_l36_v16,冇錯,that’s right / exactly,,
lesson_yue_l36_v2,得到,to obtain / to get,,
lesson_yue_l36_v3,路,road / way,,
lesson_yue_l36_v4,為咗,for the sake of / in order to,,
lesson_yue_l36_v5,煩,annoying / to bother,,
lesson_yue_l36_v6,嘥,to waste,,
lesson_yue_l36_v7,家姐,older sister,,
lesson_yue_l36_v8,遲啲,later / in a while,,
lesson_yue_l36_v9,減,to reduce / to subtract,,
lesson_yue_l37_0,黎太同我好熟，佢阿婆住喺樓下。,Mrs Lai and I are close — her grandmother lives downstairs.,,
lesson_yue_l37_1,我睇到最後一集就瞓着咗，尾都唔記得。,I fell asleep on the last episode — I don’t even remember the ending.,,
lesson_yue_l37_2,醒目啲啦，個價錢牌喺你面前。,Pay attention — the price tag is right in front of you.,,
lesson_yue_l37_3,我認咗係我錯，唔使再嘈喇。,I’ve admitted it was my fault — no need to argue any more.,,
lesson_yue_l37_v0,牌子,brand / label,,
lesson_yue_l37_v1,熟,familiar / cooked / ripe,,
lesson_yue_l37_v10,聖誕,Christmas,,
lesson_yue_l37_v11,酒店,hotel,,
lesson_yue_l37_v12,尾,tail / end,,
lesson_yue_l37_v13,價錢,price,,
lesson_yue_l37_v14,城市,city,,
lesson_yue_l37_v15,爛,broken / torn / to a ruinous degree,,
lesson_yue_l37_v16,廢,useless / rubbish,,
lesson_yue_l37_v2,屯門,Tuen Mun (district in Hong Kong),,
lesson_yue_l37_v3,千,thousand,,
lesson_yue_l37_v4,醒,to wake up / sharp / to tip someone,,
lesson_yue_l37_v5,認,to admit / to recognise,,
lesson_yue_l37_v6,集,episode / to gather,,
lesson_yue_l37_v7,舖,shop,,
lesson_yue_l37_v8,阿婆,old lady / granny,,
lesson_yue_l37_v9,黎,Lai (surname),,
lesson_yue_l38_0,間房好細，除咗張床之外冇乜嘢。,The room is tiny — apart from the bed there’s nothing.,,
lesson_yue_l38_1,去歐洲貴咗成兩倍，唔係咁易去到。,Going to Europe has got twice as expensive — not so easy to manage now.,,
lesson_yue_l38_2,嗰個男人張紙跌咗落地，佢都唔知。,That man dropped his note on the floor and doesn’t even know.,,
lesson_yue_l38_3,隻貓啲毛甩到成屋都係。,The cat sheds fur all over the whole house.,,
lesson_yue_l38_v0,突然間,suddenly,,
lesson_yue_l38_v1,個八,a dollar eighty (money said the short way),,
lesson_yue_l38_v10,正常,normal,,
lesson_yue_l38_v11,點算,what should I do,,
lesson_yue_l38_v12,倍,times / -fold,,
lesson_yue_l38_v13,歐洲,Europe,,
lesson_yue_l38_v14,房,room,,
lesson_yue_l38_v15,琴日,yesterday,,
lesson_yue_l38_v16,暫時,for the time being,,
lesson_yue_l38_v2,毫子,ten-cent coin / small change,,
lesson_yue_l38_v3,易,easy,,
lesson_yue_l38_v4,之外,besides / apart from,,
lesson_yue_l38_v5,男人,man,,
lesson_yue_l38_v6,紙,paper / banknote,,
lesson_yue_l38_v7,影響,to affect / influence,,
lesson_yue_l38_v8,毛,hair / fur,,
lesson_yue_l38_v9,牙,tooth,,
lesson_yue_l39_0,作為老闆，佢應該相信自己啲人。,"As the boss, he ought to trust his own people.",,
lesson_yue_l39_1,嗰場波我睇咗一半就走咗。,I watched half that match and then left.,,
lesson_yue_l39_2,佢影咗身好靚嘅相，掛咗喺塊牌隔離。,He took a lovely full-length photo and hung it next to the sign.,,
lesson_yue_l39_3,為咗慳錢，佢連張床都賣埋。,To save money he even sold his bed.,,
lesson_yue_l39_v0,作為,as / in the capacity of,,
lesson_yue_l39_v1,深,deep / dark (of colour),,
lesson_yue_l39_v10,相,photograph,,
lesson_yue_l39_v11,骨折,to break a bone / fracture,,
lesson_yue_l39_v12,場,(classifier for events) / venue,,
lesson_yue_l39_v13,直頭,simply / downright,,
lesson_yue_l39_v14,身,body / (classifier for outfits),,
lesson_yue_l39_v15,為,for / for the sake of,,
lesson_yue_l39_v16,貨,goods / stock,,
lesson_yue_l39_v2,一半,half,,
lesson_yue_l39_v3,傾偈,to chat,,
lesson_yue_l39_v4,壞,broken / bad,,
lesson_yue_l39_v5,牌,sign / plate / cards,,
lesson_yue_l39_v6,原因,reason / cause,,
lesson_yue_l39_v7,缸,tank / jar,,
lesson_yue_l39_v8,水草,water plants,,
lesson_yue_l39_v9,相信,to believe,,
lesson_yue_l4_v0,我哋,we / us,,
lesson_yue_l4_v1,呀,(particle — question tag),,
lesson_yue_l4_v10,諗,to think / to consider,,
lesson_yue_l4_v11,跟住,next / after that,,
lesson_yue_l4_v12,可以,can / may,,
lesson_yue_l4_v13,如果,if,,
lesson_yue_l4_v14,多,many / much,,
lesson_yue_l4_v15,點,how,,
lesson_yue_l4_v16,好似,seems like / resembles,,
lesson_yue_l4_v17,買,to buy,,
lesson_yue_l4_v2,咪,don't / isn't it,,
lesson_yue_l4_v3,下,(a bit — softens a verb),,
lesson_yue_l4_v4,而家,now,,
lesson_yue_l4_v5,過,(marks having-ever-done),,
lesson_yue_l4_v6,嗰個,that one,,
lesson_yue_l4_v7,哩個,this one,,
lesson_yue_l4_v8,因為,because,,
lesson_yue_l4_v9,返,to return / back,,
lesson_yue_l40_0,琴晚飲到嘔，今朝仲有陣味。,Drank till I threw up last night and there’s still a smell this morning.,,
lesson_yue_l40_1,我借咗佢錢，下個月還。,I borrowed money from him — I’ll pay it back next month.,,
lesson_yue_l40_2,哩份工好適合你，唔好嘥咗個機會。,This job really suits you — don’t waste the chance.,,
lesson_yue_l40_3,佢講嘢好大聲，成間舖都聽到。,He talks so loudly the whole shop can hear.,,
lesson_yue_l40_v0,唱,to sing,,
lesson_yue_l40_v1,舊年,last year,,
lesson_yue_l40_v10,播,to broadcast / to play (media),,
lesson_yue_l40_v11,法,way / method / law,,
lesson_yue_l40_v12,老豆,dad,,
lesson_yue_l40_v13,講嘢,to speak / to talk,,
lesson_yue_l40_v14,琴晚,last night,,
lesson_yue_l40_v15,適合,suitable / to suit,,
lesson_yue_l40_v16,畢業,to graduate,,
lesson_yue_l40_v2,朝頭早,morning,,
lesson_yue_l40_v3,嘔,to vomit,,
lesson_yue_l40_v4,上年,last year,,
lesson_yue_l40_v5,本來,originally,,
lesson_yue_l40_v6,還,to return something / to repay,,
lesson_yue_l40_v7,味,taste / smell,,
lesson_yue_l40_v8,憎,to hate,,
lesson_yue_l40_v9,各,each / every,,
lesson_yue_l41_0,哩區發展得好快，租都頂唔住。,This district is developing so fast the rent is unbearable.,,
lesson_yue_l41_1,節目入面有段講女性喺職場嘅權。,There’s a section in the programme about women’s rights at work.,,
lesson_yue_l41_2,佢入來嗰陣，部音響仲開緊。,"When he came in, the stereo was still on.",,
lesson_yue_l41_3,我記低咗個地址，能夠揾得返。,"I wrote the address down, so I’ll be able to find it again.",,
lesson_yue_l41_v0,發展,to develop / development,,
lesson_yue_l41_v1,頂,to hold up / to bear / top,,
lesson_yue_l41_v10,音響,sound system / stereo,,
lesson_yue_l41_v11,節,festival / section,,
lesson_yue_l41_v12,能夠,to be able to,,
lesson_yue_l41_v13,女性,female / women,,
lesson_yue_l41_v14,老奉,taken for granted / owed to one,,
lesson_yue_l41_v15,記,to remember / to note down,,
lesson_yue_l41_v16,夾,to chip in / to get along / to squeeze,,
lesson_yue_l41_v2,巴士,bus,,
lesson_yue_l41_v3,小心,careful / to be careful,,
lesson_yue_l41_v4,電芯,battery,,
lesson_yue_l41_v5,失業,to be unemployed,,
lesson_yue_l41_v6,關係,relationship / connection,,
lesson_yue_l41_v7,入來,to come in,,
lesson_yue_l41_v8,權,right / power,,
lesson_yue_l41_v9,經濟,economy / economical,,
lesson_yue_l42_0,只要你肯做，到時梗有辦法。,"As long as you’re willing to do it, there’ll be a way when the time comes.",,
lesson_yue_l42_1,關於某啲事，我唔想喺人哋之間講。,"About certain matters, I don’t want to talk in front of others.",,
lesson_yue_l42_2,我唔識翻譯呢句，尤其是最尾嗰個字。,"I can’t translate this sentence, especially the last word.",,
lesson_yue_l42_3,佢病咗，開唔到口講嘢。,She’s ill and can’t open her mouth to speak.,,
lesson_yue_l42_v0,到時,when the time comes,,
lesson_yue_l42_v1,冬天,winter,,
lesson_yue_l42_v10,愛,to love,,
lesson_yue_l42_v11,喊,to cry,,
lesson_yue_l42_v12,翻譯,to translate / translation,,
lesson_yue_l42_v13,病,ill / illness,,
lesson_yue_l42_v14,口,mouth / opening,,
lesson_yue_l42_v15,梗,surely / of course,,
lesson_yue_l42_v16,尤其是,especially,,
lesson_yue_l42_v2,嗰陣,at that time / back then,,
lesson_yue_l42_v3,只要,as long as / so long as,,
lesson_yue_l42_v4,甩,to come off / to fall out,,
lesson_yue_l42_v5,關於,about / regarding,,
lesson_yue_l42_v6,咁上下,roughly that much / around then,,
lesson_yue_l42_v7,某,a certain / some,,
lesson_yue_l42_v8,無端端,out of nowhere / for no reason,,
lesson_yue_l42_v9,之間,between / among,,
lesson_yue_l43_0,佢喺倫敦住咗兩年，冷氣都唔識開。,He lived in London two years and doesn’t even know how to work the air-con.,,
lesson_yue_l43_1,碟肉切到好碎，細路先食得落。,The meat is chopped very fine so the kids can manage it.,,
lesson_yue_l43_2,你哋幾點返嚟咓？我等埋你哋食飯。,What time are you lot back? I’ll wait and eat with you.,,
lesson_yue_l43_3,佢對眼好紅，成晚冇瞓。,His eyes are all red — he didn’t sleep all night.,,
lesson_yue_l43_v0,冷氣,air conditioning,,
lesson_yue_l43_v1,夜晚,night / evening,,
lesson_yue_l43_v10,電影,film / movie,,
lesson_yue_l43_v11,嚇,to frighten / to be startled,,
lesson_yue_l43_v12,面,face / surface,,
lesson_yue_l43_v13,決定,to decide / decision,,
lesson_yue_l43_v14,哋,(suffix making a pronoun plural),,
lesson_yue_l43_v15,碎,broken into bits / loose change,,
lesson_yue_l43_v16,性格,personality,,
lesson_yue_l43_v2,眼,eye,,
lesson_yue_l43_v3,咓,(particle — softening a question or reminder),,
lesson_yue_l43_v4,幾耐,how long,,
lesson_yue_l43_v5,費事,can’t be bothered / to save the trouble,,
lesson_yue_l43_v6,倫敦,London,,
lesson_yue_l43_v7,火車,train,,
lesson_yue_l43_v8,肉,meat,,
lesson_yue_l43_v9,今晚,tonight,,
lesson_yue_l44_0,另一個好處係唔使去碼頭咁遠。,Another advantage is not having to go all the way to the pier.,,
lesson_yue_l44_1,佢個音好準，係咪學過㗎？,Her pronunciation is spot on — has she studied it?,,
lesson_yue_l44_2,買支水俾我，順便接埋個細路。,"Buy me a bottle of water, and pick up the kid while you’re at it.",,
lesson_yue_l44_3,哩個漢字我識寫，唔識讀。,I can write this Chinese character but I can’t read it out.,,
lesson_yue_l44_v0,經驗,experience,,
lesson_yue_l44_v1,另,another / separately,,
lesson_yue_l44_v10,接,to receive / to pick up / to connect,,
lesson_yue_l44_v11,簡單,simple,,
lesson_yue_l44_v12,普通話,Mandarin,,
lesson_yue_l44_v13,比,compared to / than,,
lesson_yue_l44_v14,補習,tutoring / to take extra lessons,,
lesson_yue_l44_v15,申請,to apply,,
lesson_yue_l44_v16,邊啲,which ones,,
lesson_yue_l44_v2,漢,Han (Chinese) / man,,
lesson_yue_l44_v3,好處,benefit / advantage,,
lesson_yue_l44_v4,碼頭,pier / wharf,,
lesson_yue_l44_v5,係咪,is it? / isn’t it?,,
lesson_yue_l44_v6,類似,similar,,
lesson_yue_l44_v7,音,sound / pronunciation,,
lesson_yue_l44_v8,支,(classifier for long thin things),,
lesson_yue_l44_v9,準備,to prepare,,
lesson_yue_l45_0,初頭幾年好難捱，日日食牛肉飯。,The first few years were a grind — beef rice every single day.,,
lesson_yue_l45_1,剝咗皮之後啲手好黏。,After peeling them my hands are all sticky.,,
lesson_yue_l45_2,佢花咗好多錢買花俾女皇像嗰邊。,He spent a lot of money on flowers for the area by the queen’s statue.,,
lesson_yue_l45_3,哩個年份唔啱，唔好信人講耶穌。,That date is wrong — don’t just believe what people preach.,,
lesson_yue_l45_v0,噏,to yap / to go on about,,
lesson_yue_l45_v1,捱,to endure / to graft,,
lesson_yue_l45_v10,任何,any,,
lesson_yue_l45_v11,黏,sticky / to stick,,
lesson_yue_l45_v12,花,flower / bud,,
lesson_yue_l45_v13,款,style / model / a sum of money,,
lesson_yue_l45_v14,年份,year / vintage,,
lesson_yue_l45_v15,日日,every day,,
lesson_yue_l45_v16,初頭,at the start / early on,,
lesson_yue_l45_v2,股票,stocks / shares,,
lesson_yue_l45_v3,舖頭,shop,,
lesson_yue_l45_v4,耶穌,Jesus,,
lesson_yue_l45_v5,剝,to peel / to strip off,,
lesson_yue_l45_v6,牛肉,beef,,
lesson_yue_l45_v7,讓,to let / to yield,,
lesson_yue_l45_v8,女皇,queen,,
lesson_yue_l45_v9,特色,distinctive character / speciality,,
lesson_yue_l46_0,佢養咗幾條錦鯉，下年想搬去大啲嘅屋。,He keeps a few koi and wants to move to a bigger place next year.,,
lesson_yue_l46_1,我拉條門拉到手都痛。,I pulled that door so hard my hand hurts.,,
lesson_yue_l46_2,成個貨櫃啲嘢，經過海關要開晒。,Everything in that container has to be opened at customs.,,
lesson_yue_l46_3,佢扮唔識，其實中間嗰件事佢清楚。,"He pretends not to know, but he’s clear about what happened in between.",,
lesson_yue_l46_v0,痛,painful / to hurt,,
lesson_yue_l46_v1,拉,to pull / to arrest,,
lesson_yue_l46_v10,笪,(classifier for a patch or plot),,
lesson_yue_l46_v11,門,door,,
lesson_yue_l46_v12,扮,to pretend / to dress up as,,
lesson_yue_l46_v13,比起,compared with,,
lesson_yue_l46_v14,經過,to pass by / through,,
lesson_yue_l46_v15,貨櫃,shipping container,,
lesson_yue_l46_v16,咁滯,almost / just about,,
lesson_yue_l46_v2,核突,disgusting / hideous,,
lesson_yue_l46_v3,屋,house / flat,,
lesson_yue_l46_v4,慣,to be used to,,
lesson_yue_l46_v5,屋企人,family,,
lesson_yue_l46_v6,錦鯉,koi carp,,
lesson_yue_l46_v7,中間,the middle,,
lesson_yue_l46_v8,禮拜六,Saturday,,
lesson_yue_l46_v9,下年,next year,,
lesson_yue_l47_0,第時有時間我哋食餐飯傾下偈。,Some other time when we’re free let’s have a meal and a chat.,,
lesson_yue_l47_1,佢研究意大利文化，買咗好多譯本。,She researches Italian culture and has bought a lot of translations.,,
lesson_yue_l47_2,佢褸尾先交功課，老師鬧咗佢。,He handed in the homework at the very last minute and the teacher told him off.,,
lesson_yue_l47_3,我唔見咗條鎖匙，硬係揾唔到。,I’ve lost my key and just cannot find it.,,
lesson_yue_l47_v0,硬係,always / invariably (with irritation),,
lesson_yue_l47_v1,第時,some other time / in future,,
lesson_yue_l47_v10,態度,attitude,,
lesson_yue_l47_v11,沙田,Sha Tin (district in Hong Kong),,
lesson_yue_l47_v12,意大利,Italy,,
lesson_yue_l47_v13,唔見,to lose / to go missing,,
lesson_yue_l47_v14,褸尾,at the last minute / the tail end,,
lesson_yue_l47_v15,音樂,music,,
lesson_yue_l47_v16,譯本,translated edition,,
lesson_yue_l47_v2,特登,on purpose / deliberately,,
lesson_yue_l47_v3,研究,to research / to look into,,
lesson_yue_l47_v4,戲院,cinema,,
lesson_yue_l47_v5,餐,meal / (classifier for meals),,
lesson_yue_l47_v6,偈,chat (in 傾偈),,
lesson_yue_l47_v7,上堂,to attend class,,
lesson_yue_l47_v8,文化,culture,,
lesson_yue_l47_v9,熄,to switch off,,
lesson_yue_l48_0,佢創作嘅嘢好特別，甚至乎有人話似飛碟。,His creations are so unusual that some people say they look like flying saucers.,,
lesson_yue_l48_1,禮拜三嗰個女人買咗條裙，仲買埋紅籌。,That woman on Wednesday bought a dress and some red chips as well.,,
lesson_yue_l48_2,我所講嘅嘢，你接受唔到就算。,"What I said — if you can’t accept it, never mind.",,
lesson_yue_l48_3,保重身體先，成個地球都等得你。,Look after your health first — the whole world can wait for you.,,
lesson_yue_l48_v0,努力,to work hard / effort,,
lesson_yue_l48_v1,飛碟,flying saucer,,
lesson_yue_l48_v10,女人,woman,,
lesson_yue_l48_v11,接受,to accept,,
lesson_yue_l48_v12,身體,body / health,,
lesson_yue_l48_v13,老婆,wife,,
lesson_yue_l48_v14,裙,skirt / dress,,
lesson_yue_l48_v15,諗法,idea / way of thinking,,
lesson_yue_l48_v16,創作,to create / creative work,,
lesson_yue_l48_v2,地球,the earth,,
lesson_yue_l48_v3,禮拜三,Wednesday,,
lesson_yue_l48_v4,甚至乎,even / to the point that,,
lesson_yue_l48_v5,焗,stuffy / airless,,
lesson_yue_l48_v6,市場,market,,
lesson_yue_l48_v7,乖,well-behaved / good (of a child),,
lesson_yue_l48_v8,所,(nominaliser — that which),,
lesson_yue_l48_v9,紅籌,red-chip stock,,
lesson_yue_l49_0,呢個制度下下都要簽名，好煩。,This system needs a signature every single time — it’s a pain.,,
lesson_yue_l49_1,二千蚊嘅嘢，值唔值呀？,Two thousand for that — is it worth it?,,
lesson_yue_l49_2,佢反應好快，即刻切咗個掣。,She reacted fast and cut the switch straight away.,,
lesson_yue_l49_3,讀中學嗰陣，我覺得呢啲冇乜價值。,Back in secondary school I thought this stuff was worthless.,,
lesson_yue_l49_v0,一次過,all in one go,,
lesson_yue_l49_v1,上面,above / upstairs / the people above you,,
lesson_yue_l49_v10,價值,value / worth,,
lesson_yue_l49_v11,光碟,disc / CD,,
lesson_yue_l49_v12,出聲,to speak up / to say something,,
lesson_yue_l49_v13,切,to cut / to slice,,
lesson_yue_l49_v14,到底,in the end / what on earth,,
lesson_yue_l49_v15,制度,system / the way things are set up,,
lesson_yue_l49_v16,剩,to be left over,,
lesson_yue_l49_v17,反應,reaction / response,,
lesson_yue_l49_v2,下下,every single time,,
lesson_yue_l49_v3,中學,secondary school,,
lesson_yue_l49_v4,乜鬼,what the heck (impatient “what”),,
lesson_yue_l49_v5,乾淨,clean,,
lesson_yue_l49_v6,二千,two thousand,,
lesson_yue_l49_v7,二百,two hundred,,
lesson_yue_l49_v8,令到,to cause / to make (something happen),,
lesson_yue_l49_v9,值,to be worth,,
lesson_yue_l5_v0,自己,oneself / by oneself,,
lesson_yue_l5_v1,同,with / and,,
lesson_yue_l5_v10,可能,maybe / possibly,,
lesson_yue_l5_v11,晒,"(after a verb — all of it, completely)",,
lesson_yue_l5_v12,想,to want / would like,,
lesson_yue_l5_v13,所以,so / therefore,,
lesson_yue_l5_v14,揾,to look for / to find,,
lesson_yue_l5_v15,譬如,for example / say,,
lesson_yue_l5_v16,重,still / even more,,
lesson_yue_l5_v17,兩,two (before a classifier),,
lesson_yue_l5_v2,同埋,and / together with,,
lesson_yue_l5_v3,佢哋,they / them,,
lesson_yue_l5_v4,咩,what / (surprised question particle),,
lesson_yue_l5_v5,哩,this,,
lesson_yue_l5_v6,先,first / before anything else,,
lesson_yue_l5_v7,住,to live / to stay,,
lesson_yue_l5_v8,啫,"(particle — ""just / only"", plays it down)",,
lesson_yue_l5_v9,好多,a lot / many,,
lesson_yue_l50_0,呢間嘢好食，不過太過貴。,"The food here is good, but far too expensive.",,
lesson_yue_l50_1,戴返個口罩，安全啲。,Put a mask on — safer that way.,,
lesson_yue_l50_2,佢係好人嚟㗎，幫過我幾十次。,He’s a good sort — he’s helped me dozens of times.,,
lesson_yue_l50_3,首歌好聽，幾百人一齊唱。,It’s a lovely song — hundreds of people singing it together.,,
lesson_yue_l50_v0,口罩,mask,,
lesson_yue_l50_v1,台灣,Taiwan,,
lesson_yue_l50_v10,孔,Hung (surname) / a hole,,
lesson_yue_l50_v11,安全,safe / safety,,
lesson_yue_l50_v12,實在,honestly / truthfully,,
lesson_yue_l50_v13,就噉,just like that / straight off,,
lesson_yue_l50_v14,屆,(classifier for a year group or a session),,
lesson_yue_l50_v15,幾十,dozens / tens of,,
lesson_yue_l50_v16,幾百,hundreds of,,
lesson_yue_l50_v17,德國,Germany,,
lesson_yue_l50_v2,合格,to pass (a test) / up to standard,,
lesson_yue_l50_v3,啄,to peck / to jab at,,
lesson_yue_l50_v4,回歸,the handover / to return,,
lesson_yue_l50_v5,太過,excessively / far too,,
lesson_yue_l50_v6,好人,a good person,,
lesson_yue_l50_v7,好笑,funny,,
lesson_yue_l50_v8,好聽,nice to listen to,,
lesson_yue_l50_v9,好食,tasty,,
lesson_yue_l51_0,張機票幾錢？想慳啲。,How much is the ticket? I’m trying to keep it cheap.,,
lesson_yue_l51_1,校長考嗰屆會考好難。,"The year the head sat that exam, it was a hard one.",,
lesson_yue_l51_2,呢啲日子做嘢冇乜樂趣。,There’s not much joy in the work these days.,,
lesson_yue_l51_3,佢控制唔到自己個心。,He can’t get a hold of his own feelings.,,
lesson_yue_l51_v0,心,heart / mind,,
lesson_yue_l51_v1,慳,"to save (money, time, effort)",,
lesson_yue_l51_v10,旺角,Mong Kok (district in Hong Kong),,
lesson_yue_l51_v11,會考,the public exam (old HK school certificate),,
lesson_yue_l51_v12,校長,headteacher,,
lesson_yue_l51_v13,梨,pear,,
lesson_yue_l51_v14,業主,landlord / property owner,,
lesson_yue_l51_v15,樂趣,enjoyment / the fun of it,,
lesson_yue_l51_v16,機票,plane ticket,,
lesson_yue_l51_v17,泊,to park,,
lesson_yue_l51_v2,戴,"to wear (a hat, mask, glasses)",,
lesson_yue_l51_v3,拃,(classifier for a handful),,
lesson_yue_l51_v4,拜拜,bye-bye,,
lesson_yue_l51_v5,掣,switch / button,,
lesson_yue_l51_v6,控制,to control,,
lesson_yue_l51_v7,收埋,to put away / to stash,,
lesson_yue_l51_v8,日子,the number of days / the count,,
lesson_yue_l51_v9,早餐,breakfast,,
lesson_yue_l52_0,第日再傾啦，今日冇時間。,Let’s talk another day — no time today.,,
lesson_yue_l52_1,食咗藥未？食完瞓一陣。,Have you taken your medicine? Have a lie down after.,,
lesson_yue_l52_2,學一種新語言要幾萬個鐘。,Learning a new language takes tens of thousands of hours.,,
lesson_yue_l52_3,葉太送咗份禮物落來。,Mrs Yip brought a present down.,,
lesson_yue_l52_v0,測驗,a test,,
lesson_yue_l52_v1,火星,Mars,,
lesson_yue_l52_v10,萬,ten thousand,,
lesson_yue_l52_v11,落來,to come down,,
lesson_yue_l52_v12,葉,leaf,,
lesson_yue_l52_v13,藥,medicine,,
lesson_yue_l52_v14,解,to explain / to solve,,
lesson_yue_l52_v15,語言,language,,
lesson_yue_l52_v16,資料,information / data,,
lesson_yue_l52_v17,質素,quality,,
lesson_yue_l52_v2,當時,at that time / back then,,
lesson_yue_l52_v3,發,to send out / to issue,,
lesson_yue_l52_v4,發生,to happen,,
lesson_yue_l52_v5,禮物,present / gift,,
lesson_yue_l52_v6,章,chapter / a seal,,
lesson_yue_l52_v7,第日,another day / some day,,
lesson_yue_l52_v8,紐西蘭,New Zealand,,
lesson_yue_l52_v9,結果,the result / in the end,,
lesson_yue_l53_0,我哋輸咗場波，唔好再提。,We lost the match — let’s not bring it up again.,,
lesson_yue_l53_1,部機郁都唔郁，可能要攞去醫。,The machine won’t budge — might need taking in for repair.,,
lesson_yue_l53_2,重有一部份未做，預多一日啦。,There’s still a part left — allow another day.,,
lesson_yue_l53_3,細個成日去迪士尼玩遊戲。,As a kid I was always at Disneyland playing on the rides.,,
lesson_yue_l53_v0,趕,to rush / be pressed for time,,
lesson_yue_l53_v1,輸,"to lose (a game, a bet)",,
lesson_yue_l53_v10,醫,to treat / to cure,,
lesson_yue_l53_v11,重有,and there’s also,,
lesson_yue_l53_v12,重要,important,,
lesson_yue_l53_v13,銀行,bank,,
lesson_yue_l53_v14,間唔中,now and then / every so often,,
lesson_yue_l53_v15,阿爸,dad,,
lesson_yue_l53_v16,預,to allow for / to count someone in,,
lesson_yue_l53_v17,馬,horse,,
lesson_yue_l53_v2,迪士尼,Disney / Disneyland,,
lesson_yue_l53_v3,追,to chase / to chase up,,
lesson_yue_l53_v4,通,to get through / clear,,
lesson_yue_l53_v5,遊戲,game,,
lesson_yue_l53_v6,過程,process,,
lesson_yue_l53_v7,郁,to move / to touch,,
lesson_yue_l53_v8,部份,part / portion,,
lesson_yue_l53_v9,郵,post / mail,,
lesson_yue_l54_0,本書十幾年前出版，而家仲印緊。,The book came out ten-odd years ago and they’re still printing it.,,
lesson_yue_l54_1,佢有創意，不過唔鍾意名牌。,"She’s creative, but she’s not into designer labels.",,
lesson_yue_l54_2,來到北京先知咁凍。,Only when I got to Beijing did I realise how cold it was.,,
lesson_yue_l54_3,佢養咗隻龜十幾年。,He’s kept that tortoise for ten-odd years.,,
lesson_yue_l54_v0,龜,turtle / tortoise,,
lesson_yue_l54_v1,七點,seven o’clock,,
lesson_yue_l54_v10,出街,to go out,,
lesson_yue_l54_v11,創意,creativity,,
lesson_yue_l54_v12,劇情,plot / storyline,,
lesson_yue_l54_v13,北京,Beijing,,
lesson_yue_l54_v14,十幾,ten-odd / a dozen or so,,
lesson_yue_l54_v15,印,to print,,
lesson_yue_l54_v16,名牌,a brand name / designer label,,
lesson_yue_l54_v17,吸引,to attract / appealing,,
lesson_yue_l54_v2,主角,the lead / main character,,
lesson_yue_l54_v3,之,"(literary possessive, in set phrases)",,
lesson_yue_l54_v4,九點半,half past nine,,
lesson_yue_l54_v5,人士,people / persons (formal),,
lesson_yue_l54_v6,以後,from now on / afterwards,,
lesson_yue_l54_v7,來到,to arrive / to come to,,
lesson_yue_l54_v8,傻瓜機,point-and-shoot camera,,
lesson_yue_l54_v9,出版,to publish,,
lesson_yue_l6_v0,隻,"(classifier — animals, bowls, one of a pair)",,
lesson_yue_l6_v1,不過,but / however,,
lesson_yue_l6_v10,錢,money,,
lesson_yue_l6_v11,乜,what,,
lesson_yue_l6_v12,讀,to study / to read aloud,,
lesson_yue_l6_v13,年,year,,
lesson_yue_l6_v14,見,to see / to meet,,
lesson_yue_l6_v15,應該,should / ought to,,
lesson_yue_l6_v16,聽,to listen / to hear,,
lesson_yue_l6_v17,大,big,,
lesson_yue_l6_v2,蚊,dollar (Hong Kong slang),,
lesson_yue_l6_v3,嗰陣時,at that time / back then,,
lesson_yue_l6_v4,已經,already,,
lesson_yue_l6_v5,未,not yet,,
lesson_yue_l6_v6,最,most / -est,,
lesson_yue_l6_v7,食,to eat,,
lesson_yue_l6_v8,點解,why,,
lesson_yue_l6_v9,或者,or / perhaps,,
lesson_yue_l7_v0,識,to know (a person) / to know how,,
lesson_yue_l7_v1,哩啲,these,,
lesson_yue_l7_v10,香港,Hong Kong,,
lesson_yue_l7_v11,鍾意,to like,,
lesson_yue_l7_v12,咋,"(particle — ""only that"", plays it down)",,
lesson_yue_l7_v13,間,"(classifier — shops, rooms, houses)",,
lesson_yue_l7_v14,日,day / sun,,
lesson_yue_l7_v15,出來,to come out,,
lesson_yue_l7_v16,嗰度,there / over there,,
lesson_yue_l7_v17,次,time / occurrence (第二次 = the second time),,
lesson_yue_l7_v2,埋,(marks finishing up / joining in),,
lesson_yue_l7_v3,成日,all day / always,,
lesson_yue_l7_v4,喂,oi / hey — how you get someone’s attention,,
lesson_yue_l7_v5,度,degree (of temperature),,
lesson_yue_l7_v6,有冇,have or not / is there?,,
lesson_yue_l7_v7,成,whole / to become,,
lesson_yue_l7_v8,問,to ask,,
lesson_yue_l7_v9,阿,(prefix before a name — familiar),,
lesson_yue_l8_v0,死,to die / (intensifier: damn),,
lesson_yue_l8_v1,玩,to play / to hang out,,
lesson_yue_l8_v10,即,that is / namely,,
lesson_yue_l8_v11,用,to use,,
lesson_yue_l8_v12,出,to go out / to exit,,
lesson_yue_l8_v13,時候,time / moment,,
lesson_yue_l8_v14,邊,which / where,,
lesson_yue_l8_v15,驚,to fear / to be scared,,
lesson_yue_l8_v16,梗係,of course / obviously,,
lesson_yue_l8_v17,點樣,how / in what way,,
lesson_yue_l8_v2,喺度,here / (marks an action in progress),,
lesson_yue_l8_v3,邊個,who / which one,,
lesson_yue_l8_v4,攞,to fetch / to take,,
lesson_yue_l8_v5,唔使,no need / you don't have to,,
lesson_yue_l8_v6,完,to finish,,
lesson_yue_l8_v7,養,to raise / to keep (a pet),,
lesson_yue_l8_v8,開,to open / to turn on,,
lesson_yue_l8_v9,叫,to call / to order,,
lesson_yue_l9_v0,張,"(classifier — flat things: paper, tables)",,
lesson_yue_l9_v1,對,correct / toward / a pair,,
lesson_yue_l9_v10,再,again / then,,
lesson_yue_l9_v11,貴,expensive,,
lesson_yue_l9_v12,有啲,some / a bit,,
lesson_yue_l9_v13,公司,company / firm,,
lesson_yue_l9_v14,嗱,(look here — draws attention),,
lesson_yue_l9_v15,同學,classmate,,
lesson_yue_l9_v16,靚,pretty / nice / good-looking,,
lesson_yue_l9_v17,份,"(classifier — jobs, documents, portions)",,
lesson_yue_l9_v2,你哋,you (plural),,
lesson_yue_l9_v3,搞,to do / to mess with / to sort out,,
lesson_yue_l9_v4,樣,kind / appearance,,
lesson_yue_l9_v5,考,to take an exam,,
lesson_yue_l9_v6,之後,after / afterwards,,
lesson_yue_l9_v7,三,three,,
lesson_yue_l9_v8,飲,to drink,,
lesson_yue_l9_v9,唉,"(sigh — ugh, oh dear)",,
pack_yp1_1,你同啲阿姨講聲啦，聽朝八點返。,Give the aunties a shout — eight tomorrow morning.,,
pack_yp1_2,今個禮拜邊日得閒呀？要收成喇。,Which day are you free this week? Harvest is due.,,
pack_yp1_3,夠人嘅話，一日搞掂佢。,"If we’ve got the bodies, we knock it out in a day.",,
pack_yp1_4,你排啦，你話點就點。,You sort it — whatever you say goes.,,
pack_yp1_5,邊個返早更，邊個返夜更呀？,Who’s on earlies and who’s on nights?,,
pack_yp1_6,我睇下個表先，遲啲覆你。,"Let me check the board first, I’ll get back to you.",,
pack_yp10_0,十點半抖十五分鐘。,Fifteen-minute break at half ten.,,
pack_yp10_1,食晏一個鐘，一點返嚟呀。,Hour for lunch — back at one.,,
pack_yp10_2,今日要加班喎，有冇人唔得閒？,Looks like overtime today — anyone can’t stay?,,
pack_yp10_3,加班有錢加㗎，唔會蝕底。,Overtime’s paid extra — nobody’s out of pocket.,,
pack_yp10_4,今個禮拜嘅鐘數我幫你哋計清楚，放心。,I’ll sort your hours out properly this week — don’t worry.,,
pack_yp10_5,邊個要早走，而家講聲。,"Anyone needs to leave early, say now.",,
pack_yp10_6,聽日唔使咁早返，十點得喇。,No need to come in so early tomorrow — ten is fine.,,
pack_yp11_0,今日做得好快喎，唔該晒。,You lot were quick today — thanks a lot.,,
pack_yp11_1,阿姨，教下我點樣剪好啲呀。,"Auntie, show me how to trim it better?",,
pack_yp11_2,我學緊廣東話咋，講錯你話我知呀。,I’m only learning Cantonese — tell me when I get it wrong.,,
pack_yp11_3,唔好意思，我唔明喎，講慢啲得唔得？,"Sorry, lost me there — slower?",,
pack_yp11_4,食咗飯未呀？我去買嘢飲，幫你哋買埋。,Eaten yet? I’m going for drinks — I’ll grab you lot some.,,
pack_yp11_5,今日好攰呀，頂唔順。,Knackered today — I’m done in.,,
pack_yp11_6,辛苦晒，聽日見。,Thanks for the graft — see you tomorrow.,,
pack_yp12_0,林生喺邊呀？我揾佢傾兩句。,Where’s Uncle? I need a quick word with him.,,
pack_yp12_1,哩樣問阿曉啦，處理房佢話事。,Ask Ling about that — processing is her call.,,
pack_yp12_2,勝哥，得閒嘅話幫下手。,"Tsing, give us a hand if you’re free.",,
pack_yp12_3,生長房嗰邊阿勝睇住㗎。,Tsing looks after the veg side.,,
pack_yp12_4,阿姨，唔該借借。,"Auntie, excuse me — coming through.",,
pack_yp12_5,我唔記得咗佢個名，點稱呼佢好？,I’ve forgotten his name — what should I call him?,,
pack_yp12_6,叫聲阿叔啦，佢喺度做咗好耐。,Call him uncle — he’s been here a long time.,,
pack_yp13_0,南廠今日收成，東廠聽日先。,"NLT harvests today, ESG not till tomorrow.",,
pack_yp13_1,哩批係東廠二座嘅，唔好送去南廠。,This lot is for ESG Building B — don’t send it to NLT.,,
pack_yp13_2,你今日去邊個廠？南廠定東廠？,Which site are you at today — NLT or ESG?,,
pack_yp13_3,東廠一座同二座嘅嘢要分開擺。,Building A and Building B material has to be kept apart.,,
pack_yp13_4,東廠嘅做法同南廠一樣。,ESG does it the same way as NLT.,,
pack_yp13_5,八號房今日做，九號房聽日。,"Room 8 today, Room 9 tomorrow.",,
pack_yp13_6,乾房二號同三號都要落。,Dry rooms B and C both need bringing down.,,
pack_yp14_0,今日落乾房二號嘅花。,We’re bringing down the flower in Dry Room B today.,,
pack_yp14_1,落完就開始拆枝。,"Once it’s down, start bucking.",,
pack_yp14_2,有個新做法，記得照住做。,There’s a new procedure — make sure you follow it.,,
pack_yp14_3,前面同角落嗰啲乾得晒，中間仲有啲濕。,"The front and the corners are dry, but the middle is still a bit moist.",,
pack_yp14_4,未夠乾嗰啲留返喺度，遲啲先落。,Leave the ones that aren’t dry enough — bring them down later.,,
pack_yp14_5,你想聽日落定係等到禮拜三？,"Do you want to bring it down tomorrow, or wait till Wednesday?",,
pack_yp14_6,拆枝嗰陣輕手啲，唔好整散啲花。,Go gently when you buck — don’t break the buds up.,,
pack_yp15_0,八號房今日第四十三日。,Room 8 is on day 43 today.,,
pack_yp15_1,第四十五日要做第二次摘葉。,The second leaf removal is at day 45.,,
pack_yp15_2,哩間房摘過一次喇，今次係第二次。,This room’s been done once — this is the second pass.,,
pack_yp15_3,禮拜日要摘六號同七號房嘅葉。,Rooms 6 and 7 need de-leafing on Sunday.,,
pack_yp15_4,一號同九號房嘅嘢，全部斬晒佢。,Rooms 1 and 9 — cut all the plants down.,,
pack_yp15_5,仲爭幾日先收成？,How many days until harvest?,,
pack_yp15_6,哩間房遲兩日先夠日子。,This room needs two more days before it’s ready.,,
pack_yp16_0,東廠要千二苗，南廠要九百五。,"ESG needs 1,200 clones, NLT needs 950.",,
pack_yp16_1,一共兩千一百五十棵苗仔。,Two thousand one hundred and fifty baby plants in total.,,
pack_yp16_2,東廠嘅苗要喺下晝一點前搞掂。,ESG’s clones have to be finished before one o’clock.,,
pack_yp16_3,東廠同南廠嘅苗一定要分開。,ESG and NLT cuttings must be kept separate.,,
pack_yp16_4,要留夠時間插落苗盤，所以趕住剪。,We need time left to stick them in the trays — that’s why we’re rushing the cutting.,,
pack_yp16_5,東廠嘅枝可以剪長啲，執葉就同南廠一樣。,ESG cuttings can stay longer — clean the leaf the same way as NLT.,,
pack_yp16_6,東廠要七百糖果、兩百藍種、三百酒紅。,"ESG wants 700 Candy Runtz, 200 Blue Andeze, 300 Ron Burgundy.",,
pack_yp17_0,泥盆嗰間供應商有冇一加侖嘅布盆？,Does the pot supplier have one-gallon fabric pots?,,
pack_yp17_1,一加侖半嗰款有冇貨？,Do they have the one-and-a-half gallon ones in stock?,,
pack_yp17_2,唔夠盤用，要再叫多啲。,We haven’t got enough trays — we need to order more.,,
pack_yp17_3,幾時到貨？我哋等住用。,When does it arrive? We’re waiting on it.,,
pack_yp17_4,我問下先，遲啲覆你。,"Let me ask, I’ll get back to you.",,
pack_yp17_5,今次唔夠人，我叫多兩個阿姨返嚟。,We’re short-handed — I’ll get two more aunties in.,,
pack_yp17_6,加埋阿勝，一共六個人。,With Tsing that’s six of us in total.,,
pack_yp18_0,林生，星期一落乾房二號同三號嘅花。有個新做法，記得照住做。,"Uncle — Monday, bring down the flower from Dry Rooms B and C. There’s a new procedure, make sure you follow it.",,
pack_yp18_1,八號房今日第四十三日。禮拜日要摘第二次葉。,Room 8 is on day 43 today. The second leaf removal is due Sunday.,,
pack_yp18_10,南廠乾房二號，前面同角落嗰啲得喇，中間仲有啲濕。,"NLT Dry Room B — the front and the corners are ready, but the middle is still a little moist.",,
pack_yp18_11,禮拜三朝早八點嚟南廠幫手剪苗，一共兩千一百五十棵。,"Wednesday 8am, come to NLT to help cut the baby clones — 2,150 in total.",,
pack_yp18_12,泥盆供應商有冇一加侖或者一加侖半嘅布盆？,Does the soil pot supplier have one-gallon or one-and-a-half gallon fabric pots?,,
pack_yp18_13,南廠星期一落乾房二號嘅嘢，跟住開始拆枝。,"NLT, Monday — bring down what’s in Dry Room B and start the bucking.",,
pack_yp18_14,南廠要阿姨幫手摘六號同七號房嘅葉，第四十五日第二次。,"NLT needs the aunties to de-leaf Rooms 6 and 7 — second removal, day 45.",,
pack_yp18_2,南廠星期一一號同九號房收成，成棵斬晒佢。,"NLT, Monday — Rooms 1 and 9 get harvested. Cut all the plants down.",,
pack_yp18_3,東廠嘅枝可以留長啲，執葉就同南廠一樣。,For ESG you can keep the clone cuttings long — just clean the leaf the same way as NLT.,,
pack_yp18_4,要留夠時間插苗，所以要早啲剪完。,There has to be enough time to stick the clones in the trays — that’s why we’re rushing to finish the cuttings early.,,
pack_yp18_5,東廠千二苗，南廠九百五。,"1,200 clones for ESG and 950 for NLT.",,
pack_yp18_6,我叫咗林生帶多兩個阿姨嚟。阿勝都可以幫手，一共六個人。,"I asked Uncle to bring two more aunties. Tsing can help too, so six people in total.",,
pack_yp18_7,東廠要喺一點前攞晒千二苗。你哋三個而家剪緊南廠嘅，所以我再叫兩個阿姨。,"ESG needs all 1,200 of their cuttings before 1pm. The three of you are on NLT’s first, so I’ll get two more aunties in.",,
pack_yp18_8,你想聽日落乾花定係等到禮拜三？,"Do you want to take the dry flower down tomorrow, or wait until Wednesday?",,
pack_yp18_9,記得要分開東廠同南廠嘅苗。,Remember we need to separate the ESG and NLT cuttings.,,
pack_yp19_0,遲啲先做啦，唔急。,"Do it later, no rush.",,
pack_yp19_1,一陣先啦。,In a bit.,,
pack_yp19_10,攞俾我睇下。,"Bring it here, let me have a look.",,
pack_yp19_11,拎過嚟啦。,Bring it over.,,
pack_yp19_2,搞掂未呀？,Done yet?,,
pack_yp19_3,搞掂喇！,Done!,,
pack_yp19_4,幾多呀？,How many?,,
pack_yp19_5,夠喇夠喇，唔使咁多。,"That’s enough, that’s enough — no need for that many.",,
pack_yp19_6,冇喇，唔使再攞。,No more — don’t get any more.,,
pack_yp19_7,下次唔好噉做啦。,Don’t do it that way next time.,,
pack_yp19_8,哩個做先。,Do this one first.,,
pack_yp19_9,跟住到哩個。,This one’s next.,,
pack_yp2_0,哩間房今日摘葉，唔好搞到啲花呀。,This room’s getting de-leafed today — mind the flowers.,,
pack_yp2_3,剪落嚟擺入桶呀，唔好掟落地。,"Trimmings go in the bin, don’t chuck them on the floor.",,
pack_yp2_4,哩行搞掂未？未搞掂唔好走去第二行。,This row done? Don’t wander to the next one till it is.,,
pack_yp2_5,慢慢嚟，唔使急。整爛咗就冇得補㗎喇。,"Take your time, no rush. Break it and that’s that.",,
pack_yp2_6,做完哩間就抖下啦。,"Once this room’s done, take a breather.",,
pack_yp20_0,摘葉呀，唔係剪花。,De-leaf — not cutting the flower.,,
pack_yp20_1,淨係摘葉，啲花留返。,Just the leaves — leave the flower alone.,,
pack_yp20_10,哩間房幾多度呀？,What’s this room reading?,,
pack_yp20_11,啲葉跌晒喺地下，執下啦。,There’s leaf all over the floor — give it a tidy.,,
pack_yp20_2,哩啲發咗霉，唔要喇。,This has gone mouldy — bin it.,,
pack_yp20_3,有冇霉呀？睇清楚啲。,Any mould? Have a proper look.,,
pack_yp20_4,幾多磅呀？,How many pounds?,,
pack_yp20_5,磅完話我知幾多磅。,Tell me the weight once you’ve weighed it.,,
pack_yp20_6,校暗啲燈啦。,Dim the lights a bit.,,
pack_yp20_7,間房太熱喇。,The room’s too hot.,,
pack_yp20_8,開冷氣啦。,Put the AC on.,,
pack_yp20_9,太熱喇，開大啲冷氣。,Too hot — turn the AC up.,,
pack_yp21_0,哩兩樣一樣㗎。,These two are the same.,,
pack_yp21_1,哩兩樣唔同㗎，睇清楚。,These two are different — look properly.,,
pack_yp21_10,全部做晒未？,Is it all finished?,,
pack_yp21_11,哩批同嗰批一樣，一齊擺。,This lot and that lot are the same — put them together.,,
pack_yp21_2,全部一齊做。,Do them all together.,,
pack_yp21_3,大家一齊做就快啲。,If we all do it together it’s quicker.,,
pack_yp21_4,分開做，唔好撈亂。,Do them separately — don’t mix them up.,,
pack_yp21_5,慢慢嚟，唔使咁快。,Slowly does it — no need to rush.,,
pack_yp21_6,快啲手啦，趕住走。,Hurry up — we’re pressed to get off.,,
pack_yp21_7,走啦，收工喇。,"Come on, let’s go — we’re done.",,
pack_yp21_8,你聽日幾點返工？,What time are you in tomorrow?,,
pack_yp21_9,聽日八點開工。,We start at eight tomorrow.,,
pack_yp3_0,今日要插一百枝苗㗎喎，唔少呀。,We’ve got a hundred clones to cut today — that’s not nothing.,,
pack_yp3_1,喺母株度剪，揀啲靚嘅枝。,Cut off the mother — pick the good shoots.,,
pack_yp3_2,剪完即刻篤生根粉，唔好擺喺度。,Straight into the rooting powder — don’t leave it lying there.,,
pack_yp3_3,插實佢，一郁就散㗎喇。,Push it in firm — one nudge and it’s out.,,
pack_yp3_4,一盆插一枝就得㗎喇。,"One cutting per pot, that’s all you need.",,
pack_yp3_5,剪刀記得消毒呀，唔係會傳病㗎。,"Sanitise the shears, yeah? Otherwise you spread disease.",,
pack_yp3_6,哩批生唔生到根，兩個禮拜就知。,We’ll know in two weeks whether this batch takes root.,,
pack_yp4_0,哩排啲盆好乾喎，淋下水啦。,This row’s bone dry — give them a water.,,
pack_yp4_1,唔好淋太多呀，浸親個根就死㗎喇。,Don’t overdo it — drown the roots and they’re gone.,,
pack_yp4_2,今日落肥呀，唔係淨係清水。,"We’re feeding today, not just plain water.",,
pack_yp4_3,啲營養液撈勻先用呀。,Mix the nutrient up properly before you use it.,,
pack_yp4_4,淋完記得剔返個表呀。,Tick the sheet when you’re done.,,
pack_yp4_5,黃咗葉嗰幾盆，影張相俾我睇下。,Those few with yellow leaves — snap me a photo.,,
pack_yp4_6,唔知係唔係肥落多咗，我睇下先。,Not sure if we overfed them — let me have a look.,,
pack_yp5_0,間房太濕喇，開埋部抽濕機啦。,Room’s too humid — stick the dehumidifier on too.,,
pack_yp5_1,而家幾多度呀？俾我睇下。,What’s it reading now? Let me see.,,
pack_yp5_2,架風扇唔好對正棵嘢吹呀。,Don’t aim the fan right at the plant.,,
pack_yp5_3,熄咗燈就唔好入房喇。,"Once the lights are off, stay out of the room.",,
pack_yp5_4,閂實道門呀，唔好漏光。,Shut that door properly — no light leaks.,,
pack_yp5_5,部機好似壞咗喎，你聽下有冇聲。,"That unit sounds dead — have a listen, is it running?",,
pack_yp5_6,哩間房好焗呀，開大啲個風。,This room’s stuffy — turn the air up a bit.,,
pack_yp6_0,哩棵有蟲呀，快啲搬走佢。,This one’s got bugs — get it out of here.,,
pack_yp6_1,葉底有紅蜘蛛喎，睇下第二棵有冇。,Mites under the leaves — check if the others have them.,,
pack_yp6_2,發咗霉就唔好留喇，唔要得㗎。,"If it’s mouldy, bin it — we can’t use it.",,
pack_yp6_3,噴藥之前戴返口罩呀。,"Mask on before you spray, yeah?",,
pack_yp6_4,見到唔妥即刻話我知，唔好等。,"Anything looks off, tell me right away — don’t sit on it.",,
pack_yp6_5,摸完病嗰棵，洗咗手先好掂第二棵呀。,"After the sick one, wash your hands before you touch another.",,
pack_yp6_6,弊喇，成行都有，唔止一棵。,"Damn — the whole row’s got it, not just the one.",,
pack_yp7_0,今日收成，八點開工，大家早啲返呀。,"Harvest today, eight o’clock start — get in a bit early.",,
pack_yp7_1,成棵斬落嚟就得，唔使一枝枝剪。,"Just take the whole plant down, no need to go branch by branch.",,
pack_yp7_2,掛上去唔好逼咁埋，唞唔到氣㗎。,Don’t pack them tight on the line — they need air.,,
pack_yp7_3,每架寫低邊間房嚟㗎，唔好靠記。,Write which room each rack came from — don’t rely on memory.,,
pack_yp7_4,哩間搞掂未？搞掂就過第二間。,"This one done? If so, move to the next room.",,
pack_yp7_5,今日做到幾點呀？六點左右收工啦。,How late are we today? Knock off around six.,,
pack_yp7_6,今日好攰呀，做完請你哋飲嘢。,Long day — drinks on me when we’re done.,,
pack_yp8_0,剪靚啲呀，慢少少冇所謂。,Trim it nice — a bit slower is fine.,,
pack_yp8_1,剪好嘅擺左邊，未剪擺右邊，唔好撈亂。,"Trimmed on the left, untrimmed on the right — don’t mix them.",,
pack_yp8_2,磅完寫低個數，唔好靠估呀。,Write the number down after weighing — no guessing.,,
pack_yp8_3,每袋貼返個標籤，日期寫清楚。,"Label every bag, and write the date clearly.",,
pack_yp8_4,唔同房嘅嘢唔好撈亂呀，好煩㗎。,Don’t mix rooms up — it’s a nightmare to sort out.,,
pack_yp8_5,哩袋未夠乾，遲啲先入袋。,This lot isn’t dry yet — bag it later.,,
pack_yp8_6,差唔多喇，仲爭少少就得。,Nearly there — just a bit more to go.,,
pack_yp9_0,入房戴返手套同口罩呀。,"Gloves and mask before you go in, yeah?",,
pack_yp9_1,唔好著住出面對鞋入嚟呀。,Don’t come in with your outdoor shoes on.,,
pack_yp9_2,手套爛咗就換過對，唔好慳。,Gloves torn? Change them — don’t try to save a pair.,,
pack_yp9_3,房入面唔好食嘢飲嘢呀。,No eating or drinking in the room.,,
pack_yp9_4,爬梯嗰陣叫人扶住你呀。,Get someone to hold the ladder when you’re up it.,,
pack_yp9_5,受咗傷即刻講呀，唔好死頂。,"If you get hurt, say so — don’t just tough it out.",,
pack_yp9_6,唔好意思，哩度唔准影相㗎。,Sorry — no photos allowed in here.,,
sos_yw_grow_0,唔好意思，我唔明,"Sorry, I don’t get it",,
sos_yw_grow_1,講慢啲得唔得？,Slower?,,
sos_yw_grow_10,急救箱喺邊？,Where’s the first aid kit?,,
sos_yw_grow_11,熄咗部機先,Kill that machine first,,
sos_yw_grow_12,哩個唔啱，重新做過,That’s not right — do it again,,
sos_yw_grow_13,搞掂未？,Done?,,
sos_yw_grow_14,搞掂喇,All sorted,,
sos_yw_grow_15,辛苦晒,Thanks for the graft,,
sos_yw_grow_2,哩個廣東話點講？,How do you say this in Cantonese?,,
sos_yw_grow_3,林生喺邊呀？,Where’s Uncle?,,
sos_yw_grow_4,幫我叫下林生,Grab Uncle for me,,
sos_yw_grow_5,等陣，我問下先,"Hold on, let me ask",,
sos_yw_grow_6,唔該幫下手,Give us a hand?,,
sos_yw_grow_7,哩間房邊個做緊？,Who’s working this room?,,
sos_yw_grow_8,停手先,Stop a sec,,
sos_yw_grow_9,有人受咗傷,Someone’s hurt,,
word_yue_一來,一來,,,
word_yue_一共,一共,in total / all together,,
word_yue_一啲啲,一啲啲,,,
word_yue_一心,一心,,,
word_yue_一早,一早,,,
word_yue_一模一樣,一模一樣,,,
word_yue_一陣,一陣,in a moment / a short while,,
word_yue_一陣間,一陣間,,,
word_yue_七點鐘,七點鐘,,,
word_yue_三萬,三萬,,,
word_yue_上市,上市,,,
word_yue_下次,下次,next time,,
word_yue_不,不,,,
word_yue_不停,不停,,,
word_yue_不妨,不妨,,,
word_yue_世界,世界,,,
word_yue_中層,中層,,,
word_yue_中心,中心,,,
word_yue_中醫,中醫,,,
word_yue_之下,之下,,,
word_yue_之中,之中,,,
word_yue_之類,之類,,,
word_yue_九七,九七,,,
word_yue_九龍,九龍,,,
word_yue_乾,乾,dry,,
word_yue_乾房,乾房,dry room,,
word_yue_事實,事實,,,
word_yue_二號,二號,,,
word_yue_五十,五十,,,
word_yue_五千幾,五千幾,,,
word_yue_五月,五月,,,
word_yue_五點,五點,,,
word_yue_五點半,五點半,,,
word_yue_些少,些少,,,
word_yue_人情,人情,,,
word_yue_人手,人手,manpower / hands available,,
word_yue_今朝,今朝,,,
word_yue_代表,代表,,,
word_yue_令,令,,,
word_yue_以來,以來,,,
word_yue_任,任,,,
word_yue_任天堂,任天堂,,,
word_yue_似乎,似乎,,,
word_yue_位置,位置,,,
word_yue_佔,佔,,,
word_yue_何,何,,,
word_yue_作,作,,,
word_yue_作文,作文,,,
word_yue_佳,佳,,,
word_yue_來電,來電,,,
word_yue_例子,例子,,,
word_yue_供應商,供應商,supplier,,
word_yue_修,修,,,
word_yue_修剪,修剪,to trim (the finishing cut),,
word_yue_個半,個半,,,
word_yue_借書,借書,,,
word_yue_值得,值得,,,
word_yue_假期,假期,,,
word_yue_做法,做法,procedure / the way it’s done,,
word_yue_停車場,停車場,,,
word_yue_健康,健康,,,
word_yue_偷,偷,,,
word_yue_傳,傳,,,
word_yue_傳媒,傳媒,,,
word_yue_傷,傷,,,
word_yue_傷殘,傷殘,,,
word_yue_兔,兔,,,
word_yue_入袋,入袋,to bag,,
word_yue_內容,內容,,,
word_yue_兩點,兩點,,,
word_yue_八十,八十,,,
word_yue_八千,八千,,,
word_yue_八成,八成,,,
word_yue_八萬,八萬,,,
word_yue_公平,公平,,,
word_yue_六點,六點,,,
word_yue_冇事,冇事,,,
word_yue_冇所謂,冇所謂,don’t mind / makes no odds,,
word_yue_冇用,冇用,useless,,
word_yue_冊,冊,,,
word_yue_最初,最初,,,
word_yue_最多,最多,,,
word_yue_最好,最好,,,
word_yue_冚,冚,,,
word_yue_冚唪唥,冚唪唥,,,
word_yue_冠軍,冠軍,,,
word_yue_冷,冷,,,
word_yue_出名,出名,,,
word_yue_分開,分開,to separate / keep apart,,
word_yue_刨,刨,,,
word_yue_前嗰排,前嗰排,,,
word_yue_剪刀,剪刀,shears / scissors,,
word_yue_副,副,,,
word_yue_力,力,,,
word_yue_加侖,加侖,gallon,,
word_yue_加拿大,加拿大,,,
word_yue_加班,加班,overtime,,
word_yue_勤力,勤力,,,
word_yue_包括,包括,,,
word_yue_化,化,,,
word_yue_區,區,,,
word_yue_十七,十七,,,
word_yue_千祈,千祈,,,
word_yue_南廠,南廠,NLT (“south plant” — our name for it),,
word_yue_印尼,印尼,,,
word_yue_危機,危機,,,
word_yue_卷,卷,,,
word_yue_參加,參加,,,
word_yue_叉,叉,,,
word_yue_友,友,,,
word_yue_受,受,,,
word_yue_受到,受到,,,
word_yue_古仔,古仔,,,
word_yue_只不過,只不過,,,
word_yue_可憐,可憐,,,
word_yue_台,台,,,
word_yue_同樣,同樣,,,
word_yue_吔,吔,,,
word_yue_周,周,,,
word_yue_咭,咭,,,
word_yue_哩排,哩排,,,
word_yue_唔好意思,唔好意思,,,
word_yue_唔緊要,唔緊要,,,
word_yue_唔該,唔該,,,
word_yue_唔錯,唔錯,,,
word_yue_唞,唞,to rest / take a breather,,
word_yue_唯一,唯一,,,
word_yue_唱歌,唱歌,,,
word_yue_唱片,唱片,,,
word_yue_商業,商業,,,
word_yue_啡色,啡色,,,
word_yue_喪失,喪失,,,
word_yue_單,單,,,
word_yue_單人,單人,,,
word_yue_單位,單位,,,
word_yue_單車,單車,,,
word_yue_喳,喳,,,
word_yue_嗰次,嗰次,,,
word_yue_嗰頭,嗰頭,,,
word_yue_嘗試,嘗試,,,
word_yue_噴藥,噴藥,to spray,,
word_yue_嚴重,嚴重,,,
word_yue_嚿,嚿,,,
word_yue_四千,四千,,,
word_yue_四萬,四萬,,,
word_yue_因素,因素,,,
word_yue_圍,圍,,,
word_yue_園,園,,,
word_yue_在,在,,,
word_yue_地下,地下,,,
word_yue_地圖,地圖,,,
word_yue_地盤,地盤,,,
word_yue_型號,型號,,,
word_yue_執,執,to tidy / to pick up,,
word_yue_執葉,執葉,to clean up the leaf on a cutting,,
word_yue_基督徒,基督徒,,,
word_yue_堂,堂,,,
word_yue_報告,報告,,,
word_yue_壓力,壓力,,,
word_yue_壯士,壯士,,,
word_yue_夏天,夏天,,,
word_yue_夜更,夜更,night shift,,
word_yue_大個,大個,,,
word_yue_大單,大單,,,
word_yue_大部份,大部份,,,
word_yue_大鑊,大鑊,big trouble,,
word_yue_大隻,大隻,,,
word_yue_太太,太太,,,
word_yue_太嫲,太嫲,,,
word_yue_失控,失控,,,
word_yue_套摺,套摺,,,
word_yue_奧運會,奧運會,,,
word_yue_好味,好味,,,
word_yue_好嘢,好嘢,nice one / well done,,
word_yue_好揾,好揾,,,
word_yue_好飲,好飲,,,
word_yue_妹,妹,,,
word_yue_姊妹,姊妹,,,
word_yue_威,威,,,
word_yue_威爾斯,威爾斯,,,
word_yue_媽咪,媽咪,,,
word_yue_嬲,嬲,,,
word_yue_孭,孭,,,
word_yue_宇宙,宇宙,,,
word_yue_官司,官司,,,
word_yue_家庭,家庭,,,
word_yue_家長,家長,,,
word_yue_寵物,寵物,,,
word_yue_寸,寸,,,
word_yue_專業,專業,,,
word_yue_對唔住,對唔住,,,
word_yue_導遊,導遊,,,
word_yue_小,小,,,
word_yue_尖沙咀,尖沙咀,,,
word_yue_就係,就係,,,
word_yue_展堂,展堂,,,
word_yue_工人,工人,,,
word_yue_左,左,,,
word_yue_巴西,巴西,,,
word_yue_市,市,,,
word_yue_市民,市民,,,
word_yue_布盆,布盆,fabric pot,,
word_yue_師傅,師傅,skilled hand / master (how you address one),,
word_yue_幫襯,幫襯,,,
word_yue_年年,年年,,,
word_yue_年紀,年紀,,,
word_yue_年齡,年齡,,,
word_yue_幾乎,幾乎,,,
word_yue_幾廿,幾廿,,,
word_yue_幾萬,幾萬,,,
word_yue_座,座,"block / building (一座 = A, 二座 = B)",,
word_yue_廣告,廣告,,,
word_yue_廣州,廣州,,,
word_yue_廣東省,廣東省,,,
word_yue_廣東話,廣東話,,,
word_yue_廿五,廿五,,,
word_yue_廿四,廿四,,,
word_yue_式,式,,,
word_yue_弟婦,弟婦,,,
word_yue_強,強,,,
word_yue_彈,彈,,,
word_yue_形,形,,,
word_yue_形式,形式,,,
word_yue_影相,影相,,,
word_yue_徐,徐,,,
word_yue_得人驚,得人驚,,,
word_yue_得滯,得滯,,,
word_yue_從來,從來,,,
word_yue_從而,從而,,,
word_yue_復活,復活,,,
word_yue_心機,心機,,,
word_yue_心理,心理,,,
word_yue_心目中,心目中,,,
word_yue_忙,忙,,,
word_yue_快啲,快啲,faster / hurry up,,
word_yue_忽然間,忽然間,,,
word_yue_怕,怕,,,
word_yue_性,性,,,
word_yue_怪,怪,,,
word_yue_恐怖,恐怖,,,
word_yue_惡,惡,,,
word_yue_意見,意見,,,
word_yue_慢,慢,,,
word_yue_慢慢,慢慢,slowly,,
word_yue_慶祝,慶祝,,,
word_yue_應,應,,,
word_yue_懶,懶,,,
word_yue_戇居,戇居,thick / dense,,
word_yue_成功,成功,,,
word_yue_成為,成為,,,
word_yue_成熟,成熟,,,
word_yue_手套,手套,gloves,,
word_yue_手提,手提,,,
word_yue_扣,扣,,,
word_yue_批,批,,,
word_yue_把,把,,,
word_yue_抑或,抑或,,,
word_yue_抽,抽,,,
word_yue_抽濕機,抽濕機,dehumidifier,,
word_yue_拆枝,拆枝,to buck — strip the buds off the stems,,
word_yue_拖,拖,,,
word_yue_指,指,,,
word_yue_捉,捉,,,
word_yue_捧,捧,,,
word_yue_掉,掉,,,
word_yue_排更,排更,to roster the shifts,,
word_yue_排隊,排隊,,,
word_yue_掛,掛,to hang,,
word_yue_掛住,掛住,,,
word_yue_掟,掟,to chuck / to throw,,
word_yue_探,探,,,
word_yue_接觸,接觸,,,
word_yue_推薦,推薦,,,
word_yue_掹,掹,,,
word_yue_提,提,,,
word_yue_插枝,插枝,to take cuttings (some say 扦插),,
word_yue_揦,揦,,,
word_yue_揩,揩,,,
word_yue_損失,損失,,,
word_yue_搞掂,搞掂,done / sorted,,
word_yue_搭車,搭車,,,
word_yue_搽,搽,,,
word_yue_摘葉,摘葉,to de-leaf — the crew’s own word,,
word_yue_摺,摺,,,
word_yue_撈,撈,,,
word_yue_撈亂,撈亂,to mix up / to muddle,,
word_yue_撈勻,撈勻,to mix evenly,,
word_yue_操,操,,,
word_yue_擺落,擺落,,,
word_yue_攜帶,攜帶,,,
word_yue_攰,攰,knackered,,
word_yue_收工,收工,to knock off,,
word_yue_收成,收成,harvest / to harvest,,
word_yue_放棄,放棄,,,
word_yue_效果,效果,,,
word_yue_教育,教育,,,
word_yue_數字,數字,,,
word_yue_數學,數學,,,
word_yue_數據,數據,,,
word_yue_文章,文章,,,
word_yue_斜,斜,,,
word_yue_斬,斬,to cut down (a whole plant),,
word_yue_新年,新年,,,
word_yue_方式,方式,,,
word_yue_於是,於是,,,
word_yue_於是乎,於是乎,,,
word_yue_旅遊,旅遊,,,
word_yue_日文,日文,,,
word_yue_早排,早排,,,
word_yue_早更,早更,early shift,,
word_yue_明白,明白,,,
word_yue_明顯,明顯,,,
word_yue_星期,星期,,,
word_yue_星期一,星期一,,,
word_yue_星期三,星期三,,,
word_yue_星期六,星期六,,,
word_yue_是,是,,,
word_yue_是但,是但,whatever / either will do,,
word_yue_時代,時代,,,
word_yue_晏晝,晏晝,,,
word_yue_普遍,普遍,,,
word_yue_晾,晾,,,
word_yue_暗,暗,dim / dark,,
word_yue_曬,曬,,,
word_yue_曳,曳,,,
word_yue_更,更,shift,,
word_yue_書展,書展,,,
word_yue_有型,有型,stylish / cool,,
word_yue_有趣,有趣,,,
word_yue_有關,有關,,,
word_yue_朝,朝,,,
word_yue_朝早,朝早,,,
word_yue_朱,朱,,,
word_yue_東廠,東廠,ESG (“east plant” — our name for it),,
word_yue_林,林,,,
word_yue_枝,枝,shoot / branch,,
word_yue_校,校,to adjust / to set (校暗 = to dim),,
word_yue_核,核,,,
word_yue_根,根,root,,
word_yue_根據,根據,,,
word_yue_桂林,桂林,,,
word_yue_桶,桶,bin / bucket,,
word_yue_梁,梁,,,
word_yue_梳打粉,梳打粉,,,
word_yue_棵,棵,(classifier for a plant),,
word_yue_極,極,,,
word_yue_樓下,樓下,,,
word_yue_標籤,標籤,label,,
word_yue_橋,橋,,,
word_yue_橫掂,橫掂,,,
word_yue_次次,次次,,,
word_yue_歌手,歌手,,,
word_yue_歌星,歌星,,,
word_yue_止,止,,,
word_yue_步,步,,,
word_yue_殺,殺,,,
word_yue_母株,母株,mother plant,,
word_yue_比賽,比賽,,,
word_yue_氣,氣,,,
word_yue_氣氛,氣氛,,,
word_yue_求,求,,,
word_yue_污糟,污糟,,,
word_yue_沖,沖,,,
word_yue_沖涼,沖涼,,,
word_yue_沙律,沙律,,,
word_yue_沿途,沿途,,,
word_yue_波,波,,,
word_yue_洋人,洋人,,,
word_yue_流行,流行,,,
word_yue_海,海,,,
word_yue_浸,浸,to soak / to drown,,
word_yue_消息,消息,,,
word_yue_消毒,消毒,to sanitise,,
word_yue_淋水,淋水,to water,,
word_yue_淡,淡,,,
word_yue_淺,淺,,,
word_yue_溝通,溝通,,,
word_yue_溫度,溫度,temperature,,
word_yue_漏光,漏光,light leak,,
word_yue_演出,演出,,,
word_yue_澳門,澳門,,,
word_yue_濕,濕,humid / wet,,
word_yue_烏蠅,烏蠅,,,
word_yue_無謂,無謂,,,
word_yue_照顧,照顧,,,
word_yue_煲,煲,,,
word_yue_熱天,熱天,,,
word_yue_燈,燈,light,,
word_yue_營養液,營養液,nutrient solution,,
word_yue_爭啲,爭啲,,,
word_yue_片,片,,,
word_yue_牌費,牌費,,,
word_yue_牙醫,牙醫,,,
word_yue_牛,牛,,,
word_yue_牛柳,牛柳,,,
word_yue_牛油,牛油,,,
word_yue_犯法,犯法,,,
word_yue_猛咁,猛咁,,,
word_yue_獸醫,獸醫,,,
word_yue_理論上,理論上,,,
word_yue_生命,生命,,,
word_yue_生根粉,生根粉,rooting powder,,
word_yue_生物,生物,,,
word_yue_用途,用途,,,
word_yue_男,男,,,
word_yue_男朋友,男朋友,,,
word_yue_留意,留意,,,
word_yue_痴線,痴線,,,
word_yue_瘦,瘦,,,
word_yue_發炎,發炎,,,
word_yue_發達,發達,,,
word_yue_發霉,發霉,to go mouldy,,
word_yue_白,白,,,
word_yue_白色,白色,,,
word_yue_的,的,,,
word_yue_的確,的確,,,
word_yue_盆,盆,pot,,
word_yue_盡,盡,,,
word_yue_盡量,盡量,,,
word_yue_盤,盤,,,
word_yue_直情,直情,,,
word_yue_直接,直接,,,
word_yue_相當之,相當之,,,
word_yue_睇戲,睇戲,,,
word_yue_睬,睬,,,
word_yue_瞓覺,瞓覺,,,
word_yue_硬,硬,,,
word_yue_磅,磅,to weigh / a pound,,
word_yue_磨,磨,,,
word_yue_禁,禁,,,
word_yue_福利,福利,,,
word_yue_私校,私校,,,
word_yue_私隱權,私隱權,,,
word_yue_科大,科大,,,
word_yue_科技,科技,,,
word_yue_秘書,秘書,,,
word_yue_程,程,,,
word_yue_穩定,穩定,,,
word_yue_突然,突然,,,
word_yue_競爭,競爭,,,
word_yue_競爭力,競爭力,,,
word_yue_第二啲,第二啲,,,
word_yue_筆,筆,,,
word_yue_等於,等於,,,
word_yue_等等,等等,,,
word_yue_答案,答案,,,
word_yue_節目,節目,,,
word_yue_籠,籠,,,
word_yue_米線,米線,,,
word_yue_粉紅色,粉紅色,,,
word_yue_粗口,粗口,,,
word_yue_糯米糍,糯米糍,,,
word_yue_系統,系統,,,
word_yue_約,約,,,
word_yue_紅籌股,紅籌股,,,
word_yue_紅蜘蛛,紅蜘蛛,spider mite,,
word_yue_純粹,純粹,,,
word_yue_索償,索償,,,
word_yue_細佬,細佬,,,
word_yue_終於,終於,,,
word_yue_絕對,絕對,,,
word_yue_經典,經典,,,
word_yue_經歷,經歷,,,
word_yue_緊張,緊張,,,
word_yue_總,總,,,
word_yue_總言之,總言之,,,
word_yue_缺點,缺點,,,
word_yue_美,美,,,
word_yue_習慣,習慣,,,
word_yue_老鼠,老鼠,,,
word_yue_考官,考官,,,
word_yue_聯絡,聯絡,,,
word_yue_聽聞,聽聞,,,
word_yue_股,股,,,
word_yue_肥仔,肥仔,,,
word_yue_腰,腰,,,
word_yue_自從,自從,,,
word_yue_自然,自然,,,
word_yue_至到,至到,,,
word_yue_舉例,舉例,,,
word_yue_舊時,舊時,,,
word_yue_船,船,,,
word_yue_色,色,,,
word_yue_苗,苗,seedling / clone,,
word_yue_苗仔,苗仔,baby plant / clone,,
word_yue_苗盤,苗盤,tray,,
word_yue_茶,茶,,,
word_yue_荃灣,荃灣,,,
word_yue_荔景,荔景,,,
word_yue_落肥,落肥,to feed / to fertilise,,
word_yue_葡萄,葡萄,,,
word_yue_薯仔,薯仔,,,
word_yue_薯蓉,薯蓉,,,
word_yue_藍籌,藍籌,,,
word_yue_蛋糕,蛋糕,,,
word_yue_蝕,蝕,,,
word_yue_蝦,蝦,,,
word_yue_蟲,蟲,bug / insect,,
word_yue_血,血,,,
word_yue_行業,行業,,,
word_yue_行為,行為,,,
word_yue_行街,行街,,,
word_yue_表現,表現,,,
word_yue_被,被,,,
word_yue_補,補,,,
word_yue_裝,裝,,,
word_yue_製作,製作,,,
word_yue_複雜,複雜,,,
word_yue_褪,褪,,,
word_yue_褸,褸,,,
word_yue_見識,見識,,,
word_yue_親眼,親眼,,,
word_yue_觀眾,觀眾,,,
word_yue_角落,角落,corner,,
word_yue_計數,計數,,,
word_yue_記者,記者,,,
word_yue_試過,試過,,,
word_yue_誇張,誇張,,,
word_yue_認真,認真,,,
word_yue_說明書,說明書,,,
word_yue_說話,說話,,,
word_yue_調,調,,,
word_yue_調轉,調轉,,,
word_yue_講笑,講笑,,,
word_yue_謝,謝,,,
word_yue_證明,證明,,,
word_yue_識得,識得,,,
word_yue_變態,變態,,,
word_yue_變成,變成,,,
word_yue_讕,讕,,,
word_yue_貓,貓,,,
word_yue_負責,負責,,,
word_yue_責任,責任,,,
word_yue_買嘢,買嘢,,,
word_yue_賠,賠,,,
word_yue_贊成,贊成,,,
word_yue_贏,贏,,,
word_yue_足夠,足夠,,,
word_yue_踢,踢,,,
word_yue_踩,踩,,,
word_yue_載,載,,,
word_yue_轉頭,轉頭,,,
word_yue_辣,辣,,,
word_yue_近排,近排,,,
word_yue_追求,追求,,,
word_yue_退,退,,,
word_yue_退休,退休,,,
word_yue_透過,透過,,,
word_yue_逐,逐,,,
word_yue_逢,逢,,,
word_yue_逼,逼,,,
word_yue_遊客,遊客,,,
word_yue_遊戲機,遊戲機,,,
word_yue_運,運,,,
word_yue_過癮,過癮,,,
word_yue_道,道,,,
word_yue_選擇,選擇,,,
word_yue_邪,邪,,,
word_yue_鄉下,鄉下,,,
word_yue_醫院,醫院,,,
word_yue_鋼線,鋼線,,,
word_yue_錄音,錄音,,,
word_yue_錫,錫,,,
word_yue_鍾,鍾,,,
word_yue_鐘意,鐘意,,,
word_yue_鐘數,鐘數,hours worked,,
word_yue_鑽戒,鑽戒,,,
word_yue_閂,閂,,,
word_yue_開工,開工,to start work,,
word_yue_開會,開會,,,
word_yue_阿妹,阿妹,,,
word_yue_附近,附近,,,
word_yue_除非,除非,,,
word_yue_隔,隔,,,
word_yue_隨時,隨時,,,
word_yue_雀仔,雀仔,,,
word_yue_雀仔街,雀仔街,,,
word_yue_雜誌,雜誌,,,
word_yue_雞,雞,,,
word_yue_電,電,,,
word_yue_電器,電器,,,
word_yue_電視台,電視台,,,
word_yue_電視機,電視機,,,
word_yue_震,震,,,
word_yue_霉,霉,mould,,
word_yue_靜,靜,,,
word_yue_非常,非常,,,
word_yue_非常之,非常之,,,
word_yue_靠,靠,,,
word_yue_面前,面前,,,
word_yue_面對,面對,,,
word_yue_韓國,韓國,,,
word_yue_竟然,竟然,,,
word_yue_頭痛,頭痛,,,
word_yue_題,題,,,
word_yue_題目,題目,,,
word_yue_類,類,,,
word_yue_類型,類型,,,
word_yue_顯示,顯示,,,
word_yue_風扇,風扇,fan,,
word_yue_風景,風景,,,
word_yue_風氣,風氣,,,
word_yue_食晏,食晏,lunch break,,
word_yue_飲茶,飲茶,,,
word_yue_飽,飽,,,
word_yue_餅,餅,,,
word_yue_餐廳,餐廳,,,
word_yue_首,首,,,
word_yue_首先,首先,,,
word_yue_香,香,,,
word_yue_香港人,香港人,,,
word_yue_驗,驗,,,
word_yue_高級,高級,,,
word_yue_高解像,高解像,,,
word_yue_鬧,鬧,,,
word_yue_鬼馬,鬼馬,,,
word_yue_鮓,鮓,,,
word_yue_鯨魚,鯨魚,,,
word_yue_鴨,鴨,,,
word_yue_麻雀,麻雀,,,
word_yue_黑,黑,,,
word_yue_默書,默書,,,
