ID,Vietnamese_Text,English_Text,Vietnamese_Female_Sound,Vietnamese_Male_Sound
lesson_vi2_l1_d0,"Xin chào, tôi là Lan.","Hello, I'm Lan.",,
lesson_vi2_l1_d1,"Chào chị, tôi là Minh. Tôi không phải là người ở đây.","Hello, I'm Minh. I'm not from around here.",,
lesson_vi2_l1_d2,Vậy anh có một câu hỏi cho tôi không?,So do you have a question for me?,,
lesson_vi2_l1_d3,"Dạ có, tôi và cô bạn của tôi đã đi lạc, chúng tôi sẽ đi đâu để về đó ạ?","Yes, my friend and I already got lost — where should we go to get back there?",,
lesson_vi2_l2_d0,Người này là ai vậy?,Who is this person?,,
lesson_vi2_l2_d1,"Đây là em gái tôi, nó tên là Mai.",This is my younger sister; her name is Mai.,,
lesson_vi2_l2_d2,"À, cho chị hỏi, em có biết ông của em đang ở đâu không?","Ah, let me ask — do you know where your grandfather is?",,
lesson_vi2_l2_d3,"Dạ biết, ông nói với em là ông đang ở nhà, chắc đang nghỉ rồi.","Yes, he told me he's at home, probably already resting.",,
lesson_vi2_l2_d4,Vậy cậu có thể gọi ông thử xem sao.,Then could you try calling him and see.,,
lesson_vi2_l2_d5,"Được, để em gọi lại cho ông liền, chắc ông cũng thế thôi.","Okay, let me call him back right away — he's probably the same as usual.",,
lesson_vi2_l3_d0,Chuyện gì vậy? Anh ấy đang làm gì trong đó?,What's going on? What's he doing in there?,,
lesson_vi2_l3_d1,"Ảnh đang tìm cái áo nào đó mà ảnh muốn mặc, nhưng chưa thấy.","He's looking for some shirt he wants to wear, but hasn't found it.",,
lesson_vi2_l3_d2,"Để tôi ra tìm giúp, khi nào tìm được thì gọi anh nghen.",Let me go out and help look; when I find it I'll call you.,,
lesson_vi2_l3_d3,"Cảm ơn, những lúc như vầy chỉ có bạn mới giúp được thôi.",Thanks — at times like this only a friend like you would help.,,
lesson_vi2_l4_d0,Giờ này họ về chưa? Cả nhóm đi đâu vậy?,Have they come home yet? Where did the whole group go?,,
lesson_vi2_l4_d1,"Họ vào thành phố rồi, các bạn ấy nói là đi ăn thôi.",They went into the city; they said they're just going to eat.,,
lesson_vi2_l4_d2,"Vậy à, tôi cứ nghĩ họ còn ở công ty, không thấy ai nhắn tin cả.","Oh really, I thought they were still at the office — nobody texted at all.",,
lesson_vi2_l4_d3,"Nếu thật sự đói bụng thì họ cũng sẽ về sớm thôi, đừng lo.","If they're really hungry then they'll come back soon too, don't worry.",,
lesson_vi2_l5_d0,"Mình cần nói với bạn một việc, được không?","I need to tell you something, is that okay?",,
lesson_vi2_l5_d1,"À, chuyện gì vậy? Nghe rất nghiêm trọng.","Oh, what is it? Sounds very serious.",,
lesson_vi2_l5_d2,"Cũng không có gì to tát, chỉ là mình chưa xin phép đi công tác thôi. Vì việc này rất cần thiết nên mình phải đi từ tuần tới.","It's nothing huge, I just haven't asked for permission to go on a business trip yet. Because this matter is very necessary, I have to go starting next week.",,
lesson_vi2_l5_d3,"Đúng rồi, việc đó quan trọng chứ, mình lên nhà xin phép sếp giúp bạn nữa nè.","That's right, that matter is important — I'll go up and ask the boss for you too.",,
lesson_vi2_l6_d0,"Tớ nghe mẹ tớ nói mọi chuyện rồi, bạn đừng lo quá nhiều.",I heard my mom talk about the whole thing already — don't worry too much.,,
lesson_vi2_l6_d1,"Cảm ơn bạn, tớ chỉ sợ mọi thứ không tốt hơn thôi.",Thanks — I'm just afraid things won't get better.,,
lesson_vi2_l6_d2,"Hãy tin tớ đi, mọi chuyện sẽ ổn, tớ sẽ giúp bạn tìm cách.","Trust me, everything will be fine, I'll help you find a way.",,
lesson_vi2_l6_d3,"Chết thật, đầu tớ đau quá vì nghĩ nhiều rồi, nên mình nghỉ ngơi một chút đi.","Oh no, my head hurts so much from thinking too much, so let's rest a bit.",,
lesson_vi2_l7_d0,Trước đây bà có hay kể chuyện cho cháu nghe không?,Did grandma often tell you stories before?,,
lesson_vi2_l7_d1,"Có chứ, bố tao — à không, bố tớ hay kể nhất là chuyện về công việc hồi xưa của bà.","Yeah, my dad — oh sorry, my dad — often told stories most about grandma's old work.",,
lesson_vi2_l7_d2,"Tên bà là gì vậy? Tất cả mọi người trên phố đều biết bà, nghe nói bà thành công lắm.","What was grandma's name? Everyone on the street knows her, I heard she was very successful.",,
lesson_vi2_l7_d3,"Đó không phải lỗi tại ai đâu, chỉ là bà rất giỏi thôi, sau này cháu muốn giống bà.","That's nobody's fault, she was just very talented — later I want to be like her.",,
lesson_vi2_l8_d0,Ngày khác mình đi xem phim được không? Hôm nay bọn mình bận quá.,Can we go watch a movie another day? We're too busy today.,,
lesson_vi2_l8_d1,"Chắc được, mình vẫn thích cách bạn lên kế hoạch, cứ theo ý bạn đi.","Sure, I still like the way you plan things, just go along with your idea.",,
lesson_vi2_l8_d2,"Vậy hẹn gặp nhau ngay cuối tuần này qua nhé, mình sống gần rạp phim luôn.","Then let's meet right this weekend, I live close to the cinema anyway.",,
lesson_vi2_l8_d3,"Ừ, nhìn chung là ổn, mình cùng đi với nhau cho vui.","Yeah, overall that's fine, let's go together for fun.",,
lesson_vi2_l9_d0,"Bạn mới xem phim gì mà hay vậy? Chào bạn, lâu rồi mới gặp.","What new movie did you watch that was so good? Hi, long time no see.",,
lesson_vi2_l9_d1,"Phim đó kể rằng có hai nhân vật, một người là quan lớn, ngài ấy tự tay giết kẻ xấu để giúp dân.","That movie tells the story of two characters — one is a high official, he personally kills the villain to help the people.",,
lesson_vi2_l9_d2,"Nghe hấp dẫn lắm, lúc nào rảnh bảo mình mượn xem với.","Sounds really gripping, whenever you're free let me know so I can borrow it too.",,
lesson_vi2_l9_d3,"Được, để mình gọi lấy đĩa phim đưa cho bạn, xem xong nhớ nói cho mình hiểu đoạn cuối nha vì mình chưa hiểu hết.","Sure, let me call and grab the disc to give you — after watching, remember to explain the ending to me because I didn't fully understand it.",,
lesson_vi2_l10_d0,"Lần này chính tay cha tôi sửa xe, mất cả buổi luôn.","This time my father fixed the car himself, it took the whole afternoon.",,
lesson_vi2_l10_d1,"Vậy hả? Cuộc sống bận rộn ghê, ba tôi cũng định bỏ chiếc xe cũ đi mua xe mới.",Really? Life is so busy — my dad also plans to give up the old car and buy a new one.,,
lesson_vi2_l10_d2,"Chúa ơi, năm nay đồ đạc gì cũng mắc, nhân tiện, anh đã nhận được lương chưa?","Oh my goodness, everything's so expensive this year — by the way, have you received your salary yet?",,
lesson_vi2_l10_d3,"Chưa, chắc phải chờ vài ngày nữa mới khỏi lo vụ tiền bạc.","Not yet, probably have to wait a few more days before I stop worrying about the money situation.",,
lesson_vi2_l11_d0,"Chị ơi, mấy đứa con gái nhà mình đang chơi ngoài đường, chị ra gọi tụi nó vào nhé.","Hey sis, the girls are playing out on the street, go call them in, okay?",,
lesson_vi2_l11_d1,"Vâng, để em ra liền, thời gian này trời tối nhanh lắm.","Yes, I'll go right away, these days it gets dark fast.",,
lesson_vi2_l11_d2,"Đúng rồi, do trời trở lạnh nên mình phải cẩn thận hơn, với lại tụi nhỏ hay quên mặt đường về nhà.","Right, because the weather's turning cold we have to be more careful, plus the kids often forget the way home.",,
lesson_vi2_l11_d3,"Gia đình mình lúc nào cũng lo cho nhau như vậy, em thấy nơi này thật ấm áp, có tiền cũng không mua được lời nói yêu thương này đâu.",Our family always worries about each other like this — I find this place so warm; money can't buy words of love like this.,,
lesson_vi2_l12_d0,Bây giờ anh xuống phòng kho lấy đồ được chưa? Hàng giao sắp tới rồi.,Can you go down to the storeroom to get the goods now? The delivery is coming soon.,,
lesson_vi2_l12_d1,"Thưa chị, thực ra đồ toàn để ở ngoài sân rồi ạ.","Actually ma'am, the stuff is all placed outside in the yard already.",,
lesson_vi2_l12_d2,"Vậy à, sát giờ giao hàng mà từng món chưa kiểm bằng số hết, chẳng ai để ý cả.","Really, it's right before delivery time and each item hasn't been checked against the count yet — nobody paid attention at all.",,
lesson_vi2_l12_d3,"Thằng nhóc phụ việc bữa nay bất cẩn ghê, để em kiểm lại ngay.","The kid helping out today was really careless, let me recheck it right away.",,
lesson_vi2_l13_d0,"Chú ơi, chú có nhớ hồi cháu còn đi học đại học không?","Uncle, do you remember when I was still in university?",,
lesson_vi2_l13_d1,"Nhớ chứ, hồi đó cháu học nhanh lắm, cố gắng dữ lắm mới đậu.","Of course I remember, back then you learned fast, you tried really hard to pass.",,
lesson_vi2_l13_d2,"Cháu có một chỗ làm mới, thấy cũng tuyệt, nhưng đôi lúc còn hỏi bản thân không biết mình chọn đúng chưa.","I have a new job, it feels great, but sometimes I still ask myself whether I chose right.",,
lesson_vi2_l13_d3,"Đó là lẽ tự nhiên thôi, ai cũng vậy, cứ tiếp tục cố gắng rồi mọi thứ sẽ ổn.","That's just natural, everyone's like that — just keep trying and everything will be fine.",,
lesson_vi2_l14_d0,"Bạn ơi, bên đó vui không? Mọi thứ ổn cả chứ?","Hey, is it fun over there? Is everything okay?",,
lesson_vi2_l14_d1,"Ổn, tâm trạng vui vẻ lắm, tụi mình gặp vài người bạn sinh viên ở nước ngoài giống hồi xưa.","Good, in a really happy mood — we met a few student friends abroad, just like the old days.",,
lesson_vi2_l14_d2,"Vậy tốt, có vấn đề gì thì nhớ nhắn mình, mình sẽ tìm cách cứu vãn tình hình.","That's great, if there's any problem remember to text me, I'll find a way to help fix the situation.",,
lesson_vi2_l14_d3,"Cảm ơn bạn, để mình trả tiền vé xong rồi bàn tiếp về chủ đề khác.","Thanks, let me pay for the ticket first, then we'll continue discussing another topic.",,
lesson_vi2_l15_d0,Tối qua có chuyện gì xảy ra ngoài kia vậy? Nghe nói mấy đứa con trai đi chơi rồi đánh nhau.,What happened out there last night? I heard some guys went out and got into a fight.,,
lesson_vi2_l15_d1,"Ừ, cảnh đó ầm ĩ lắm, may mà công an giữ trật tự kịp, không thì hành động quá đà rồi.","Yeah, that scene was really loud — luckily the police kept order in time, otherwise things would've gone too far.",,
lesson_vi2_l15_d2,Cuối cùng kết quả thế nào? Bởi vì sao mà đánh nhau vậy?,So how did it end up? Why did they fight in the first place?,,
lesson_vi2_l15_d3,"Nghe đâu là chuyện hiểu lầm nhỏ thôi, mới vừa giải quyết xong cách đây một tiếng.","I heard it was just a small misunderstanding, it just got resolved an hour ago.",,
lesson_vi2_l16_d0,Hôm nay có báo gì mới không? Mình chờ lâu quá rồi.,Is there any news today? I've been waiting so long.,,
lesson_vi2_l16_d1,"Bác ơi, cháu tưởng bác biết rồi chứ, sáng nay có một vấn đề quan trọng vừa được thông báo.","Uncle, I thought you already knew — this morning an important matter was just announced.",,
lesson_vi2_l16_d2,"Vậy à, đáng lo thật, nhưng bình tĩnh đi, chắc không có gì lớn đâu.","Really, that's worrying, but calm down, it's probably nothing big.",,
lesson_vi2_l16_d3,"Cám ơn bác đã nói cho cháu biết, cháu thấy hình như mọi chuyện cũng đủ rõ rồi ạ.","Thanks for letting me know, I feel like everything is clear enough now.",,
lesson_vi2_l17_d0,"Ôi, mình sợ ma thần lắm, đừng kể chuyện đó nữa được không?","Oh, I'm really scared of ghosts, please stop telling that story, okay?",,
lesson_vi2_l17_d1,"Thương bạn ghê, thôi mình xin lỗi, chuyện đó đặc biệt hiếm khi xảy ra thật đâu.","Aww, I feel for you, sorry — that kind of thing especially rarely actually happens.",,
lesson_vi2_l17_d2,"Nói vậy nghe cũng hợp lý, nhưng nghe giọng bạn kể có vẻ thông thường như thật quá.","That does sound reasonable, but the way you told it sounded so normal, like it was true.",,
lesson_vi2_l17_d3,"Cuối cùng thì đóng cửa phòng lại rồi ngủ đi, dùng đèn ngủ cho rõ sáng nếu cần.","In the end, just close the room door and go to sleep — use a night light if you need it clear and bright.",,
lesson_vi2_l18_d0,"Sáng nay đội mình đá cầu ngoài sân, ba với chú cũng ra chạy thêm cho vui.","This morning our team played kicking-shuttlecock outside, dad and uncle also went out to run some more for fun.",,
lesson_vi2_l18_d1,"Vậy hội mình đông vui ghê, có đứa nào mang bóng ra chưa?",So our group is nice and lively — has anyone brought the ball out yet?,,
lesson_vi2_l18_d2,"Có rồi, nhưng thân thể mình dạo này hơi yếu, chạy vài vòng là muốn ngủ luôn giữa trời nắng.","Yeah, but my body's been a bit weak lately — run a few laps and I already want to sleep right there under the sun.",,
lesson_vi2_l18_d3,"Cả đời mình chưa thấy ai lười vận động như bạn, thôi để tra xem hôm nay có nên nghỉ không.",In my whole life I've never seen anyone as lazy about exercise as you — let's just look it up whether we should rest today.,,
lesson_vi2_l19_d0,Đổi ý rồi à? Sao nhỏ lại quyết định không bay chuyến này nữa?,Changed your mind? Why did you decide not to fly on this trip anymore?,,
lesson_vi2_l19_d1,"Dạ, vì hôm nay điện thoại gọi báo mẹ em bị bệnh nhẹ, em phải ở gần nhà chăm sóc.","Yeah, because today a phone call reported my mom got a little sick, I have to stay near home to take care of her.",,
lesson_vi2_l19_d2,"Vậy có nghĩa gì đâu, an toàn của mẹ là quan trọng nhất, đối với mình chuyến bay có thể dời được.","That doesn't mean anything — mom's safety is most important, as far as I'm concerned the flight can be postponed.",,
lesson_vi2_l19_d3,"Cảm ơn anh, dù sao cũng phải bảo vệ sức khỏe của mẹ trước, thức đêm chăm mẹ chắc cũng không sao, trẻ mà, hoàn toàn chịu được.","Thanks, either way I have to protect mom's health first — staying up at night to take care of her should be fine, I'm young, I can totally handle it.",,
lesson_vi2_l20_d0,"Trước cổng trường, mình đứng đợi hoài mà không thấy con đâu, nhỉ?","In front of the school gate, I've been standing waiting for so long and don't see the kid, huh?",,
lesson_vi2_l20_d1,"Ngồi xuống nghỉ chút đi, chắc con còn kể chuyện với bạn trong sân thôi, đừng lo.","Sit down and rest a bit — the kid's probably still telling stories with friends in the yard, don't worry.",,
lesson_vi2_l20_d2,"Ừ, nhưng mình tính đi coi thử, mảnh đất trống phía xa kia trông hơi vắng người, sợ con đi lạc.","Yeah, but I'm thinking of going to check — that empty plot of land far over there looks a bit deserted, I'm worried the kid got lost.",,
lesson_vi2_l20_d3,"Chưa chứng kiến chuyện gì xấu bao giờ, con vẫn chịu khó tự tìm đường về được mà, đừng quyết định chạy đi tìm vội, để dành năng lượng lát nữa mình đi luôn cho nhanh.","We've never witnessed anything bad happen — the kid still manages to find the way back diligently, don't decide to rush off looking right away, save your energy so we can just go together in a bit, faster.",,
lesson_vi2_l21_d0,Con tập bài xong chưa? Sắp tới giờ ăn tối rồi đó.,Did you finish practicing your lesson? It's almost dinner time.,,
lesson_vi2_l21_d1,"Dạ sắp xong rồi mẹ, con chỉ còn kiểm lại vài câu nữa thôi, mẹ mở cửa sổ cho mát được không?","Almost done, mom, I just have a few sentences left to check — can you open the window so it's cooler?",,
lesson_vi2_l21_d2,"Được, mẹ mở luôn đây, con muốn uống nước cam hoặc trà đá gì không? Giá nào cũng có sẵn hết.","Sure, opening it now — do you want to drink orange juice or iced tea? Either kind is already available.",,
lesson_vi2_l21_d3,"Con uống nước cam đi mẹ, với lại cây đàn của con dây hơi cao quá, mẹ giúp con chỉnh xuống dưới một chút với ạ, còn khẩu súng đồ chơi thì con dừng chơi rồi, đừng lo.","I'll have orange juice, mom — also my guitar string is a bit too high, can you help me lower it down a bit, and I've stopped playing with the toy gun, don't worry.",,
lesson_vi2_l22_d0,"Mắt mình dạo này thấy hơi mờ, chắc phải thử đi khám bác sĩ chuyên khoa mắt mới được.","My eyes have been a bit blurry lately, I think I need to try seeing an eye specialist doctor.",,
lesson_vi2_l22_d1,"Ừ, chọn một bác sĩ giỏi rồi đặt lịch khám thôi, đừng chủ quan quá kẻo thành chuyện lớn.","Yeah, just pick a good doctor and book an appointment — don't be too careless about it or it'll become a big deal.",,
lesson_vi2_l22_d2,"Cũng đâu có gì điên rồ, chỉ là công việc gần đây thay đổi nhiều, mọi thứ biến chuyển nhanh quá làm mắt mỏi.","It's not anything crazy, it's just that work has changed a lot lately — everything's shifting so fast it's tiring my eyes.",,
lesson_vi2_l22_d3,"Nghe cũng có lòng lo cho sức khỏe rồi đó, cứ theo kế hoạch của bác sĩ trưởng khoa, uống thuốc loại mạnh hơn nếu cần.","That sounds like you genuinely care about your health — just follow the head doctor's plan, take a stronger type of medicine if needed.",,
lesson_vi2_l23_d0,"Cuối tuần này có trận đấu bóng đá, dễ thắng lắm, vợ anh có đi coi không?","This weekend there's a soccer match, easy to win — is your wife coming to watch?",,
lesson_vi2_l23_d1,"Có chứ, cô ấy còn có kiến thức về bóng đá, giúp anh sử dụng app thống kê điểm số để theo dõi trận đấu nữa.","Yeah, she even knows a lot about soccer — she's helping me use the app that tracks scoring stats to follow the match.",,
lesson_vi2_l23_d2,"Trái banh phía đội kia trông khá mạnh, tiến bộ nhiều so với mùa trước, đừng chủ quan kẻo sai lầm.","The ball on that other team's side looks pretty strong, they've improved a lot compared to last season — don't be careless or you'll make a mistake.",,
lesson_vi2_l23_d3,"Ừ, tệ nhất là để lọt lưới sớm, nhưng đội mình phòng thủ chắc chắn lắm, kết quả chắc sẽ ổn thôi, không đến nỗi khốn khổ đâu.","Yeah, the worst is letting in an early goal, but our team's defense is really solid — the result will probably be fine, not that miserable.",,
lesson_vi2_l24_d0,"Chết rồi, mình quên mua vé tàu tuần này, giờ chỉ còn vài phút là tàu chạy thôi!","Oh no, I forgot to buy the train ticket this week, now there are only a few minutes left before the train leaves!",,
lesson_vi2_l24_d1,"Bình tĩnh, còn kịp mà, chạy nhanh chân lên, đừng để lỡ chuyến duy nhất trong ngày.","Calm down, there's still time — run fast, don't miss the only trip of the day.",,
lesson_vi2_l24_d2,"May quá, mình vừa kịp mua vé, hơi kinh hồn một chút nhưng cũng ổn rồi.","Lucky, I just managed to buy the ticket in time — a bit terrifying for a moment but it's okay now.",,
lesson_vi2_l24_d3,"Mừng cho bạn, lần này coi như một kỳ tích, để dành trí nhớ mà nhớ mang vé lần sau, đỡ tốn sức chạy.","Glad for you, this time it's like a miracle — save that memory so you remember to bring the ticket next time, save yourself the effort of running.",,
lesson_vi2_l25_d0,"Tháng sau là đám cưới rồi, mỗi buổi tối mình đều ngồi viết thư mời khách quý.","The wedding is next month, every evening I sit writing invitation letters for the honored guests.",,
lesson_vi2_l25_d1,"Kìa, tài liệu đặt tiệc ở phố trung tâm xong chưa? Có xin phép chủ nhà hàng đổi ngày chưa?","Look, is the paperwork for booking the party downtown done yet? Did you ask the restaurant owner's permission to change the date?",,
lesson_vi2_l25_d2,"Xong rồi, mai mình với chồng sắp cưới sẽ ra ký hợp đồng, cũng có mấy trò vui định diễn cho khách xem nữa.","Done — tomorrow my husband-to-be and I will go sign the contract, there are also some fun acts we plan to perform for the guests.",,
lesson_vi2_l25_d3,"Vậy chắc chắn nổi bật lắm đây, quyền quyết định cuối cùng vẫn ở bạn thôi, cứ vậy mà làm.","That'll definitely stand out then — the final decision-making authority is still yours, just go with it.",,
lesson_vi2_l26_d0,"Vị khách quốc tế này muốn mua một đôi giày làm theo phương pháp thủ công truyền thống, cửa hiệu mình có không?","This international customer wants to buy a pair of shoes made using a traditional handmade method, does our shop have that?",,
lesson_vi2_l26_d1,"Có chứ, mặc thử xem có vừa không, đây là hàng làm đúng phong tục dân gian của mình, còn có cả họa tiết vũ điệu dân tộc nữa.","Sure, try wearing them to see if they fit — this is made according to our own folk customs, and even has traditional dance-pattern designs on it.",,
lesson_vi2_l26_d2,"Vậy để tôi giải đơn hàng và giải thích thêm, mỗi độ tuổi thật ra có hệ thống sở thích khác nhau về kiểu dáng, khá thú vị đó.","Then let me handle the order and explain more — actually, each age group has a different system of taste in style, quite interesting.",,
lesson_vi2_l26_d3,"Yên tâm đi, khách trông có vẻ hài lòng lắm rồi, mặt còn hồng hào lên vì máu nghệ thuật nổi lên, đừng phá hỏng không khí vui vẻ này, cũng đừng để chuyện gì khiến khách đổi ý.","Don't worry, the customer looks quite satisfied already, their face even flushed with artistic enthusiasm — don't ruin this pleasant atmosphere, and don't let anything cause the customer to change their mind.",,
lesson_vi2_l27_d0,"Bàn này bày sách với hồ cá coi cũng hay ha, nuôi cá cảnh có luật quy định gì không nhỉ?","This desk with a fish tank and books looks nice, huh — are there rules for keeping ornamental fish?",,
lesson_vi2_l27_d1,"Ư, hình như phải có tiêu chuẩn về mức độ an toàn, với lại đừng để chó nhà mình phạm phải chuyện nguy hiểm gần hồ.","Hmm, seems like there has to be some safety standard, and also don't let our dog get into anything dangerous near the tank.",,
lesson_vi2_l27_d2,"Đúng rồi, để mình tạo ra một khu vực riêng, dẫn chó ra chỗ khác chơi cho mau, khỏi lo nó phá.","Right, let me create a separate area, lead the dog out to play somewhere else quickly, no need to worry about it wrecking things.",,
lesson_vi2_l27_d3,"Cứ vậy đi, tiện thể lên mạng tra thêm coi có quy định hoàng gia hay tiêu chuẩn quốc tế nào phục vụ cho việc chăm cá cảnh bao nhiêu là đủ không.","Sure, do that — while you're at it look online to check if there are any royal-style or international standards for how much fish-tank care is enough.",,
lesson_vi2_l28_d0,Sếp vừa gọi điện thoại chúc mừng nhóm mình hoàn thành nhiệm vụ đúng hạn.,The boss just called to congratulate our team on completing the task on time.,,
lesson_vi2_l28_d1,"Ổng vui lắm, còn nói dự án này giúp công ty tránh được rủi ro gây thiệt hại lớn.","He's very happy, and even said this project helped the company avoid risks that would've caused big losses.",,
lesson_vi2_l28_d2,"Ừ, cả khu vực kinh doanh đều biết danh tiếng nhóm mình rồi, không còn ai tranh cãi về năng lực nữa.","Yeah, the whole business division already knows our team's reputation, nobody argues about our competence anymore.",,
lesson_vi2_l28_d3,"Thắng lợi này thúc đẩy tinh thần cả đội luôn, thay áo mới ăn mừng dưới gốc cây thôi, hy vọng lần sau còn xuất sắc hơn, đừng để có gì xấu xảy ra.","This win boosts the whole team's morale — let's change into new clothes and celebrate under the tree, hope next time is even better, let's hope nothing bad happens.",,
lesson_vi2_l29_d0,"Sản phẩm này khá ngon, mình định bán ở khu vực địa phương trước rồi tính chuyện mở rộng.","This product is quite good, I'm planning to sell it in the local area first, then think about expanding.",,
lesson_vi2_l29_d1,"Ý tưởng cũng thiết thực đó, nhưng nhớ giữ bí mật thông tin, tránh để lộ ra ngoài rồi bị người khác xử lý trước.","That idea is practical, but remember to keep the information confidential, avoid leaking it and having someone else handle it first.",,
lesson_vi2_l29_d2,"Yên tâm, tài liệu trình bày chỉ tạm thời lưu ở đây thôi, cấp trên chưa ai có thể thoát khỏi vòng kiểm soát mà lấy được đâu.","Don't worry, the presentation materials are only stored here temporarily, not even upper management can escape the monitoring and get it.",,
lesson_vi2_l29_d3,"Vậy khá chắc rồi, cứ quyết chí làm, coi như bước tấn công đầu tiên vào thị trường, đừng để giả thuyết sai làm tiệt đường cơ hội, cũng nhớ chuẩn bị đủ tài liệu dự phòng.","That's pretty solid then — just commit to it wholeheartedly, treat it as the first move into the market, don't let a wrong assumption completely cut off the opportunity, and remember to prepare enough backup materials.",,
lesson_vi2_l30_d0,"Em đoán thử xem, anh có kế hoạch gì đặc biệt cho cuối tuần này không?",Guess — do you have any special plan for this weekend?,,
lesson_vi2_l30_d1,"Chàng trai như anh làm sao nói dối em được, anh mời em đi dạo giữa trung tâm thành phố, rồi ăn tối sớm một chút.","A guy like me could never lie to you — I invite you to walk around downtown, then have dinner a bit early.",,
lesson_vi2_l30_d2,"Nghe tuyệt vời quá, nhưng anh nhớ đừng rời khỏi chỗ hẹn trước khi em tới nha, với lại viết sẵn địa chỉ quán cho em.","Sounds wonderful, but remember don't leave the meeting spot before I arrive, okay, and also write down the restaurant's address for me.",,
lesson_vi2_l30_d3,"Anh hứa luôn, thanh toán trước xong hết rồi, giờ chỉ nằm chờ dự báo thời tiết coi trời có thiên về nắng ráo để đi chơi không thôi, đâu có ai ra lệnh dịch chuyển kế hoạch này được đâu.","I promise — payment's already settled, now I'm just lying here waiting for the weather forecast to see if it's leaning toward clear skies for going out — nobody could order this plan to change now.",,
lesson_vi2_l31_d0,"Nghe nói bạn suýt gặp nạn lúc chơi bóng đá hôm qua, có bị hại gì không?","I heard you almost had an accident playing soccer yesterday, were you hurt at all?",,
lesson_vi2_l31_d1,"Cũng hơi nguy hiểm, tim đập nhanh dữ lắm lúc té, may mà không bị gì nặng, chỉ nghỉ dưỡng ở nhà thôi, khỏi vào viện.","It was a bit dangerous, my heart was pounding hard when I fell, but luckily nothing serious, just resting at home, no need to go to the hospital.",,
lesson_vi2_l31_d2,"Vậy tốt, dậy sớm rồi coi phim lịch sử hay mục nào đó cho thư giãn, có ai giỏi chăm sóc bạn ở căn nhà đó không?","That's good, wake up early and watch a history movie or some show to relax — is anyone good at taking care of you at that house?",,
lesson_vi2_l31_d3,"Có chứ, hộ gia đình mình sống gần bên hồ đó, ai cũng biết hướng dẫn cách sơ cứu, băng bó đàng hoàng, đừng lo mình có ma nào quấy đâu.","Yeah, our household lives near that lake, everyone knows how to give first-aid guidance, wrap a bandage properly — don't worry, no ghost is bothering me.",,
lesson_vi2_l32_d0,Cậu có xem phim mới trên tivi không? Có cảnh một người trốn khỏi tù đó.,Have you watched the new show on TV? There's a scene where someone escapes from prison.,,
lesson_vi2_l32_d1,"Có, tôi đọc bài giới thiệu rồi, nghe kiểu phim hành động vậy.","Yeah, I already read the description, sounds like an action-type movie.",,
lesson_vi2_l32_d2,Đúng vậy. Nhưng có một bước làm tôi thấy rối — cảnh sát tìm ra dấu tay lạ ở hiện trường.,Right. But there's a step that confused me — the police found a strange fingerprint at the scene.,,
lesson_vi2_l32_d3,"Ai để lại dấu đó, nhân vật chính à?","Who left that mark, the main character?",,
lesson_vi2_l32_d4,"Không, một nhân vật phản diện. Hắn còn uống rượu trước khi gây chuyện nữa.","No, a villain. He even drank alcohol before he caused trouble.",,
lesson_vi2_l32_d5,"Nghe giống mấy phim ngu ngốc trên mạng, nhưng chắc cũng vui để xem lúc rảnh.","Sounds like one of those dumb movies online, but probably fun to watch when free.",,
lesson_vi2_l33_d0,Tụi mình đi xem hội mỹ thuật cuối tuần này nhé?,"Let's go see the art fair this weekend, shall we?",,
lesson_vi2_l33_d1,Được đó! Nghe nói năm nay có nhiều tác phẩm lạ lắm.,Sounds good! I heard there are lots of unusual pieces this year.,,
lesson_vi2_l33_d2,"Ừ, có một vòng hoa rất đẹp làm từ cánh hoa hồng thật.","Yeah, there's a beautiful wreath made from real rose petals.",,
lesson_vi2_l33_d3,Ban tổ chức còn mời một anh hề đến biểu diễn cho vui nữa.,The organizing committee even invited a clown to perform for fun.,,
lesson_vi2_l33_d4,"Hay đó, chắc tôi sẽ cười suốt buổi luôn. Nhớ cẩn thận kẻo lạc nhau trong đám đông nhé, tụi mình đông người mà.","Nice, I'll probably laugh the whole time. Remember to be careful not to get separated in the crowd, since there's a lot of us.",,
lesson_vi2_l33_d5,"Yên tâm, càng đông người thì không khí càng vui thôi.","Don't worry, the more crowded it is, the more fun the atmosphere.",,
lesson_vi2_l34_d0,"Nè, cậu có biết chuyện cổ tích về người ngư dân tham lam không?","Hey, do you know the folk tale about the greedy fisherman?",,
lesson_vi2_l34_d1,"Có, hồi nhỏ bà hay kể chuyện đó cho tôi nghe. Ông ta tham quá nên cuối cùng bị mất hết.","Yeah, when I was little my grandma used to tell me that story. He was so greedy that in the end he lost everything.",,
lesson_vi2_l34_d2,"Đúng rồi, may mà chưa gặp lũ lụt như trong chuyện.","That's right, lucky he never ran into a flood like in the story.",,
lesson_vi2_l34_d3,"Ừ, nghe nói vùng đó có loài cá độc, ngư dân già ở đó phải rất cẩn thận khi đi thuyền.","Yeah, they say that area has a poisonous kind of fish, so the old fishermen there have to be very careful when out on a boat.",,
lesson_vi2_l34_d4,"Chuyện này chắc nằm trong một trang sách văn học nào đó, đọc thấy khá bí ẩn.","This story must be in some literature textbook page, it reads as pretty mysterious.",,
lesson_vi2_l34_d5,"Bà tôi mong tôi lớn lên sẽ hiểu ý nghĩa câu chuyện, không như thằng ngốc trong truyện.","My grandma hopes that when I grow up I'll understand the story's meaning, unlike the fool in the tale.",,
lesson_vi2_l35_d0,"Tôi mới đặt hẹn khám sức khỏe tuần sau, cậu đi khám định kỳ chưa?","I just made an appointment for a health checkup next week, have you gone for your regular checkup?",,
lesson_vi2_l35_d1,"Rồi, tôi vừa đi hôm qua. Bác sĩ gửi cho tôi một tờ báo cáo đầy đủ kết quả xét nghiệm.","Yeah, I just went yesterday. The doctor sent me a full report of the test results.",,
lesson_vi2_l35_d2,"Vậy à, hóa ra không có gì đáng lo hết hả?","Oh really, so it turns out there's nothing to worry about?",,
lesson_vi2_l35_d3,"Ừ, trừ việc phải giảm ăn món ngọt, mọi thứ đều ổn. Bác sĩ đùa là tôi có khả năng sống thọ.","Yeah, except I have to cut back on sweet dishes, everything else is fine. The doctor joked that I have the potential to live long.",,
lesson_vi2_l35_d4,"Khoan đã, bác sĩ đùa với bệnh nhân luôn hả? Khoảng bao lâu thì cậu hẹn tái khám?","Wait a second, the doctor jokes with patients too? About how long until your follow-up appointment?",,
lesson_vi2_l35_d5,Khoảng một tháng nữa. Thầy dạy yoga của tôi cũng nói nhảy dây mỗi ngày giúp khỏe và thấy hạnh phúc hơn.,About another month. My yoga teacher also says jumping rope every day helps you get healthier and feel happier.,,
lesson_vi2_l36_d0,Bữa nay đọc báo thấy tin thị trường đô la biến động khủng khiếp quá.,Today I read the news and saw the dollar market is fluctuating terribly.,,
lesson_vi2_l36_d1,"Ừ, nghe nói công ty chồng tôi đang lo sợ thất nghiệp vì công ty suy thoái.","Yeah, I heard my husband's company is worried about layoffs because the company is declining.",,
lesson_vi2_l36_d2,"Thật tiếc, mong là mọi chuyện sẽ ổn trong tương lai. Giống như Nhật từng vượt qua khủng hoảng kinh tế vậy.","What a shame, I hope things will be okay in the future. Like how Japan once got through an economic crisis.",,
lesson_vi2_l36_d3,"Tôi cũng nghi là tình hình sẽ khó khăn suốt năm nay, nên đang dành tiền tiết kiệm nhiều hơn.","I also suspect things will be hard all year, so I'm setting aside more savings.",,
lesson_vi2_l36_d4,"Đúng vậy, cẩn thận vẫn hơn. Cuối tuần chắc siêu thị đông người mua đồ tích trữ lắm.","Right, better to be careful. This weekend the supermarket is probably crowded with people stocking up.",,
lesson_vi2_l36_d5,Chắc vậy. Có ông vua trong phim tài liệu tôi coi hôm qua cũng phải kéo cả nước qua khủng hoảng đó — chắc tôi học lái công ty qua giai đoạn này theo cách đó luôn.,Probably. There was a king in a documentary I watched yesterday who also had to pull the whole country through a crisis — I should learn to steer the company through this period the same way.,,
lesson_vi2_l37_d0,"Phim hôm qua tôi coi kể về một nàng công chúa và mối tình kéo dài qua nhiều kiếp, tốn tới vài triệu đô để quay cảnh chiến trận đó.","The movie I watched yesterday was about a princess and a love that lasted across many lifetimes, it cost several million dollars to film the battle scene.",,
lesson_vi2_l37_d1,"Nghe hoành tráng ghê. Tôi mới xem sơ qua trailer thôi, chưa xem hết phim.","Sounds epic. I've only glanced at the trailer, haven't watched the whole movie yet.",,
lesson_vi2_l37_d2,"Có một trận đánh lớn ngoài biển, còn có cảnh bom nổ làm cả rạp im lặng luôn.","There's a big battle out at sea, and a bomb-exploding scene that made the whole theater go silent.",,
lesson_vi2_l37_d3,Không ngờ phim tình cảm mà lại có cảnh chiến tranh dữ vậy. Chả trách sao ai cũng khen phim này.,I didn't expect a romance movie to have such intense war scenes. No wonder everyone praises this movie.,,
lesson_vi2_l37_d4,"Đúng đó, với lại có một bức tranh màu rất đẹp làm biểu tượng xuyên suốt câu chuyện.","Right, and there's also a beautiful colored painting that serves as a symbol throughout the story.",,
lesson_vi2_l37_d5,Đoạn nào buồn nhất vậy?,Which part is the saddest?,,
lesson_vi2_l37_d6,"Đoạn nàng phải sống riêng một mình quanh năm, chờ mãi mà người yêu vẫn chưa quay lại — nghe thấy đỡ tò mò rồi ha, để tôi xem thử.","The part where she has to live alone by herself all year round, waiting forever while her love still hasn't come back — that satisfies my curiosity a bit, let me go watch it.",,
lesson_vi2_l38_d0,Nghe nói cậu mới nhận chức trưởng phòng ở công ty mới hả?,I heard you just took the department head position at a new company?,,
lesson_vi2_l38_d1,"Ừ, đúng vậy, thấy hơi lo nhưng cũng may mắn có cơ hội này. Tôi mơ làm quản lý từ lâu rồi.","Yeah, that's right, a bit nervous but also lucky to have this chance. I've dreamed of being a manager for a long time.",,
lesson_vi2_l38_d2,Sếp mới nói cậu cần rèn thêm kỹ năng lãnh đạo và giữ chất lượng công việc cao à?,Did the new boss say you need to build more leadership skills and keep work quality high?,,
lesson_vi2_l38_d3,"Đúng vậy, tôi sẽ cố gắng làm việc linh hoạt và thẳng thắn với đồng nghiệp, chắc phải mất một thời gian mới quen với mọi người.","That's right, I'll try to work flexibly and be direct with coworkers, it'll probably take some time to get used to everyone.",,
lesson_vi2_l38_d4,Công ty có tổ chức khóa đào tạo cho nhân viên mới không? Lịch làm việc thế nào?,Does the company organize a training course for new employees? What's the work schedule like?,,
lesson_vi2_l38_d5,"Có, tuần sau tôi phải tham gia khóa huấn luyện, chừng một tuần là xong, lịch làm việc bình thường thôi.","Yes, next week I have to join a training course, about a week long, the schedule is normal otherwise.",,
lesson_vi2_l38_d6,"Lương thì sao, có kèm thù lao gì thêm không? Nhớ đem theo laptop cá nhân nếu công ty yêu cầu nhé.","What about salary, does it come with any extra compensation? Remember to bring your personal laptop if the company requires it.",,
lesson_vi2_l38_d7,"Có thêm chút thù lao. Hy vọng không ai chống đối chuyện tôi làm sếp mới, và mong không bị đuổi việc sớm ha.","There's a bit of extra pay. I hope no one resents me becoming the new boss, and I hope I don't get fired too soon either.",,
lesson_vi2_l39_d0,"Mùa thu năm ngoái tụi mình cũng đi cắm trại như vầy nè, vui thiệt.","Last autumn we also went camping like this, it was really fun.",,
lesson_vi2_l39_d1,"Cắm trại ở miền Nam vui ghê, tối nay mình đốt lửa trại được không chú?","Camping in the South is so much fun, can we light a campfire tonight, uncle?",,
lesson_vi2_l39_d2,"Được chứ, để chú dạy các cháu cách nhóm lửa cho đúng cách. Hồi chú còn làm lính, chú thuộc lòng mấy kiểu nhóm lửa lắm.","Sure, let me teach you kids how to build a fire properly. Back when I was a soldier, I knew several ways to build a fire by heart.",,
lesson_vi2_l39_d3,"Ngôi sao trên trời đêm nay đẹp ghê, mình chia nhau ngồi ngắm sao đi.","The stars in the sky tonight are so beautiful, let's split up and go stargazing.",,
lesson_vi2_l39_d4,"Coi chừng kiến bò lên chân đó, tụi mình ngồi xa đống lửa một chút.","Watch out, ants might crawl up your leg, let's sit a bit farther from the fire.",,
lesson_vi2_l39_d5,"Ai thiếu chăn thì lại đây chú chia bớt cho, đừng để bị lạnh.","Whoever is missing a blanket, come here and I'll share mine, don't get cold.",,
lesson_vi2_l39_d6,Con cầm cái này được không chú? Con muốn cắt bớt sợi dây diều cho ngắn lại.,"Can I hold this, uncle? I want to cut the kite string a bit shorter.",,
lesson_vi2_l39_d7,"Được, nhưng đừng cắt hết nguyên sợi dây, để dành thả diều lần sau nữa. Con ghét bị ngăn cản kiểu này lắm hả?","Okay, but don't cut the whole rope, save some to fly the kite again next time. Do you really hate being held back like this?",,
lesson_vi2_l39_d8,"Dạ không, con hiểu rồi, cắt vừa đủ thôi cũng có lợi mà.","No, I understand, cutting just enough is beneficial too.",,
lesson_vi2_l40_d0,"Đám cưới của Lan tổ chức ngày nào vậy, cậu ghi vào lịch chưa?","What day is Lan's wedding, did you write it in your calendar?",,
lesson_vi2_l40_d1,"Ghi rồi, theo âm lịch là ngày tốt lắm, thậm chí ông lão xem ngày còn nói là ngày rất hợp.","Already noted, according to the lunar calendar it's a very good day, even the old man who reads dates said it's very auspicious.",,
lesson_vi2_l40_d2,"Vậy à, mình phân vân không biết nên tặng vàng hay tặng tiền mặt.","Oh really, I'm torn about whether to gift gold or cash.",,
lesson_vi2_l40_d3,"Tặng vàng vẫn hẳn là lựa chọn an toàn hơn, theo phong tục cũ mà.","Gifting gold is clearly the safer choice, that's the old custom.",,
lesson_vi2_l40_d4,Cậu có trách nhiệm gì trong đám cưới không?,Do you have any responsibilities for the wedding?,,
lesson_vi2_l40_d5,"Có chứ, mình phải nhập danh sách khách mời vào sổ.","Yes, I have to enter the guest list into the record.",,
lesson_vi2_l40_d6,"Nghe nói họ còn thuê xe ngựa để rước dâu, sang thiệt.","I heard they even rented a horse carriage to bring the bride, so fancy.",,
lesson_vi2_l40_d7,"Ừ. À, mình nghe nói chỗ tổ chức tiệc là trụ sở cũ của một khách sạn lớn, đừng lo, đừng để màu đen xui xẻo gì vào ngày đó nha.","Yeah. Oh, I heard the venue is the old headquarters building of a big hotel — don't worry, don't let any unlucky black-cat superstition ruin that day.",,
lesson_vi2_l41_d0,Nghe nói tiệc sinh nhật cuối tuần này bị hủy rồi hả?,I heard this weekend's birthday party got canceled?,,
lesson_vi2_l41_d1,"Ừ, vì hôm qua có tai nạn nhỏ ở tòa nhà tổ chức tiệc, nghiêm trọng nên phải hoãn lại.","Yeah, because yesterday there was a small accident at the building where the party was held, it was serious enough that they had to postpone it.",,
lesson_vi2_l41_d2,"Trời, có ai bị thương không?","Oh no, was anyone hurt?",,
lesson_vi2_l41_d3,"Có một vết thương nhẹ ở tay thôi, nhân viên cứu hộ đã đến hỗ trợ kịp thời rồi. Đài truyền hình cũng đưa tin, nói tiếng nổ nghe như tiếng đạn nhưng hóa ra chỉ là pháo bông.","Just a light wound on the arm, rescue staff got there to help in time. The TV news even covered it, saying the bang sounded like a gunshot but it turned out to just be fireworks.",,
lesson_vi2_l41_d4,"May mà không nghiêm trọng hơn. Bà ngoại tôi nghe tin cũng lo, la tôi um sùm bảo đừng đi tiệc nữa.","Lucky it wasn't more serious. My grandma heard the news and got worried too, she scolded me up and down telling me not to go to any more parties.",,
lesson_vi2_l41_d5,"Ban tổ chức nói sẽ nhắc mọi người qua tin nhắn, với phải ký giấy cam kết đảm bảo an toàn trước khi tổ chức lại.","The organizers said they'll remind everyone by text, and they have to sign a safety-guarantee form before holding it again.",,
lesson_vi2_l41_d6,"Vậy để tôi nhắn hỏi thêm cho chắc, không dám tự ý đi nếu chưa xác nhận.","Then let me text and ask more to be sure, I don't dare just show up without confirming first.",,
lesson_vi2_l41_d7,"Ừ, họ đang tìm phương án khác, có thể đổi qua một tòa nhà kiểu Tây khác, với mua thêm một tá hoa mang qua thăm người bị thương cho yên tâm.","Yeah, they're looking into other options, maybe switching to another, more Western-style building, and buying a dozen flowers to visit the injured person to put everyone at ease.",,
lesson_vi2_l42_d0,Nghe nói công ty của Long bị phá sản rồi hả? Sao lại thất bại nhanh vậy?,I heard Long's company went bankrupt? Why did it fail so fast?,,
lesson_vi2_l42_d1,"Ừ, nghe nói ảnh đầu tư vào một mối làm ăn không rõ ràng, cuối cùng bị lừa mất nửa số tiền.","Yeah, I heard he invested in some unclear business connection, and ended up getting swindled out of half his money.",,
lesson_vi2_l42_d2,"Trời, kiểu lừa đảo đó ác như quỷ vậy, sao lại tin dễ dàng thế?","Wow, that kind of scam is as wicked as a devil, how could he trust it so easily?",,
lesson_vi2_l42_d3,"Ảnh nói lúc đầu người ta rất chân thành, nhưng sau này mới lộ ra là bị cướp trắng trợn.","He said the people seemed very sincere at first, but later it turned out he was blatantly robbed.",,
lesson_vi2_l42_d4,Vậy giờ ảnh có nhờ luật sư giải quyết không?,So has he asked a lawyer to help resolve it?,,
lesson_vi2_l42_d5,"Có, nhưng phiền là quá trình kiện tụng rất phức tạp và tốn nhiều chi phí.","Yes, but the annoying part is the lawsuit process is very complicated and costs a lot.",,
lesson_vi2_l42_d6,"Đừng lầm lẫn nữa nha, lần sau lựa chọn kỹ hơn trước khi đổ tiền vào đâu đó.","Don't make that mistake again, next time choose more carefully before pouring money into anything.",,
lesson_vi2_l42_d7,"Đúng vậy, giờ ảnh chỉ ước sao lấy lại được một phần vốn, còn quần áo với đồ dùng thì bán bớt để trả nợ chung với vợ. Nhưng ảnh không chấp nhận thua dễ vậy đâu, đang tính chế ra hướng đi mới để phát huy lại từ đầu.","Right, now he just wishes he could get back part of the capital, and he's selling off clothes and belongings to pay off the joint debt with his wife. But he's not one to easily accept defeat, he's planning to cook up a new direction to rebuild from scratch.",,
lesson_vi2_l43_d0,Chuyến đi karaoke lần này ai cũng đăng ký thi hát hết trơn.,"On this karaoke trip, everyone signed up to compete in the singing contest.",,
lesson_vi2_l43_d1,"Ừ, ban tổ chức còn cử ra ba giám khảo để chấm điểm nữa.","Yeah, the organizers even appointed three judges to score it.",,
lesson_vi2_l43_d2,"Cưng ơi, đằng kia có mã số bàn của tụi mình kìa, qua đó ngồi đi.","Sweetie, our table's code number is over there, let's go sit there.",,
lesson_vi2_l43_d3,"Ừ, trời nóng quá, cho tôi mượn cái khăn lau mồ hôi cái.","Yeah, it's so hot, let me borrow that towel to wipe off sweat.",,
lesson_vi2_l43_d4,Bài hát này nghe hơi giống một bài trong tiểu thuyết được chuyển thể thành ca khúc đó.,This song sounds a bit like one from a novel that got adapted into a song.,,
lesson_vi2_l43_d5,Thiệt hả? Vậy chắc phải có yếu tố lai giữa nhạc truyền thống với nhạc hiện đại.,Really? Then it must have a hybrid element between traditional and modern music.,,
lesson_vi2_l43_d6,"Đúng đó, mình nghe nói ca sĩ này từng vượt qua nhiều khó khăn mới nổi tiếng được, có cả buổi lễ vinh danh cô ấy ở vùng này nữa.","Right, I heard this singer had to overcome a lot of hardship to become famous, there was even a ceremony honoring her in this region.",,
lesson_vi2_l43_d7,"Hay ghê. À, lối vào sân khấu ở đằng kia kìa, đi lối đó cho gần. Với nếu hát sai lỗi gì thì mong khán giả tha lỗi giùm.","Nice. Oh, the way onto the stage is over there, take that path since it's closer. And if I sing anything wrong, I hope the audience will forgive the mistake.",,
lesson_vi2_l44_d0,Đoàn du lịch của tụi mình đi Thái Lan cần chuẩn bị giấy tờ gì vậy?,What documents does our tour group need to prepare for the trip to Thailand?,,
lesson_vi2_l44_d1,"Cần hộ chiếu với visa, một số giấy bắt buộc phải nộp trước, với phải chờ xét duyệt vài ngày.","We need a passport and visa, some documents that must be submitted in advance, and we have to wait a few days for approval.",,
lesson_vi2_l44_d2,"Nghe hơi rắc rối ha, có chi tiết nào cần lưu ý không?","Sounds a bit complicated, any details I should keep in mind?",,
lesson_vi2_l44_d3,"Có, phải khai đầy đủ thông tin cho phù hợp, đừng để rơi thiếu giấy tờ nào.","Yeah, you have to fill in all the information properly, don't let any document slip through missing.",,
lesson_vi2_l44_d4,"Rồi, tôi tranh thủ đi cắt tóc với nhuộm trắng vài lọn cho đẹp trước khi đi.","Okay, I'll take the chance to get a haircut and dye a few strands white before we go.",,
lesson_vi2_l44_d5,"Ừ, nhớ mang theo ít tiền để mua vé xem mấy di tích cổ với nghe nhạc lễ hội nữa.","Yeah, remember to bring some money to buy tickets to see ancient historical sites and listen to festival music.",,
lesson_vi2_l44_d6,"Được, chắc sẽ tận hưởng chuyến đi này lắm, còn định ăn thử món thịt nướng đường phố ở đó.","Okay, I'll definitely enjoy this trip to the fullest, and I also plan to try some street-grilled meat there.",,
lesson_vi2_l44_d7,"Nghe thuận lợi ghê, hy vọng chuyến đi này mang lại nhiều hạnh phúc và trải nghiệm kích thích cho tụi mình.","Sounds like it's all going smoothly, I hope this trip brings us lots of happiness and exciting experiences.",,
lesson_vi2_l45_d0,Nhóm mình cần cộng tác chặt chẽ hơn để ra sản phẩm mới đúng hạn.,Our group needs to collaborate more closely to get the new product out on time.,,
lesson_vi2_l45_d1,"Đúng vậy, nhưng nguồn cung nguyên liệu kim loại đang bị chậm, chắc phải kiểm soát lại kế hoạch.","Right, but the metal materials supply is running behind, we'll probably have to re-control the plan.",,
lesson_vi2_l45_d2,"Trời lạnh thế này mà mọi người vẫn chăm chỉ làm việc, cực kỳ đáng khen.","Even with this cold weather everyone's still working hard, extremely commendable.",,
lesson_vi2_l45_d3,"Ừ, để tôi đọc lại cuốn sổ tay hướng dẫn cho tỉnh táo hơn, sợ sai sót gì đó.","Yeah, let me re-read the handbook to stay sharp, in case something's wrong.",,
lesson_vi2_l45_d4,"Khách hàng đang săn đón sản phẩm này dữ lắm, đừng để họ giận vì trễ hẹn.","Customers are eagerly chasing this product hard, don't let them get angry over a delay.",,
lesson_vi2_l45_d5,"Yên tâm, thượng cấp cũng đang theo dõi sát rồi, mọi người cứ giữ mái nhà chung này vững vàng.","Don't worry, the higher-ups are also watching closely, everyone just keep this shared home steady.",,
lesson_vi2_l45_d6,"Được, mọi người cứ mở miệng ra là bàn chuyện công việc, thấy vui ghê.","Okay, everyone just opens their mouth and it's straight to talking about work, it's kind of fun.",,
lesson_vi2_l45_d7,"Đúng vậy, có nhóm đồng đội tốt và cậu trông có tướng lãnh đạo thế này thì việc gì cũng thành công thôi.","Right, with a good team and you looking like you have a leader's bearing like this, anything will succeed.",,
lesson_vi2_l46_d0,Nhà hàng xóm tôi vừa bị trộm vào lấy mất cái túi đựng tiền với đồ trang sức.,"My neighbor's house just got broken into, a thief took a bag with money and jewelry.",,
lesson_vi2_l46_d1,"Trời, kẻ trộm lừa cách nào vào được vậy?","Wow, how did the thief trick their way in?",,
lesson_vi2_l46_d2,Nghe nói hắn giả làm thợ sửa ống nước để vào nhà.,I heard he pretended to be a plumber to get inside.,,
lesson_vi2_l46_d3,"Ghê thiệt. Chắc phải tăng cường an ninh, lắp thêm camera theo dõi mới được.",That's scary. We should really strengthen security and install a monitoring camera.,,
lesson_vi2_l46_d4,"Đúng đó, tôi đang tính mua một cái đèn báo động màu đỏ để lắp ở cửa bắc.","Right, I'm thinking of buying a red alarm light to install at the north door.",,
lesson_vi2_l46_d5,Cũng nên xem mức phí lắp đặt với phí bảo trì hằng năm là bao nhiêu.,You should also check the installation fee level and the annual maintenance fee.,,
lesson_vi2_l46_d6,"Ừ, để tôi hỏi thử bên dịch vụ, hy vọng máy hoạt động không yếu quá, phản ứng nhanh trong vài giây.","Yeah, let me ask the service provider, hoping the machine isn't too weak and reacts fast within a few seconds.",,
lesson_vi2_l46_d7,"Đúng vậy, có ích lắm đó, nhà mình cũng nên hỏi lệ phí giảm giá combo nếu có, với hưởng thêm bảo hành thì càng tốt. Uống miếng cà phê rồi tính tiếp ha, đừng lo quá thánh thần gì hết.","Right, that's really useful, we should also ask about a discounted combo fee if there is one, and it'd be even better to also get extra warranty coverage. Let's have some coffee and figure the rest out later, don't worry so much, for heaven's sake.",,
lesson_vi2_l47_d0,"Tuần sau đoàn mình đi trại hè ngoài đảo đó, nghe nói ngày xưa có một vị vương từng cai trị nơi này, ai cũng háo hức chờ ngày khai mạc.","Next week our group is going to a summer camp on that island, they say a king once ruled there long ago, everyone is excited for opening day.",,
lesson_vi2_l47_d1,"Nghe nói đảo đó nước rất sâu, mình sợ lặn xuống thở không nổi.","I heard the water there is very deep, I'm scared I won't be able to breathe diving down.",,
lesson_vi2_l47_d2,"Yên tâm, huấn luyện viên sẽ dạy cách thở đúng cách trước khi lặn, không đến nỗi khó đâu.","Don't worry, the instructor will teach proper breathing before diving, it's not so bad.",,
lesson_vi2_l47_d3,"Ừ, nhưng nghe nói vài năm trước có một cơn bão làm cả đảo hỗn loạn, cây cối đổ ngã hết.","Yeah, but I heard a few years ago a storm threw the whole island into chaos, trees fell everywhere.",,
lesson_vi2_l47_d4,"Chính phủ địa phương giờ tín nhiệm công ty du lịch này lắm rồi, chắc an toàn hơn nhiều.","The local government trusts this tour company a lot now, so it's probably much safer.",,
lesson_vi2_l47_d5,"Mong là hòa bình, không có cơn bão nào ghé qua lúc mình ở đó.","I hope it's peaceful, and no storm passes through while we're there.",,
lesson_vi2_l47_d6,"Đêm đó ban tổ chức còn biểu diễn văn nghệ nữa, hầu hết mọi người đều thích ngồi nghe.","That night the organizers will also put on a performance, almost everyone likes to sit and listen.",,
lesson_vi2_l47_d7,"Tôi xúc động ghê, có cảm giác như tâm hồn được nghỉ ngơi thật sự khi ở gần biển. À, cho tôi hỏi tí, diện tích khu cắm trại rộng cỡ nào vậy?","I feel really moved, it feels like my soul truly gets to rest when I'm near the sea. Oh, let me ask real quick, how big is the campground area?",,
lesson_vi2_l48_d0,"Này, cậu nghe tin về trường mình chưa? Tin đó nổ ra như một quả bom vậy, ai cũng bất ngờ. Lâu quá không gặp lại lớp mình, dạo này cậu bận gì mà ít liên lạc vậy?","Hey, did you hear the news about our school? That news dropped like a bomb, everyone was shocked. It's been so long since I've seen our class, what's kept you so busy that you barely reach out?",,
lesson_vi2_l48_d1,"Dạo này tôi làm phóng viên, công việc khá nặng, đi suốt nên ít rảnh, nhưng lãnh lương cũng khá ổn.","These days I'm a reporter, the work is pretty heavy, I'm out all the time so I don't have much free time, but the salary I collect is decent.",,
lesson_vi2_l48_d2,"Vậy à, nhớ hồi xưa tụi mình còn học chung một chương sách khó ơi là khó.","Oh really, remember how we used to study one really, really hard chapter together.",,
lesson_vi2_l48_d3,"Ừ, dĩ nhiên là nhớ chứ, lúc đó thầy chuyên dạy môn Toán hay bắt làm bài tập nặng lắm.","Yeah, of course I remember, back then the teacher who specialized in Math used to assign really heavy homework.",,
lesson_vi2_l48_d4,Còn nhớ ông sư huynh dạy võ ở câu lạc bộ không? Ổng khó tính mà tốt bụng.,Do you remember the senior who taught martial arts at the club? He was strict but kind-hearted.,,
lesson_vi2_l48_d5,"Nhớ chứ, ổng đeo kính suốt, tính hơi nghiêm nhưng chưa bao giờ ác với học trò. Giờ ổng nghỉ hưu rồi, thỉnh thoảng còn đi chữa bệnh giúp hàng xóm.","Of course, he always wore glasses, a bit strict but never cruel to his students. Now he's retired, and sometimes still goes around treating neighbors' illnesses.",,
lesson_vi2_l48_d6,"Đột nhiên nghĩ tới một tấm ảnh cũ chụp cả lớp, để tôi tìm rồi gửi cho cậu xem.","I suddenly thought of an old photo of the whole class, let me find it and send it to you.",,
lesson_vi2_l48_d7,"Được đó, gửi đi. À, tôi vừa đi rút ít tiền, mình ở quán này ăn trưa nha, ăn xong thấy thỏa mãn là được.","Sure, send it over. Oh, I just went to withdraw some cash, let's stay and eat lunch at this place, as long as we're satisfied after eating that's fine.",,
lesson_vi2_l49_d0,"Cuối tuần này mình đi thăm sở thú nha, nghe nói mới nhập thêm khỉ với sóc từ châu Á về.","Let's visit the zoo this weekend, I heard they just brought in new monkeys and squirrels from Asia.",,
lesson_vi2_l49_d1,"Hay đó, đơn giản mà vui. Nhớ mang theo đồ ăn sạch sẽ cho tụi nó ăn nhé.","Sounds good, simple and fun. Remember to bring clean food to feed them.",,
lesson_vi2_l49_d2,"Ừ, để coi kỹ bảng hướng dẫn trước, đừng cho ăn khẩu phần bậy bạ kẻo tụi nó bệnh.","Yeah, let's look carefully at the guide first, don't feed them a random portion or they'll get sick.",,
lesson_vi2_l49_d3,"Bên cạnh chuồng khỉ có khu chim cũng đẹp lắm, nghe nói có cả loài chim biết luyện giọng hót theo người.","Next to the monkey enclosure there's a bird area that's also beautiful, I heard there's even a bird species that trains its voice to mimic people.",,
lesson_vi2_l49_d4,"Thiệt á? Hay ghê, để lát mình ghé xem đoạn đó trước.","Really? That's cool, let's go check out that section first.",,
lesson_vi2_l49_d5,"Ừ, tôi thề là lần trước đi tôi thấy một con khỉ leo hàng rào lộ ra ngoài chuồng luôn, sợ muốn chết.","Yeah, I swear last time I went I saw a monkey climb the fence and get out of its enclosure completely, scared me to death.",,
lesson_vi2_l49_d6,"Trời, may mà không có hậu quả gì nghiêm trọng. Chắc giờ họ xếp lại chuồng cho chắc chắn hơn rồi.","Wow, lucky there were no serious consequences. They've probably rearranged the enclosure to be more secure now.",,
lesson_vi2_l49_d7,"Chắc vậy, nhân viên ở đó cũng khá anh hùng, dám nhảy vào bắt lại con khỉ đó. Nghe nói khu này còn có tượng đài rất sang trọng nữa.","Probably, the staff there were pretty heroic too, daring to jump in and catch the monkey again. I heard this area also has a very fancy monument.",,
lesson_vi2_l50_d0,"Tôi mới thuê được một căn hộ mới, gần một quán cà phê quen, dọn vào ở tuần sau nha.","I just rented a new apartment, close to a cafe I know well, I'm moving in next week.",,
lesson_vi2_l50_d1,"Hay đó, căn thế nào, có cần sửa gì không?","Nice, how is it, does it need any fixing?",,
lesson_vi2_l50_d2,"Có, tường bị hỏng vài chỗ, với có mùi ẩm mốc khó chịu.","Yeah, the wall is broken in a few spots, and there's an unpleasant musty smell.",,
lesson_vi2_l50_d3,"Ngạc nhiên ghê, chủ nhà không nói gì trước hả?","That's surprising, the landlord didn't say anything beforehand?",,
lesson_vi2_l50_d4,"Không, họ giấu luôn chuyện đó, hơi tồi thiệt. Nhưng ánh sáng vào phòng khá đẹp, với ông quản lý tòa nhà tính hiền lành, dễ nói chuyện.","No, they hid it entirely, that's a bit shabby of them. But the light coming into the room is quite nice, and the building manager is gentle-natured, easy to talk to.",,
lesson_vi2_l50_d5,Vậy tính sửa phong thủy phòng khách sao? Ba tôi rất tôn trọng chuyện phong thủy.,So are you planning to arrange the living room feng shui? My dad really respects feng shui.,,
lesson_vi2_l50_d6,"Ừ, tôi cũng định đặt vài chậu lá xanh gần cửa sổ để đón may mắn.","Yeah, I'm also planning to put a few green-leaf plants near the window to welcome good luck.",,
lesson_vi2_l50_d7,"Hay đó, làm vậy đầu óc cũng thấy thư giãn hơn, đỡ đau não vì chuyện sửa nhà.","Nice, doing that will make your mind feel more relaxed too, less of a headache over the renovation.",,
lesson_vi2_l51_d0,Tầm chiều nay đội tình nguyện có dựng sân chơi mới cho khu này không?,"Around this afternoon, is the volunteer team building the new playground for this area?",,
lesson_vi2_l51_d1,"Có, tụi mình bắt đầu từ sáng rồi, siêu vui luôn, mỗi người một việc.","Yes, we started this morning already, it's super fun, everyone has their own task.",,
lesson_vi2_l51_d2,"Ê, để tôi phụ khiêng mấy hộp dụng cụ vào trong đã.","Hey, let me help carry those boxes of tools inside first.",,
lesson_vi2_l51_d3,"Ừ, cẩn thận, còn thừa ít sơn xanh, tí nữa sơn lại cái xích đu.","Yeah, be careful, there's some leftover green paint, we'll repaint the swing set with it in a bit.",,
lesson_vi2_l51_d4,"Trời sắp mưa rồi, chắc phải tạm ngừng, ai có ô thì lấy ra che đồ giùm. Mấy đứa nhỏ chắc lại thích chạy ra tắm mưa cho mà xem.","It's about to rain, we should probably pause, whoever has an umbrella take it out to cover the supplies. The kids will probably love running out to play in the rain, just watch.",,
lesson_vi2_l51_d5,"Được, để tôi nhắn vào nhóm nhắc mọi người tắt hết máy khoan trước khi nghỉ.","Okay, let me text the group to remind everyone to turn off all the drills before taking a break.",,
lesson_vi2_l51_d6,"Ừ, với nhớ ấn nút tắt nguồn cẩn thận, đừng để thừa điện gây cháy nổ gì.","Yeah, and remember to carefully press the power-off button, don't leave excess electricity that could cause a fire.",,
lesson_vi2_l51_d7,"Xong việc chắc còn thừa khá nhiều vật liệu, để dành làm luôn một cái nhà nhỏ cho mấy loài chim ở khu vực gần đó. Nhớ dọn dẹp sạch sẽ trước khi về nha.","After we're done there'll probably be a lot of leftover material, we can save it to build a small house for the bird species around this area too. Remember to clean up thoroughly before we go.",,
lesson_vi2_l52_d0,"Chào anh, em ở tầng bốn. Tháng này em đóng tiền trễ, không biết còn nợ khoản nào nữa không ạ?","Hello, I am on the fourth floor. I paid late this month — do I still owe anything else?",,
lesson_vi2_l52_d1,"Để tôi mở sổ xem... Em chỉ còn thiếu tiền nước thôi, phần rác tôi ghi rồi, không sót khoản nào.","Let me open the book... You are only short on the water bill; I already recorded the trash fee, nothing was left out.",,
lesson_vi2_l52_d2,"Dạ, em chuyển khoản luôn cho tiện. Nhớ đóng trước hạn chót ngày mười lăm đúng không anh?","Alright, I will transfer it right away for convenience. The deadline is the fifteenth, right?",,
lesson_vi2_l52_d3,"Đúng rồi, trễ hạn là bị phạt. À, hôm qua có kiện hàng của em, anh bảo vệ trực đêm lưu tên em vào sổ rồi.","That is right, past the deadline there is a fine. Oh, a package came for you yesterday — the night-duty guard recorded your name in the book.",,
lesson_vi2_l52_d4,"Dạ em xuống lấy sớm, để muộn quá kho đóng cửa. Còn chuyện này nữa: mùa này muỗi nhiều, mình xịt thuốc diệt muỗi khu nội bộ được không anh?","I will come get it early, if I leave it too late the storeroom closes. One more thing: there are a lot of mosquitoes this season — could we spray inside the complex?",,
lesson_vi2_l52_d5,"Được, tuần sau có đội tới. Họ cũng chà rửa sân và sửa cái cửa bị mắc kẹt.","Sure, a crew is coming next week. They will also scrub the yard and fix the door that keeps getting stuck.",,
lesson_vi2_l52_d6,"Tiền bạc em tính kỹ rồi. Ban đêm ở đây yên lặng lắm, chỉ nghe tiếng đài phát thanh của bác hàng xóm thôi.",I have the money worked out carefully. It is very quiet here at night — you only hear the neighbor's radio.,,
lesson_vi2_l52_d7,"Ừ, ai đập cửa ban đêm thì gọi tôi, đừng ngại, mình can thiệp sớm cho yên chuyện.","Right — if anyone bangs on your door at night, call me, do not hesitate; we step in early to keep things calm.",,
lesson_vi2_l53_d0,"Cuối tháng tụi mình đi du lịch thị trấn trên núi nhé, nghe nói cảnh đẹp, thu hút khách lắm.",Let us travel to that mountain town at the end of the month — I hear the scenery is beautiful and draws a lot of visitors.,,
lesson_vi2_l53_d1,"Đi chứ. Nhưng đường đèo quanh co, mình dễ bị say xe, phải mang theo thuốc.","Sure. But the pass road winds a lot and I get carsick easily, so I have to bring medicine.",,
lesson_vi2_l53_d2,"Mình đặt homestay rồi: hai giường, chăn dày, nước nóng lấy từ nguồn suối trên núi.","I already booked a homestay: two beds, thick blankets, and hot water drawn from a mountain spring source.",,
lesson_vi2_l53_d3,"Nghe xinh đó. Mục đích chuyến này là nghỉ ngơi thôi, không cần chạy khắp nơi cho mệt.",That sounds lovely. The purpose of this trip is just to rest — no need to run all over the place and wear ourselves out.,,
lesson_vi2_l53_d4,"Ừ. Chủ nhà là một cô giám đốc về hưu, cà phê ở đó thuộc loại hảo hạng, rang tại chỗ luôn.","Right. The owner is a retired director, and the coffee there is top grade, roasted on site.",,
lesson_vi2_l53_d5,Nhớ mua quà cho tụi nhỏ: một đống kẹo với mấy cục xà phòng thơm làm thủ công.,Remember to buy gifts for the kids: a pile of candy and a few bars of handmade scented soap.,,
lesson_vi2_l53_d6,"Được. Trời lạnh nhớ mang áo khoác chặn gió, tay chạm vào nước suối là buốt luôn.","Will do. It is cold, so bring a jacket to block the wind — the moment your hand touches the stream water it stings.",,
lesson_vi2_l53_d7,"Mình nắm rõ lịch xe khách rồi, sáu giờ sáng khởi hành là vừa đẹp.",I have the coach schedule down — leaving at six in the morning works out perfectly.,,
lesson_vi2_l54_d0,"Em muốn mở tài khoản ngân hàng, cần mang theo giấy tờ gì ạ?",I would like to open a bank account — what documents do I need to bring?,,
lesson_vi2_l54_d1,"Em điền tờ khai này, rồi bên anh chụp lại căn cước. Hồ sơ được phê duyệt ngay trong ngày.","Fill in this form, then we photograph your ID card. The application gets approved the same day.",,
lesson_vi2_l54_d2,"Dạ. Em có so sánh mấy ngân hàng, bên mình phí thấp hơn nên em chọn.","Alright. I compared several banks — yours has lower fees, so I picked it.",,
lesson_vi2_l54_d3,"Cảm ơn em. Nhớ cài ứng dụng để truy cập tài khoản trên điện thoại, số dư tồn hiện ra ngay, khỏi chờ cuối ngày.","Thank you. Remember to install the app to access your account on your phone — the remaining balance shows immediately, no waiting until end of day.",,
lesson_vi2_l54_d4,"Chữ ký của em bị dính qua ô bên cạnh, có sao không ạ?",My signature bled over into the next box — is that a problem?,,
lesson_vi2_l54_d5,"Không sao, ký lại tờ khác thôi. Thẻ sẽ gửi về nhà, nhớ giữ chìa khóa hộp thư cẩn thận.","No problem, just sign another form. The card will be mailed to your home, so keep your mailbox key safe.",,
lesson_vi2_l54_d6,"Ứng dụng có mục thống kê chi tiêu, rất hữu ích, khỏi ném tiền qua cửa sổ mà không biết.","The app has a spending breakdown — very useful, so you do not throw money out the window without noticing.",,
lesson_vi2_l54_d7,"Em đang dành tiền xây nhà cho ba mẹ và nuôi hai đứa nhỏ, nên mỗi đồng đều phải tính. Anh trai em ở bên Mỹ, bang California, cũng dùng ngân hàng này.","I am saving to build a house for my parents and raising two kids, so every đồng counts. My older brother is in the US, in California, and uses this bank too.",,
lesson_vi2_l54_d8,"Vậy mở thêm sổ tiết kiệm, lãi tuy nhỏ nhưng không thua gửi chỗ khác đâu. Xong sớm em còn đi ăn, chắc đói rồi.",Then open a savings book as well — the interest is small but no worse than anywhere else. We will finish early so you can go eat; you must be hungry.,,
lesson_vi2_l55_d0,"Đêm qua bé khóc tới bốn giờ sáng, giấc ngủ của mình coi như không có gì.",The baby cried until four in the morning last night — my sleep was basically nonexistent.,,
lesson_vi2_l55_d1,"Khổ thân. Bé mọc răng hả? Thử quấn chăn chặt một chút, nhiều bé ngủ ngon hơn.",Poor you. Is she teething? Try swaddling her a bit more tightly — a lot of babies sleep better that way.,,
lesson_vi2_l55_d2,"Có thử rồi. Mình đẩy xe nôi đi vòng vòng thì bé nín, đặt xuống là kêu tiếp.","I tried that. If I push the stroller around she quiets down, but the moment I put her down she starts up again.",,
lesson_vi2_l55_d3,"Áp lực ghê. Nhưng đừng chán nản, giai đoạn này rồi cũng qua thôi.",That is real pressure. But do not get discouraged — this stage passes too.,,
lesson_vi2_l55_d4,"Ừ. Tuần sau bé đi học mẫu giáo thử một buổi, cô giáo bên đó dạy nhẹ nhàng lắm.",Yeah. Next week she is trying one session at kindergarten — the teacher there has a very gentle way of teaching.,,
lesson_vi2_l55_d5,"Tốt đó. Giáo dục sớm không cần gì cao siêu đâu, chơi màu vẽ với nghe nhạc thiếu nhi của mấy nghệ sĩ quen là đủ.",That is good. Early education does not need anything lofty — playing with paints and listening to children's music from familiar artists is plenty.,,
lesson_vi2_l55_d6,"Cuối tuần tụi mình dẫn bé ra rừng thông chơi, leo mấy bậc thang gỗ cho bé mệt rồi ngủ sâu.",This weekend we are taking her out to the pine forest to climb the wooden steps — tire her out so she sleeps deeply.,,
lesson_vi2_l55_d7,"Ý hay. Mình có nhóm phụ huynh trên mạng, mọi người thảo luận mấy chuyện này suốt, nhiều người ẩn danh kể thật lắm.",Good idea. I am in a parents group online where people discuss this constantly — a lot of them post anonymously and are very honest.,,
lesson_vi2_l56_d0,"Tàu khởi hành lúc sáu giờ mà giờ vẫn chưa chạy, chậm gần một tiếng rồi.",The train was supposed to depart at six and it still has not moved — nearly an hour late.,,
lesson_vi2_l56_d1,"Ừ, mình hào hứng từ tối qua, giờ ngồi mỏi cả lưng.","Yeah, I have been excited since last night, and now my back aches from sitting.",,
lesson_vi2_l56_d2,"Vé cháy hết từ tuần trước, mua được là may rồi. Mình ghi vài chữ vào sổ tay cho nhớ chuyến này.","Tickets sold out last week, we were lucky to get any. I am writing a few lines in my notebook to remember this trip.",,
lesson_vi2_l56_d3,"Lên biên giới lạnh lắm nha. Trên đó nhiều dân tộc sinh sống, chợ phiên đông như dòng người trôi.","It is cold up at the border. Many ethnic groups live there, and the market day is as crowded as a flowing river of people.",,
lesson_vi2_l56_d4,"Nghe nói vé vào bản chỉ mấy ngàn, rẻ như cho.",I hear entry to the village is only a few thousand đồng — practically free.,,
lesson_vi2_l56_d5,"Quy định mới là phải đăng ký trước, nhưng làm trên mạng dễ dàng thôi.","The new rule is that you have to register in advance, but doing it online is easy.",,
lesson_vi2_l56_d6,"Đi được chuyến này coi như số phận đưa đẩy, tự nhiên rảnh đúng dịp.",Getting to go on this trip feels like fate nudging us — I happened to be free at exactly the right time.,,
lesson_vi2_l56_d7,"Vận may đó. Tối nay đèn treo khắp phố, khoảnh khắc đó đẹp lắm, đáng để chờ.","That is good fortune. Tonight there will be lanterns hung all over the streets — that moment is beautiful, worth the wait.",,
lesson_vi2_l56_d8,"Xe khách trên đèo thì bò từng chút một, đi tàu vẫn êm hơn nhiều.",The coach crawls along the mountain pass bit by bit — the train is still far smoother.,,
lesson_vi2_l57_d0,"Chuyến này tụi mình đi tự túc, không theo tour, trải nghiệm chắc chắn thú vị hơn.","This time we are going self-arranged, not with a tour — the experience will definitely be more interesting.",,
lesson_vi2_l57_d1,"Mê thật. Vé máy bay đang giảm mạnh, đi vòng quanh châu Á cũng không quá tốn.","Love it. Airfares are dropping sharply, so going around Asia will not cost too much.",,
lesson_vi2_l57_d2,"Mình kiên nhẫn săn vé cả tháng trời, có hôm ngồi canh tới nửa đêm.",I patiently hunted for tickets for a whole month — some nights I sat watching until midnight.,,
lesson_vi2_l57_d3,"Xứng đáng mà. Nhớ kiểm tra tình trạng hộ chiếu, xem còn hạn không.",It was worth it. Remember to check the condition of your passport and whether it is still valid.,,
lesson_vi2_l57_d4,"Còn hạn. Mình chỉ lo bị dị ứng hải sản thôi, phải mang thuốc theo.","Still valid. My only worry is my seafood allergy, so I have to bring medicine.",,
lesson_vi2_l57_d5,"Ừ. Bên đó có sở thú nuôi hổ, với một đường hầm cổ và cái nhà ngục cũ giờ thành bảo tàng.","Right. Over there they have a zoo with tigers, plus an old tunnel and a former prison that is now a museum.",,
lesson_vi2_l57_d6,"Bạn mình dọa là trong hầm tối lắm, nhưng chắc vui. Mình chỉ mua vài món kỷ niệm nhỏ cho tiện xách.","My friend warned me the tunnel is very dark, but it should be fun. I will only buy a few small souvenirs so they are easy to carry.",,
lesson_vi2_l57_d7,"Tháng đó bầu trời trong, lại đúng mùa hoa đào nở, chụp hình đẹp lắm.","The sky is clear that month, and it is peach blossom season too — the photos will be beautiful.",,
lesson_vi2_l58_d0,"Sạp trứng gà nhà mình tháng này lỗ nhẹ, giá đầu vào lên nhanh quá.",Our chicken egg stall took a small loss this month — input prices went up too fast.,,
lesson_vi2_l58_d1,"Ừm, chắc thiệt hại cũng không nhiều đâu. Bên mình mới tung ra loại hộp sáu quả, bán chạy lắm.","Mm, the damage is probably not that big. We just launched a six-egg box and it is selling well.",,
lesson_vi2_l58_d2,"Hay đó. Mình cũng đang nghiên cứu mở thêm quầy ở khu dân cư mới, dân đông mà chưa ai bán.",Nice. I am also researching opening another stand in the new residential area — lots of people and nobody selling there yet.,,
lesson_vi2_l58_d3,"Khu đó đất còn bỏ hoang nhiều, nhưng phát triển nhanh, tốc độ xây nhà chóng mặt.","A lot of the land there is still empty, but it is developing fast — houses go up at a dizzying speed.",,
lesson_vi2_l58_d4,"Chiều nay mình chở hàng qua đó xem thử. Đường xóc, trứng dễ vỡ nên phải lót kỹ.","This afternoon I am driving some stock over to have a look. The road is bumpy and eggs break easily, so I have to pad them well.",,
lesson_vi2_l58_d5,"Nhớ mang bảng giá màu sắc rõ ràng, khách nhìn là hiểu liền.",Remember to bring a clearly colored price board — customers understand it at a glance.,,
lesson_vi2_l58_d6,Ừ. Ngày khai trương mình tặng khách quen mỗi người một hộp nhỏ cho vui.,"Right. On opening day I will give each regular customer a small box, just for goodwill.",,
lesson_vi2_l58_d7,"Chọn ngày dương lịch đầu tháng khai trương là đẹp. Mà đừng để chuyện lỗ tháng này ám ảnh, buôn bán lúc lên lúc xuống, đâu phải số mệnh gì.","Opening on the first of the month by the solar calendar is a good pick. And do not let this month's loss haunt you — business goes up and down, it is hardly fate.",,
lesson_vi2_l59_d0,"Chiều nay giỗ ông, mẹ ninh nồi xương từ sáng nên nước dùng ngọt lắm.","This afternoon is grandpa's memorial day — I have been simmering the bone broth since morning, so it is very sweet.",,
lesson_vi2_l59_d1,"Dạ, con qua phụ. Mẹ để con cầm dao thái thịt cho, mẹ lùi lại kẻo dầu bắn.","Yes, I came to help. Let me take the knife and slice the meat — step back so the oil does not splash you.",,
lesson_vi2_l59_d2,"Ngoan. Nhớ rửa hải sản rồi để ráo, nước chảy hết mới chiên được.",Good of you. Remember to wash the seafood and drain it — only once the water has run off can you fry it.,,
lesson_vi2_l59_d3,"Dạ. Con mua thêm sa tế với ớt, mấy đứa em thích ăn cay.",Alright. I bought extra chili sate and fresh chilies — my younger siblings like it spicy.,,
lesson_vi2_l59_d4,"Tóm lại là bàn chính sáu món, xung quanh bày thêm trái cây với bánh.","In short, six dishes on the main table, with fruit and cakes arranged around it.",,
lesson_vi2_l59_d5,"Con thấy vinh dự khi được nấu cho cả nhà, mà cũng hơi hồi hộp.","I feel honored to cook for the whole family, though I am a little nervous too.",,
lesson_vi2_l59_d6,"Cứ từ từ, không ai trách đâu. Mũi con thính lắm, nêm nếm giùm mẹ luôn.","Take your time, nobody will criticize. You have a sharp nose — season it for me while you are at it.",,
lesson_vi2_l59_d7,"Dạ. Lát ông bà tới, con bày tỏ lời cảm ơn rồi lạy trước bàn thờ như mọi năm.",Yes. When the grandparents arrive I will say my thanks and bow before the altar the way I do every year.,,
lesson_vi2_l59_d8,"Ừ. Có hứng thì làm thêm món tráng miệng, không thì thôi, đừng làm nhiều quá tổn sức.","Sure. If you are in the mood, add a dessert; if not, leave it — do not do so much that you wear yourself out.",,
lesson_vi2_l60_d0,"Tối nay có buổi diễn hài miễn phí ngoài bờ sông, đi không?",There is a free comedy show by the river tonight — want to go?,,
lesson_vi2_l60_d1,Đi chứ! Ai đóng vai chính vậy? Nghe nói ông giám đốc nhà hát tự lên sân khấu luôn.,Of course! Who plays the lead? I hear the theater director himself is going on stage.,,
lesson_vi2_l60_d2,"Ha, đúng rồi. Ổng nói vở này pha giữa hài và bi, cười xong lại thấy buồn.","Ha, that is right. He says the play mixes comedy and tragedy — you laugh and then feel sad.",,
lesson_vi2_l60_d3,"Nhớ mang ghế xếp, với cái ô che nắng nếu tụi mình đi sớm.","Remember to bring folding chairs, and an umbrella to block the sun if we go early.",,
lesson_vi2_l60_d4,"Ừ. Một toán bạn cũ của mình cũng tới, vậy là vui gấp bội.","Yeah. A group of my old friends is coming too, so it will be twice the fun.",,
lesson_vi2_l60_d5,"Mình mang ống kính mới, chụp cảnh mặt trời lặn trên khúc sông mênh mông chắc đẹp lắm.",I will bring my new lens — shooting the sunset over that vast stretch of river should be beautiful.,,
lesson_vi2_l60_d6,"Đi ngược dòng người một chút là tới chỗ ngồi tốt, ít ai biết chỗ đó.",Walk a little against the flow of the crowd and you reach a good spot — hardly anyone knows about it.,,
lesson_vi2_l60_d7,Bạn khám phá hay ghê. Mình mặc áo hồng cho dễ tìm nhau.,You are good at discovering these places. I will wear a pink shirt so we can find each other easily.,,
lesson_vi2_l60_d8,"Được. Sân khấu năm nay dựng khá vĩ đại, khâu thẩm mỹ cũng lên tay hẳn.","Sounds good. This year's stage is built on a grand scale, and the aesthetics have clearly improved.",,
lesson_vi2_l61_d0,"Đi tàu hỏa mấy trăm dặm mà không chán, ngồi tán gẫu với bạn bè suốt chặng.",Hundreds of miles by train and it was not boring at all — we chatted with friends the whole way.,,
lesson_vi2_l61_d1,"Ừ. Khách sạn này là bạn giới thiệu hả? Phòng rộng thật, gió từ sông thổi vào mát.","Yeah. Is this the hotel you recommended? The room really is spacious, and the breeze off the river is cool.",,
lesson_vi2_l61_d2,"Đúng rồi. Lễ tân giọng nhẹ nhàng, hỏi gì cũng trả lời kỹ, không từ chối chuyện gì cả.","That is the one. The receptionist has a gentle voice, answers everything thoroughly, and never turns down a request.",,
lesson_vi2_l61_d3,Mạng nối nhanh không? Mình cần gửi mấy khoản chi phí về cho công ty.,Does the internet connect fast? I need to send some expense items back to the company.,,
lesson_vi2_l61_d4,"Nhanh lắm. Tối nay tụi mình xuống sảnh thưởng thức vở kịch ngắn, nghe nói hay.",Very fast. Tonight we can go down to the lobby and enjoy the short play — I hear it is good.,,
lesson_vi2_l61_d5,"Được. Mà đói bụng rồi, ăn trước đã. À, cái điều khiển máy lạnh để đâu ta?","Sure. But I am hungry, let us eat first. Oh, where is the air conditioner remote?",,
lesson_vi2_l61_d6,"Trên bàn đó. Đừng phán xét sớm nha, khách sạn nhỏ mà dịch vụ tốt bất ngờ.",On the table. Do not judge too early — it is a small hotel but the service is surprisingly good.,,
lesson_vi2_l61_d7,"Ừ, niềm vui của mấy chuyến đi chính là tìm được chỗ như vầy.","Right, the joy of trips like this is exactly finding places like this one.",,
lesson_vi2_l62_d0,"Chiều nay dì với mấy cô chú ghé, mình dọn nhà rồi hấp ít bánh cho nóng nha.",My aunt and some relatives are stopping by this afternoon — let us tidy the house and steam some cakes so they are warm.,,
lesson_vi2_l62_d1,"Ừ. Mình lau bàn thờ, đốt nhang trước, rồi dọn cái kho sau nhà cho gọn.","Sure. I will wipe the altar, light the incense first, then clear out the storeroom behind the house.",,
lesson_vi2_l62_d2,"Nồi thịt kho để lửa nhẹ thôi, kho lâu thịt mới mềm.",Keep the braised pork on a low flame — it only gets tender if it braises a long time.,,
lesson_vi2_l62_d3,"Được. Đồ đạc nhà mình chiếm hết lối đi, dời bớt cho khách ngồi thoải mái.",Alright. Our stuff is taking up the whole walkway — move some of it so the guests can sit comfortably.,,
lesson_vi2_l62_d4,"Ừ. Bé đang vẽ tranh tặng dì, vẽ đẹp ghê, mình ngưỡng mộ luôn.","Right. The little one is drawing a picture for auntie — she draws so well, I honestly admire it.",,
lesson_vi2_l62_d5,"Hay quá. À, tối qua khu mình họp tổ dân phố, người ta nhắc chuyện có kẻ ăn cắp đồ ngoài sân, nhớ khóa cổng.","That is lovely. Oh, our block had a neighborhood meeting last night — they mentioned someone stealing things from yards, so remember to lock the gate.",,
lesson_vi2_l62_d6,Biết rồi. Mình cập nhật tin nhóm khu phố mỗi ngày mà.,I know. I keep up with the neighborhood group updates every day.,,
lesson_vi2_l62_d7,"Tốt. Mấy sản phẩm mới mua đừng để ngoài hiên, người ta lôi đi lúc nào không hay.",Good. Do not leave the newly bought goods out on the porch — someone could drag them off without you noticing.,,
lesson_vi2_l63_d0,"Sáng nay đi làm, xe mình đâm nhẹ vào cái trụ điện, may mà chậm.",On the way to work this morning my bike bumped lightly into an electrical pole — luckily I was going slow.,,
lesson_vi2_l63_d1,"Trời, sợ hãi chưa. Có đeo nón bảo hiểm không? Người có sao không?","Goodness, that must have been frightening. Were you wearing a helmet? Are you hurt?",,
lesson_vi2_l63_d2,"Có đeo. Chỉ trầy tay, với bị chuột rút bắp chân lúc thắng gấp thôi.","I was. Just a scraped hand, and a calf cramp from braking suddenly.",,
lesson_vi2_l63_d3,Còn cái xe? Cản trước với cặp treo bên hông có hư gì không?,What about the bike? Is the front guard or the bag hanging on the side damaged?,,
lesson_vi2_l63_d4,"Cản móp một chút, màn hình đồng hồ vẫn sáng. Có một cụ ông đứng gần đó chạy ra đỡ mình dậy.","The guard is dented a bit, the dashboard screen still lights up. An elderly man standing nearby ran over and helped me up.",,
lesson_vi2_l63_d5,May ghê. Hai bên có trao đổi thông tin không?,How lucky. Did the two sides exchange information?,,
lesson_vi2_l63_d6,"Không có ai va vào mình cả, chỉ tự đâm vào trụ. Mình ngồi nghỉ, đọc cuốn tạp chí ở tiệm sửa xe chờ thợ.","Nobody hit me, I just ran into the pole myself. I sat and rested, reading a magazine at the repair shop while waiting for the mechanic.",,
lesson_vi2_l63_d7,"Nghề mình chạy xe suốt, phải cẩn thận. Đừng chạy táo bạo quá, đường trống cũng vậy.","Our line of work means riding all day, so you have to be careful. Do not ride too boldly, even on an empty road.",,
lesson_vi2_l63_d8,"Ừ, mình cắn răng chịu đau chút thôi, mai đi làm lại bình thường.","Yeah, I will grit my teeth through a bit of pain and go back to work as normal tomorrow.",,
lesson_vi2_l64_d0,"Bé tan học lúc mười một giờ, về tới là mưa xuyên suốt cả buổi chiều.","The kid got out of school at eleven, and the moment we got home it rained straight through the whole afternoon.",,
lesson_vi2_l64_d1,"Vậy nấu canh xương với hạt sen đi, trời lạnh ăn cho ấm bụng.",Then let us make bone soup with lotus seeds — warm food for cold weather.,,
lesson_vi2_l64_d2,"Ý hay. Nhà còn ít hạt điều rang, ăn chơi trong lúc chờ canh chín.",Good idea. We still have some roasted cashews to snack on while the soup cooks.,,
lesson_vi2_l64_d3,"Con mèo nằm lì trên tấm thảm, gọi cũng không dậy, lười khiếp.",The cat is sprawled on the rug and will not get up even when called — unbelievably lazy.,,
lesson_vi2_l64_d4,"Ha ha. Bé thì ngồi vẽ con rồng, tô cả trăm màu, nét vẽ cứng tay hẳn rồi.",Ha ha. The kid is drawing a dragon and coloring it in a hundred shades — her hand has really gotten steady.,,
lesson_vi2_l64_d5,Chiều mưa như vầy chơi cờ cũng vui. Nhớ mang vớ vô cho ấm chân.,A rainy afternoon like this is a nice time for a board game. Remember to put on socks to keep your feet warm.,,
lesson_vi2_l64_d6,"Ừ. À, chậu hoa lan ngoài ban công bị gãy, chút nữa gọi thợ tới sửa luôn cái mái.","Sure. Oh, the orchid pot on the balcony broke — later I will call a repairman and have him fix the roof while he is here.",,
lesson_vi2_l64_d7,"Được. Nói thợ xem giùm chỗ dột, yếu tố quan trọng nhất vẫn là chống thấm.",Alright. Ask him to check the leak — the most important factor is still waterproofing.,,
lesson_vi2_l64_d8,"Đúng. Thí dụ như năm ngoái, dột một chỗ mà lan ra cả trần nhà.","Exactly. For example, last year one leak spread across the entire ceiling.",,
lesson_vi2_l64_d9,"Cuối tuần sau nhóm mình đi làm từ thiện, mưa kiểu này chắc phải dời lịch.",Next weekend our group is doing charity work — with rain like this we will probably have to move the date.,,
lesson_vi2_l65_d0,"Sáng nay hội thao ở trường, môn nào bé cũng đăng ký, ham ghê.","The school sports day was this morning — the kid signed up for every event, so eager.",,
lesson_vi2_l65_d1,"Vui mà. Hồi xưa mình cũng vậy, chạy đua xong là hò hét khản cả cổ.",It is fun. I was the same back in the day — after the race I would cheer myself hoarse.,,
lesson_vi2_l65_d2,"Trận bóng cuối căng lắm, một cú sút trúng cột, trọng tài còn thổi phạt nữa.","The final match was tense — one shot hit the post, and the referee even called a foul.",,
lesson_vi2_l65_d3,"Kịch tính thật. Mà sân trường kẹt xe phụ huynh, đứng chật cả lối đi.","Really dramatic. But the schoolyard was jammed with parents' bikes, blocking the whole walkway.",,
lesson_vi2_l65_d4,"Ừ, mình phải lục trong cốp xe tìm cái nón cho bé, mất cả buổi.","Yeah, I had to rummage through the bike compartment to find the kid's hat — it took ages.",,
lesson_vi2_l65_d5,"Bả nhà mình nói lịch hội thao trùng với buổi họp ở xã, nên tới trễ.","My wife said the sports day clashed with a meeting at the commune office, so she arrived late.",,
lesson_vi2_l65_d6,"Kiểu dạng nào cũng vui hết. Đế giày bé bị long ra, chạy xong phải mua đôi mới.","Every kind of event was fun. The sole of the kid's shoe came loose, so after the race we had to buy a new pair.",,
lesson_vi2_l65_d7,"Trời nắng mà mấy đứa chạy như điên rồ, ngực áo ướt hết luôn.",It was sunny and the kids ran like mad — the fronts of their shirts were soaked.,,
lesson_vi2_l65_d8,"Cô giáo còn đe là ai không đội nón thì ngồi ngoài, vậy mà tụi nhỏ vẫn bỏ nón xuống.","The teacher even warned that anyone without a hat would sit out, and the kids still took theirs off.",,
lesson_vi2_l66_d0,"Trước khi đi biển, mình dọn cái kho: đồ hư thì bỏ, đồ còn tốt thì treo lên.",Before the beach trip let us clear the storeroom: throw out what is broken and hang up what is still good.,,
lesson_vi2_l66_d1,"Ừ. Mấy đôi giày lẫn hết vào nhau, mình rửa rồi phơi cho khô.",Sure. All the shoes are mixed up together — I will wash them and hang them out to dry.,,
lesson_vi2_l66_d2,Bộ đồ võ hồi bé học judo còn giữ không? Bỏ thì tiếc mà giữ thì lãng phí chỗ.,"Are we still keeping the martial arts uniform from when the kid did judo? Throwing it out feels like a waste, but keeping it wastes space.",,
lesson_vi2_l66_d3,"Tùy bạn. Mình thì hay giữ đồ cũ, kiểu níu lấy quá khứ ấy.","Up to you. I tend to keep old things — clinging to the past, sort of.",,
lesson_vi2_l66_d4,"Ha, mình cũng vậy. À, cân hành lý trước nha, hãng bay khó lắm.","Ha, me too. Oh, weigh the luggage beforehand — that airline is strict.",,
lesson_vi2_l66_d5,Rồi. Thẻ lên máy bay mình lưu trong điện thoại luôn cho gọn.,Done. I saved the boarding passes on my phone to keep it simple.,,
lesson_vi2_l66_d6,"Ngoài bãi biển sóng lớn, tụi nhỏ còn đòi leo cầu trượt nước nữa.","The waves at the beach are big, and on top of that the kids want to climb the water slide.",,
lesson_vi2_l66_d7,"Mình cóc lo, có phao hết rồi. Mà đường ra sân bay hay tắc, đi sớm hai tiếng đi.","I could not care less, they all have floaties. But the airport road often jams up, so let us leave two hours early.",,
lesson_vi2_l66_d8,"Ừ, khuyên vậy là đúng. Đâu cần giàu mới đi chơi được, quan trọng là biết sắp xếp.","Yeah, that is good advice. You hardly need to be rich to travel — what matters is knowing how to organize.",,
lesson_vi2_l67_d0,"Trưa nay hai nhà đầu hẻm cãi nhau ngoài cổng, ồn cả xóm.",At noon the two households at the top of the alley argued out by the gate — the whole neighborhood heard it.,,
lesson_vi2_l67_d1,Nghe đồn là do đậu xe đụng nhau chút xíu thôi mà làm lớn chuyện.,"Word is it was just a tiny bump while parking, and they blew it up into a big deal.",,
lesson_vi2_l67_d2,"Con chó nhà đó hung dữ nữa, ai đi ngang là bám theo sủa.",Their dog is fierce too — it follows and barks at anyone walking past.,,
lesson_vi2_l67_d3,"Ừ, mình cận thị mà nhìn từ xa cũng thấy nó chạy lang thang ngoài đường.","Yeah, I am nearsighted and even from a distance I can see it wandering around loose on the street.",,
lesson_vi2_l67_d4,"Mà nhà mình cũng có việc gấp: trần nhà bị thấm, tường bẩn hết một khoảng.",Meanwhile we have something urgent of our own: the ceiling is leaking and a whole patch of wall is stained.,,
lesson_vi2_l67_d5,Gọi thợ chưa? Anh phó phòng chỗ mình có quen một đội làm nhanh lắm.,Have you called a repairman? The deputy manager at my office knows a crew that works fast.,,
lesson_vi2_l67_d6,"Chưa. Chị hàng xóm đang nghỉ thai sản, đục đẽo ồn ào chắc phiền người ta.","Not yet. The neighbor is on maternity leave, so noisy drilling would probably bother her.",,
lesson_vi2_l67_d7,"Vậy đợi cuối tuần. Chiều nay bé đi học bơi, mà ngọn đèn đầu hẻm vẫn chưa ai sửa.","Then wait for the weekend. The kid has swimming this afternoon, and nobody has fixed the lamp at the alley entrance yet.",,
lesson_vi2_l67_d8,"Đúng rồi. Mấy chuyện nhỏ đừng làm ra mẽ to tát, nói chuyện nhẹ nhàng là xong.",Right. Do not make small things look like a huge deal — talk it out gently and it is settled.,,
lesson_vi2_l68_d0,"Điện thoại mình sạc cả đêm mà pin vẫn thấp, bật lên là nóng, nhiệt độ cao lắm.","My phone charged all night and the battery is still low — it heats up the moment I turn it on, the temperature gets really high.",,
lesson_vi2_l68_d1,"Chắc hư mạch sạc rồi. Đem ra tiệm đòi bảo hành đi, máy mới mua mà.",The charging circuit is probably broken. Take it to the shop and claim the warranty — you only just bought it.,,
lesson_vi2_l68_d2,"Ừ, mai đi. Sợ lỡ chuyến bay tuần sau, không có máy thì khổ lắm.","Yeah, tomorrow. I am afraid of missing my flight next week — being without a phone would be rough.",,
lesson_vi2_l68_d3,"Không kịp thì lui lịch lại một hôm cũng được, đừng ép mình quá.","If there is not enough time, pushing the schedule back a day is fine too — do not push yourself so hard.",,
lesson_vi2_l68_d4,"Mình tải lại phần mềm, pin tụt chậm hơn dần, mà vẫn chưa đạt như lúc đầu.","I reinstalled the software and the battery drains more slowly bit by bit, but it still has not reached what it was at first.",,
lesson_vi2_l68_d5,Vậy để họ kiểm tra. Nhớ mang theo hộp đựng máy với hóa đơn.,Then let them check it. Remember to bring the box it came in and the receipt.,,
lesson_vi2_l68_d6,"Có rồi. Hôm mua mình hối hận vì không lấy cỡ lớn hơn, giờ màn hình nhỏ quá.",Got them. On the day I bought it I regretted not getting the bigger size — now the screen feels too small.,,
lesson_vi2_l68_d7,"Ha, ai cũng vậy. Tiệm đó nhân viên đáp ứng nhanh, không phải chờ lâu đâu.","Ha, everyone feels that. The staff at that shop respond quickly, you will not be waiting long.",,
lesson_vi2_l69_d0,"Cái ly rơi rồi, mảnh vỡ văng khắp chiếu, cẩn thận kẻo đứt ngón tay.","A glass fell — there are shards all over the mat, be careful not to cut your finger.",,
lesson_vi2_l69_d1,"Mình lấy chổi. Bạn cởi găng tay ra, rửa vết cắt bằng nước ấm rồi băng lại.","I will get the broom. Take off your glove, wash the cut with warm water and bandage it.",,
lesson_vi2_l69_d2,"Ừ. Vết nhỏ thôi, nhưng để lâu dễ nhiễm trùng.","Okay. It is only a small cut, but left alone it could easily get infected.",,
lesson_vi2_l69_d3,Tuy vậy vẫn nên rửa kỹ. Có gì khẩn thì mình chở đi trạm y tế.,Even so you should still wash it thoroughly. If anything urgent comes up I will drive you to the clinic.,,
lesson_vi2_l69_d4,"Không cần đâu. Mình gom rác với mấy chai bia rỗng, cất đồ vô tủ là xong.","No need. I will gather the trash and the empty beer bottles, put things away in the cupboard, and we are done.",,
lesson_vi2_l69_d5,"Bạn nhắn cho chủ nhà chưa? Nhắn ngắn thôi: ""dọn xong hết rồi, đc chưa"".","Have you texted the host yet? Keep it short: ""all cleaned up, that ok?""",,
lesson_vi2_l69_d6,Rồi. Mình nhắm chừng nửa tiếng nữa là sạch hết.,Done. I reckon another half hour and everything will be clean.,,
lesson_vi2_l69_d7,"Mệt tới mức không mở mồm nổi luôn. Thôi đừng nói chuyện vơ vẩn nữa, làm cho lẹ.","I am so tired I can barely open my mouth. Alright, no more idle chatter — let us work fast.",,
lesson_vi2_l70_d0,"Tuần này mình chấm mười bài thơ của tụi nhỏ, nội dung dễ thương lắm.",This week I am grading ten poems by the kids — the content is really sweet.,,
lesson_vi2_l70_d1,"Vòng đầu thi trên mạng hả? Thi ảo vậy cũng tiện, khỏi tập trung đông người.",Is the first round online? A virtual round is convenient — no need to gather a big crowd.,,
lesson_vi2_l70_d2,Ừ. Vòng cuối mới thi trực tiếp ở hội trường bên bờ sông.,"Yes. Only the final round is held in person, at the hall by the riverbank.",,
lesson_vi2_l70_d3,Chấm điểm bằng phiếu hay bằng máy?,Do you score with ballots or by computer?,,
lesson_vi2_l70_d4,"Bằng phiếu. Ban giám khảo ngồi ngang một hàng, ai cũng căng thẳng hơn cả thí sinh.","With ballots. The judges sit in one row across, and every one of us is more tense than the contestants.",,
lesson_vi2_l70_d5,Ha ha. Có bé nào viết hay không?,Ha ha. Did any of the kids write something good?,,
lesson_vi2_l70_d6,"Có một bé viết về ông nội, đọc xong mình muốn khóc. Bé đó gan lắm, tự lên đọc trước cả trăm người.","One wrote about her grandfather — I nearly cried reading it. She is brave too, went up and read it in front of a hundred people.",,
lesson_vi2_l70_d7,Dũng cảm thật. Xu hướng năm nay là thơ tự do hả?,Genuinely courageous. Is free verse the trend this year?,,
lesson_vi2_l70_d8,"Đúng rồi. À, hôm qua có bé chạy vấp ngã, tờ giấy thi nát hết, phải chép lại.","That is right. Oh, yesterday one kid tripped and fell — her entry sheet was crumpled, so she had to copy it out again.",,
lesson_vi2_l70_d9,"Tội ghê. Nhớ mang chai trà đá cho ban giám khảo, ngồi cả buổi khát lắm. Trưa mình lĩnh phần thưởng giùm trường luôn.","Poor thing. Remember to bring bottles of iced tea for the judges, sitting all session makes you thirsty. At noon I will collect the prizes on the school's behalf.",,
lesson_vi2_l71_d0,"Dạo này mưa suốt, doanh thu quán mình giảm gần một nửa.",It has rained nonstop lately — our stall's revenue is down by almost half.,,
lesson_vi2_l71_d1,"Ừ, mưa là dẹp hàng sớm. Hôm qua mới bảy giờ mình đã dọn bếp rồi.","Yeah, when it rains you pack up early. Yesterday I was already cleaning the kitchen by seven.",,
lesson_vi2_l71_d2,"Mình đăng bài lên nhóm khu phố, ai đặt trước thì giao tận nhà.",I posted in the neighborhood group — anyone who orders ahead gets delivery to their door.,,
lesson_vi2_l71_d3,Hay đó. Mỗi ngày bán mấy kí thịt?,Good idea. How many kilos of meat do you sell a day?,,
lesson_vi2_l71_d4,"Chừng năm kí. Mưa vầy khách thèm đồ nóng, mình chỉnh lại thực đơn cho hợp.","About five kilos. In rain like this customers crave hot food, so I adjusted the menu to match.",,
lesson_vi2_l71_d5,Đúng. Đếm lại tiền vốn chưa? Đừng chôn vốn nhiều vào hàng tươi.,Right. Have you counted your capital again? Do not bury too much of it in fresh stock.,,
lesson_vi2_l71_d6,"Rồi. Mình liều nhập thêm ít, trúng hôm nắng là bán hết sạch.",Done. I took a small risk and stocked a bit extra — if I hit a sunny day it all sells out.,,
lesson_vi2_l71_d7,"Đương nhiên. Mà trời mưa nữa thì đéo bán được gì, chịu thôi.",Naturally. But if it rains again you won't sell a damn thing — nothing you can do.,,
lesson_vi2_l71_d8,"Ha, chờ lát nữa tạnh rồi tính tiếp.","Ha, let us wait a bit until it stops and figure it out then.",,
lesson_vi2_l72_d0,"Nghe nói anh mới được thăng chức, chúc mừng nha! Đa số phòng mình đều bất ngờ.",I hear you just got promoted — congratulations! Most of our department was surprised.,,
lesson_vi2_l72_d1,"Cảm ơn em. Cũng nhờ mọi người hỗ trợ, chứ một mình anh thì không làm nổi.",Thank you. It is thanks to everyone's support — on my own I could never have managed it.,,
lesson_vi2_l72_d2,Anh khiêm tốn quá. Mà công ty tính đi nghỉ ngơi cuối năm ở đâu chưa?,You are being modest. Has the company decided where to go for the year-end break?,,
lesson_vi2_l72_d3,"Có một cái làng nhỏ cách đây hai tiếng, homestay nằm ở góc đồi, nhìn xuống ruộng.",There is a small village two hours from here — the homestay sits on the corner of a hill looking down over the fields.,,
lesson_vi2_l72_d4,"Nghe hợp lý. Đi gần Giáng sinh thì đông, mình đặt sớm cho chắc.","That sounds reasonable. It gets crowded near Christmas, so let us book early to be safe.",,
lesson_vi2_l72_d5,Ừ. Lịch thì hơi phức tạp vì bên huấn luyện nhân viên mới cũng nhằm tuần đó.,Right. The schedule is a bit complicated because the new-employee training falls in that same week.,,
lesson_vi2_l72_d6,"Vậy mình dựa vào lịch của bên đào tạo mà xếp, họ cố định hơn.",Then let us build the plan around the training department's calendar — theirs is less flexible.,,
lesson_vi2_l72_d7,"Chuẩn. Tối đó nghe nói có một ca sỹ ở làng hát, vui lắm, ai cũng có phần một miếng bánh với ly trà.","Exactly. That evening a singer from the village is supposedly performing — it should be fun, and everyone gets a slice of cake and a cup of tea.",,
lesson_vi2_l72_d8,"Chuyến này chắc thành kỷ niệm đẹp. Em lo phần quà, đồ tái chế thôi cho gọn nhẹ.","This trip will probably become a lovely memory. I will handle the gifts — recycled materials, to keep it simple.",,
lesson_vi2_l72_d9,"Hay đó. Anh gác lại mấy việc lặt vặt, tuần sau tập trung chốt danh sách.",Good idea. I will set the small tasks aside and focus on finalizing the list next week.,,
lesson_vi2_l73_d0,"Trung thu năm nay tụi mình về quê ngắm trăng, ở nhà một bác nông dân quen.","For Mid-Autumn this year we are going back to the countryside to watch the moon, staying with a farmer we know.",,
lesson_vi2_l73_d1,"Hay đó. Hồi nãy mình coi cái mô hình lồng đèn bằng sắt của bác, làm khéo lắm.",Nice. A moment ago I looked at the iron lantern model he built — beautifully made.,,
lesson_vi2_l73_d2,"Bác còn nấu chè nữa, ít dầu mỡ thôi, ăn xong nhẹ bụng.","He is cooking sweet soup too, not much oil or fat, so it sits lightly afterward.",,
lesson_vi2_l73_d3,"Trẻ con thách nhau leo lên đỉnh đồi ngắm trăng, mình phải nhắc chớ có chạy nhanh.",The kids are daring each other to climb to the top of the hill to see the moon — we have to remind them not to run.,,
lesson_vi2_l73_d4,"Ừ, với lại khu đó cấm đốt pháo, mình nói trước cho tụi nhỏ biết.","Yes, and firecrackers are banned in that area, so let us tell the kids in advance.",,
lesson_vi2_l73_d5,"Bác có cái gương cũ treo trước hiên, soi vào thấy cả mặt trăng, hay ghê.","He has an old mirror hanging on the porch — you can see the whole moon reflected in it, so cool.",,
lesson_vi2_l73_d6,"Mình chia sẻ hình lên nhóm, ai cũng khen. Hộp bánh mang theo chứa đủ cho hai chục người.",I shared the photos in the group and everyone loved them. The box of cakes I brought holds enough for twenty people.,,
lesson_vi2_l73_d7,"Chuẩn. Chút nữa nâng ly trà chúc mọi người một mùa vui, nói ngắn gọn thôi khỏi dài dòng.","Perfect. Later we will raise a cup of tea and wish everyone a happy season — keep it short, no long speeches.",,
lesson_vi2_l74_d0,"Sáng nay mình phụ bên hội từ thiện, xếp đồ vô thùng, làm một mạch không dứt tay.","This morning I helped the charity group, packing things into boxes — worked straight through without stopping.",,
lesson_vi2_l74_d1,"Hân hạnh được góp một tay. Mình tới trễ, thấy đồ lộn xộn quá nên hơi hoảng.","Glad to lend a hand. I arrived late, saw how jumbled everything was and panicked a little.",,
lesson_vi2_l74_d2,"Không sao. Mọi người làm theo lượt, ai tới trước làm trước, đừng ngại hỏi.","It is fine. Everyone works in turns, first come first served — do not hesitate to ask.",,
lesson_vi2_l74_d3,Ừ. Nghe nói bên phường tuyên bố tuần sau chở đồ lên vùng bị tai họa.,Alright. I hear the ward office announced that next week the goods go up to the disaster-hit area.,,
lesson_vi2_l74_d4,"Đúng rồi. Thông tin ban đầu hơi mù mờ, giờ thì rõ rồi.","That is right. The initial information was a bit murky, but now it is clear.",,
lesson_vi2_l74_d5,"Chở đồ đường đèo cũng hơi mạo hiểm, tài xế phải chắc tay mới được.",Hauling goods over the mountain pass is somewhat risky — the driver needs a steady hand.,,
lesson_vi2_l74_d6,Mình ủng hộ thêm ít tiền xăng. Nhớ dán nhãn từng kệ hàng cho dễ tìm.,I will chip in some fuel money. Remember to label each shelf so things are easy to find.,,
lesson_vi2_l74_d7,"Được. Cẩn thận mấy cái bẫy chuột dưới gầm kệ nha, nhà kho lâu ngày không ai dọn.",Will do. Careful with the mousetraps under the shelves — nobody has cleaned this warehouse in ages.,,
lesson_vi2_l74_d8,Ừ. Nhà văn hóa đang tu sửa nên mình mượn tạm sân trường làm chỗ tập kết.,"Right. The community hall is under repair, so we borrowed the schoolyard as a staging area.",,
lesson_vi2_l74_d9,"Trưa có mấy phần cơm thập cẩm cho người phụ việc. Chút nữa mình thổi bong bóng cho mấy bé, tụi nó cứ ôm chân, không chịu rời ra.",At noon there are mixed rice plates for the helpers. Later I will blow up balloons for the kids — they keep hugging my legs and refusing to let go.,,
lesson_vi2_l75_d0,"Mấy hôm nay trời trở mát, mình ho suốt, môi khô nứt luôn.",The weather has turned cool these past few days — I have been coughing constantly and my lips are cracked dry.,,
lesson_vi2_l75_d1,"Ghé trạm y tế đi. Phiên trực buổi chiều đông bác sĩ hơn, khỏi chờ lâu.","Drop by the clinic. The afternoon shift has more doctors on duty, so you will not wait long.",,
lesson_vi2_l75_d2,Ừ. Mình mua ít trứng với rau cải về nấu cháo cho dễ ăn.,"Alright. I bought some eggs and greens to cook porridge, something easy to eat.",,
lesson_vi2_l75_d3,"Tốt. Uống nhiều nước ấm, mỗi lần một cốc nhỏ thôi, đừng uống ực một hơi.","Good. Drink plenty of warm water, just a small cup at a time — do not gulp it all at once.",,
lesson_vi2_l75_d4,"Nhớ hôm trước ba mình mổ ruột thừa, ca phẫu thuật ngắn mà cả nhà lo muốn chết.",Remember when my dad had his appendix out — the surgery was short but the whole family was worried sick.,,
lesson_vi2_l75_d5,"Ừ, giờ bác khỏe rồi. À, mình xóa lịch họp chiều nay để bạn nghỉ nha.","Yeah, he is well now. Oh, I deleted this afternoon's meeting so you can rest.",,
lesson_vi2_l75_d6,"Cảm ơn. Bảng theo dõi sức khỏe ở nhà mình ghi mỗi ngày, tiện tả lại cho bác sĩ.","Thanks. I fill in the health tracking chart at home every day, so it is easy to describe things to the doctor.",,
lesson_vi2_l75_d7,"Chuẩn. Mấy tiệm thuốc quanh đây bán buôn nên rẻ, nhưng phải lùng mới có loại đó.","Smart. The pharmacies around here sell wholesale so it is cheap, but you have to hunt around for that particular kind.",,
lesson_vi2_l75_d8,"Ừ. Bạn mình ở xứ tuyết còn khổ hơn, cả khối tuyết khổng lồ chắn trước cửa nhà.",Right. My friend in the snowy country has it worse — a giant block of snow blocking their front door.,,
lesson_vi2_l76_d0,"Phòng tập mới mở lớp đấm bốc với lớp khiêu vũ, quảng cáo dán khắp nơi luôn.",The new gym opened a boxing class and a dance class — the ads are plastered everywhere.,,
lesson_vi2_l76_d1,"Mình thấy rồi. Dường như học phí cũng mềm, lại tặng kèm một quyển sổ tập.","I saw them. The fees seem reasonable, and they throw in a training notebook too.",,
lesson_vi2_l76_d2,"Mình đi thử buổi giãn cơ trước đã, người cứng như khúc gỗ rồi.",I will try a stretching session first — my body is stiff as a log.,,
lesson_vi2_l76_d3,"Ha, tập vài tuần là cơ rắn chắc liền. Nhớ móc ví với chìa khóa vô tủ, đừng để ngoài ghế.","Ha, a few weeks of training and your muscles firm right up. Remember to hook your wallet and keys into a locker, do not leave them on the bench.",,
lesson_vi2_l76_d4,"Ừ. Hôm qua có bão nên lớp nghỉ, mình ức chế ghê, tính đi mà không được.","Yeah. Yesterday the class was canceled because of the storm — I was so frustrated, I had planned to go and could not.",,
lesson_vi2_l76_d5,"Kệ đi. Tuần sau có giải nhỏ trong phòng tập, hai đứa mình giành giải khuyến khích chắc được.",Never mind. Next week there is a small in-gym competition — the two of us could probably snag a consolation prize.,,
lesson_vi2_l76_d6,"Ha ha. Xong ra ngoài uống nước ngọt, cắn miếng bánh cho lại sức.",Ha ha. Afterward we go out for a soft drink and a bite of cake to get our strength back.,,
lesson_vi2_l76_d7,"Chỗ đó quang cảnh đẹp, ngồi ngoài sân nhìn ra hồ luôn. Mà gấu bạn có đi cùng không?",That place has a nice view — you sit in the yard looking out at the lake. Is your partner coming along?,,
lesson_vi2_l76_d8,"Có chứ, hai đứa đăng ký song song, tập chung cho có động lực.","Of course, we signed up in parallel and train together for motivation.",,
lesson_vi2_l77_d0,"Sáng nay mình chở bà ngoại đi khám, bà hay chóng mặt, huyết áp lên xuống thất thường.",This morning I drove my grandma to the doctor — she gets dizzy often and her blood pressure swings unpredictably.,,
lesson_vi2_l77_d1,"Ghé phòng khám gần nhà hả? Bên đó có thanh niên tình nguyện dẫn người lớn tuổi vô, tiện lắm.",Did you stop at the clinic near home? They have young volunteers who walk elderly patients in — very convenient.,,
lesson_vi2_l77_d2,"Ừ. Bà ngại nên cứ giả vờ khỏe, mà leo cầu thang là thở dốc liền.","Yes. She does not want to be a bother so she keeps pretending she is fine, but she gets winded the moment she climbs stairs.",,
lesson_vi2_l77_d3,"Người già hay vậy, sợ con cháu lo. Bà có đau đớn gì nhiều không?","Older people are like that, afraid of worrying their children. Is she in much pain?",,
lesson_vi2_l77_d4,"Không nhiều. Bác sĩ dặn uống thuốc đều, mỗi sáng chỉ một tách trà loãng thôi.",Not much. The doctor told her to take her medicine regularly and drink only one cup of weak tea each morning.,,
lesson_vi2_l77_d5,"Phòng khám đó mới sơn lại, sạch sẽ, mà ghế ngồi kín cả hành lang.","That clinic was just repainted and is clean, though the seats fill up the entire hallway.",,
lesson_vi2_l77_d6,Đúng. Bà ngồi nghỉ trên cái bệ đá trước cổng chờ tới lượt. Mình mượn xe anh hàng xóm chở bà cho êm.,Right. She rested on the stone ledge by the gate waiting her turn. I borrowed the neighbor's car so the ride would be smooth.,,
lesson_vi2_l77_d7,"Chu đáo ghê. Bà nghe rõ không? Bác sĩ nói nhanh, nhiều người phải hét lên bà mới nghe.",So thoughtful. Can she hear clearly? The doctor talks fast — some people have to shout before she catches it.,,
lesson_vi2_l77_d8,"Bà nghe được. Mà bác sĩ dùng nhiều thuật ngữ quá, mình phải giải thích lại cho bà.",She can hear fine. But the doctor used so much technical terminology that I had to explain it again for her.,,
lesson_vi2_l77_d9,"Ừ. Phòng khám có hạng thường với hạng dịch vụ, lấy hạng thường cho nhanh. Nhớ mang cái mền lông mỏng, trong đó mở máy lạnh dữ lắm.","Right. The clinic has a standard tier and a premium tier — take standard, it is quicker. And bring a thin fleece blanket, they run the air conditioning hard in there.",,
lesson_vi2_l78_d0,"Hè này mình đi phỏng vấn ở công ty ngoài hòn đảo đó, phải đi tuyến tàu sớm nhất.",This summer I went out to interview at that company on the island — I had to take the earliest train line.,,
lesson_vi2_l78_d1,"Xa ghê. Từ ga tới bến còn phải đi thêm một chặng, tốn cả buổi sáng.",That is far. From the station to the pier is another leg — it eats up the whole morning.,,
lesson_vi2_l78_d2,"Ừ, suýt trễ tàu. Mình chạy dọc đường ray, đội cái mũ mà mồ hôi ướt hết.","Yeah, I nearly missed the train. I ran along the rail line in a hat and was soaked in sweat anyway.",,
lesson_vi2_l78_d3,Khát nước không? Uống ly nước cam cho tỉnh người đã.,Are you thirsty? Have a glass of orange juice to freshen up first.,,
lesson_vi2_l78_d4,"Uống rồi. Phỏng vấn xong thấy nhẹ cả người, mình mộng làm ở đó lâu rồi.",Already did. After the interview I felt so relieved — I have dreamed of working there for a long time.,,
lesson_vi2_l78_d5,"Chúc may mắn nha. Đảo đó cuối hè có lễ hội bắn pháo hoa, đẹp lắm.",Good luck. That island has a fireworks festival at the end of summer — it is beautiful.,,
lesson_vi2_l78_d6,"Nghe nói vậy. Mà ba mình đang điều trị ung bướu, nên mình vẫn muốn tìm việc gần nhà hơn.","So I hear. But my dad is being treated for a tumor, so I still want something closer to home.",,
lesson_vi2_l78_d7,"Hiểu mà. Đừng thấy nhục khi từ chối một cơ hội, sức khỏe gia đình quan trọng hơn.",I understand. Do not feel ashamed about turning down an opportunity — your family's health matters more.,,
lesson_vi2_l78_d8,Cảm ơn bạn. Nghe vậy nhẹ lòng hẳn.,Thank you. Hearing that genuinely lightens the load.,,
lesson_vi2_l79_d0,"Cuối tuần mình tổng vệ sinh bếp, lau sàn kĩ luôn, tủ chén cũng dọn sạch hết.",This weekend I did a full clean of the kitchen — scrubbed the floor thoroughly and cleared out the dish cabinet too.,,
lesson_vi2_l79_d1,"Siêng ghê. Nhà mình hôm qua thấy con gián bò sau tủ lạnh, hoảng vãi.",So diligent. Yesterday I saw a cockroach crawling behind the fridge — scared the hell out of me.,,
lesson_vi2_l79_d2,"Ha. Nhớ dọn luôn khe tường, có khi có cứt chuột, để lâu hôi lắm.","Ha. Remember to clean the wall gaps too — there may be rat droppings, and left alone they stink.",,
lesson_vi2_l79_d3,"Ừ. Mình gắn thêm mấy miếng bịt khe, chuột với gián cút hết.",Yeah. I stuck on some gap seals and the rats and roaches cleared right out.,,
lesson_vi2_l79_d4,"Hay đó. Rổ táo để trên bàn nhớ đậy lại, không thì kiến bu.",Good move. Cover the basket of apples on the table or the ants swarm it.,,
lesson_vi2_l79_d5,"Đúng rồi. Mình duy trì lịch dọn mỗi tuần, chứ để dồn là chìm trong đồ dơ.",Right. I keep to a weekly cleaning schedule — let it pile up and you drown in mess.,,
lesson_vi2_l79_d6,"Chuẩn. Ba mình ở quê vừa gửi lên cả tạ gạo, mình phải xếp lại chỗ chứa.","Exactly. My dad back home just sent up a whole hundred kilos of rice, so I had to rearrange the storage.",,
lesson_vi2_l79_d7,"Nhiều dữ! Nhà mình có ông bác hà tiện lắm, mua gì cũng tính từng đồng, mà nhờ vậy chưa thiếu bao giờ.","That is a lot! I have an uncle who is incredibly tight-fisted, counts every đồng — but thanks to that they have never gone without.",,
lesson_vi2_l79_d8,"Ha ha, tiết kiệm đâu có gì hèn, miễn đừng gian trá là được.","Ha ha, there is nothing shameful about being thrifty, as long as you are not dishonest.",,
lesson_vi2_l79_d9,"Đúng. Mà bồ bạn có phụ dọn không, hay để bạn làm hết?","True. Does your partner help with the cleaning, or do they leave it all to you?",,
lesson_vi2_l79_d10,"Có chứ, hai đứa chia nhau. Lo mấy vụ nhà cửa riết chắc sói cả đầu.","Of course, we split it. Worrying about household stuff nonstop will probably leave me bald.",,
lesson_vi2_l80_d0,"Bé bị gãy một cái răng sữa, chiều nay mình đưa đi nha sĩ.","My kid chipped a baby tooth, so this afternoon I am taking her to the dentist.",,
lesson_vi2_l80_d1,"Bé có sợ không? Trẻ con hay nghiện kẹo, tới lúc đi khám mới ngại.",Is she scared? Kids get hooked on candy and then dread the check-up.,,
lesson_vi2_l80_d2,"Bé kiên nhẫn lắm, ngồi im cho bác sĩ coi lưỡi với răng.",She is very patient — sat still and let the dentist look at her tongue and teeth.,,
lesson_vi2_l80_d3,Giỏi ghê. Nha sĩ có bày cách chải răng đúng không?,Impressive. Did the dentist show her the proper way to brush?,,
lesson_vi2_l80_d4,"Có. Cô liệt kê từng bước, còn cho bé cây bàn chải có hình, bé không chịu buông ra luôn.",Yes. She listed out each step and gave her a brush with a picture on it — the kid would not let go of it.,,
lesson_vi2_l80_d5,Dễ thương ghê. Nhớ đừng cho ăn kem lạnh quá ngay sau khi trám nha.,So cute. Remember not to give her anything too cold right after the filling.,,
lesson_vi2_l80_d6,"Ừ. Bé trượt chân trên nền nhà ướt nên mới va vào cạnh bàn, gãy răng.",Right. She slipped on the wet floor and hit the edge of the table — that is how the tooth broke.,,
lesson_vi2_l80_d7,"Trời. Lót thảm chống trượt đi. Với lại đừng vội bế bé chạy, coi chừng té thêm lần nữa.",Goodness. Put down a non-slip mat. And do not rush to scoop her up and run — you risk another fall.,,
lesson_vi2_l80_d8,"Ừ. Lúc đó mình lấy bông gòn cầm máu, cũng may không sao.",Yeah. At the time I used cotton wool to stop the bleeding — luckily it was nothing serious.,,
lesson_vi2_l80_d9,Bé ngoan ghê. Về nhớ bá vai khen bé một câu cho bé vui.,"She is such a good kid. When you get home, put an arm around her shoulder and give her a word of praise.",,
lesson_vi2_l80_d10,"Chắc chắn rồi. Bé thông minh, óc quan sát tốt lắm, thấy gì cũng hỏi.","Definitely. She is bright — a very observant mind, asks about everything she sees.",,
lesson_vi2_l80_d11,"À, phòng khám giờ lấy dấu vân tay phụ huynh khi nhận bé hả? Kỹ thật. Rác y tế họ cũng thải riêng, sạch hơn hồi xưa nhiều.","Oh, does the clinic take a parent's fingerprint at drop-off now? Very thorough. They dispose of medical waste separately too — much cleaner than it used to be.",,
lesson_vi2_l81_d0,"Chiều nay xóm mình nướng đồ ngoài bãi cỏ, ai cũng góp một món.",This afternoon our block is grilling out on the grass — everyone contributes a dish.,,
lesson_vi2_l81_d1,"Vui đó. Mình mang một lô xiên thịt ướp hương sả, thơm nức luôn.",Fun. I am bringing a whole batch of skewers marinated with lemongrass — the smell is incredible.,,
lesson_vi2_l81_d2,"Ngon rồi. Sáng nay bên phường tổ chức hiến máu, chiều mới tới phần ăn uống.",That settles the food. This morning the ward organized a blood drive; the eating comes in the afternoon.,,
lesson_vi2_l81_d3,"Hay. Ai vừa hiến máu thì ăn nhẹ thôi, đừng uống rượu. Ai đang uống kháng sinh cũng nên báo trước.",Good. Anyone who just donated should eat lightly and skip the alcohol. Anyone on antibiotics should mention it beforehand too.,,
lesson_vi2_l81_d4,"Đúng. Chia hai phe chơi kéo co cho vui, xóm mình người miền nào cũng có.",Right. We will split into two teams for tug-of-war — our block has people from every region.,,
lesson_vi2_l81_d5,"Ha, xứ nào cũng góp một món đặc sản. Bàn bày ngoài trời, tối lên đèn nhìn ấm cúng lắm.","Ha, every home region contributes its specialty. The tables are set outdoors, and once the lights come on in the evening it looks so cozy.",,
lesson_vi2_l81_d6,"Ừ. Mấy đứa nhỏ hay mò xuống mương bắt cá, mình phải canh chừng.","Yeah. The kids like to poke around down in the ditch catching fish, so we have to keep an eye out.",,
lesson_vi2_l81_d7,"Cương quyết không cho tụi nó ra xa nha, chỗ đó nước sâu.",Be firm about not letting them wander far — the water is deep there.,,
lesson_vi2_l81_d8,"Chắc chắn. Mà khuôn mặt ai cũng vui, cả năm mới có dịp như vầy.",Definitely. Everyone's face lights up though — we only get an occasion like this once a year.,,
lesson_vi2_l81_d9,"Ừ. Nhớ tri ân mấy bác tổ trưởng luôn, làm ngầm bao nhiêu việc mà ít ai biết.",Yes. Remember to thank the block leaders — they quietly do so much that hardly anyone knows about.,,
lesson_vi2_l81_d10,"Đúng. Bọn nhỏ khôn ghê, biết vây quanh mấy bác xin thêm xiên nướng.",True. The kids are clever — they know to crowd around the leaders and beg for extra skewers.,,
lesson_vi2_l82_d0,"Cái tiệm mì nhỏ ngoài đầu hẻm sắp mở rồi, thời gian trôi nhanh thật.",The little noodle shop at the top of the alley is about to open — time really does fly.,,
lesson_vi2_l82_d1,"Ừ, mới bàn hồi đầu năm mà giờ đã tới giai đoạn cuối.","Yeah, we only discussed it at the start of the year and now we are at the final stage.",,
lesson_vi2_l82_d2,"Sáng nay mình tháo cái bảng hiệu cũ xuống, bụi với cát rơi đầy người.",This morning I took the old signboard down — dust and sand fell all over me.,,
lesson_vi2_l82_d3,"Cực ghê, mồ hôi ướt hết áo. Mà công thức nước lèo vẫn giữ nguyên bản gốc của má chứ?",Hard work — sweat soaked right through your shirt. But are we keeping mom's original broth recipe as it is?,,
lesson_vi2_l82_d4,"Giữ nguyên. Mỗi tô thêm một miếng chanh, khách tự bóp cho vừa miệng.",Keeping it. Each bowl gets a wedge of lime and customers squeeze it in to taste.,,
lesson_vi2_l82_d5,"Hay đó. Bếp thì mình mồi lửa từ năm giờ sáng, hầm một khối xương lớn cho ngọt nước.",Good. In the kitchen we light the fire at five in the morning and simmer a big block of bones for a sweet broth.,,
lesson_vi2_l82_d6,"Ừ. Mì gói thì bán kèm cho khách mang về, ai vội thì mua.","Right. We sell packaged instant noodles on the side for takeaway, for anyone in a hurry.",,
lesson_vi2_l82_d7,"Người ta nói mình khùng mới mở tiệm lúc kinh tế khó, nhưng mình thấy đó là manh mối để làm khác đi.","People say we are crazy to open a shop when the economy is tough, but I see it as a clue for doing things differently.",,
lesson_vi2_l82_d8,"Đúng. Trang trí thì treo mấy tấm thổ cẩm, thêm điệu nhạc nhẹ, ngồi cho dễ chịu.",Exactly. For decoration we hang some brocade panels and play a gentle tune so it feels comfortable to sit in.,,
lesson_vi2_l82_d9,"Nhớ thêm ly sinh tố dâu cho mấy bé nữa, tụi nhỏ mê lắm.",Remember to add a strawberry smoothie for the kids too — they love it.,,
lesson_vi2_l83_d0,"Lên lầu ba họp chưa? Còn mười phút, đứng đây tám chuyện chút đã.","Are you heading up to the third floor for the meeting? There are ten minutes left, let us stand here and gossip a bit first.",,
lesson_vi2_l83_d1,"Ha, được. Nghe nói quý này công ty phải xoay xở với ngân sách hơn hai tỷ.","Ha, sure. I hear this quarter the company has to juggle a budget of over two billion.",,
lesson_vi2_l83_d2,"Ừ, mình sốt ruột ghê. Báo cáo của mình còn dở dang, chưa xong phần cuối.","Yeah, I am on edge about it. My report is still half-finished, the last section is not done.",,
lesson_vi2_l83_d3,"Đừng nhốt mình trong phòng làm cả đêm nữa, hôm qua mặt bạn phờ luôn.",Stop shutting yourself in the office working all night — yesterday your face looked wrecked.,,
lesson_vi2_l83_d4,"Mình đần thật, cứ ôm hết việc vào người. Mà sếp cũng yêu cầu tuân thủ đúng quy trình mới.","I really am dense, taking on everything myself. And the boss wants us to comply with the new process exactly.",,
lesson_vi2_l83_d5,"Ừ. Cái quy trình đó rườm rà kiểu mạn tính, năm nào cũng sửa mà không khá hơn.",Right. That process is chronically convoluted — they revise it every year and it never improves.,,
lesson_vi2_l83_d6,"Ha ha, đừng chọc nữa. À, bạn coi chừng ly cà phê, nóng lắm, mình vừa bị bỏng tay.","Ha ha, stop teasing. Oh, careful with that coffee, it is very hot — I just burned my hand.",,
lesson_vi2_l83_d7,Cảm ơn. Mà đợt này công ty có nhập thêm hàng bên châu Âu không?,"Thanks. By the way, is the company importing more goods from Europe this time?",,
lesson_vi2_l83_d8,"Có, nhưng xếp cuối đuôi danh sách ưu tiên. Nếu giao trễ thì mình phải bồi thường cho khách.","Yes, but it sits at the tail end of the priority list. If delivery is late we have to compensate the customer.",,
lesson_vi2_l83_d9,"Hiểu rồi. Thôi lên họp, mình mang ơn bạn vụ hôm trước, để mình trình bày phần khó cho.","Understood. Let us go up — I owe you for the other day, so I will present the difficult section.",,
lesson_vi2_l84_d0,"Sáng nào mình cũng ghé đây pha một ly, ngồi ngắm cái tháp đồng hồ bên kia đường.",Every morning I stop in here for a cup and sit gazing at the clock tower across the street.,,
lesson_vi2_l84_d1,"Thỉnh thoảng mình cũng ra. Quán này bánh tươi, không để qua đêm bao giờ.",I come out now and then too. The pastries here are fresh — they never keep them overnight.,,
lesson_vi2_l84_d2,"Ừ. Cà phê rang chín tới, thơm mà không khô đắng.",Yeah. The coffee is roasted just right — fragrant without being dry and bitter.,,
lesson_vi2_l84_d3,"Chủ quán dễ mến ghê. Hôm trước mình quên áo khoác, cô gởi lại tận nhà luôn.",The owner is so likeable. The other day I left my jacket behind and she sent it all the way to my house.,,
lesson_vi2_l84_d4,"Cô ấy kỉ luật lắm, sáu giờ mở cửa đúng giờ, chưa trễ bữa nào.",She is very disciplined — opens at six sharp and has never been late once.,,
lesson_vi2_l84_d5,"Đúng. Mà cái máy lạnh hơi hôi, chắc lâu rồi chưa vệ sinh.",True. Though the air conditioner smells a bit musty — probably has not been cleaned in a while.,,
lesson_vi2_l84_d6,"Để mình nói nhỏ với cô, chứ hô lên giữa quán thì kỳ lắm.",Let me mention it quietly to her — shouting it out in the middle of the shop would be awkward.,,
lesson_vi2_l84_d7,"Ha, bạn nhát quá. Nói thẳng có sao đâu, mình đâu có nói nhảm.","Ha, you are so timid. What is wrong with saying it directly? It is not like we are talking nonsense.",,
lesson_vi2_l84_d8,"Ừ ha. Mà bạn bấm cái nút bên hông ghế đi, chỉnh cao lên cho đỡ mỏi lưng.","Fair enough. Oh, press the button on the side of your chair and raise it up so your back aches less.",,
lesson_vi2_l84_d9,"Hay. Đợt này quán treo bảng ""một tỉ lời cảm ơn"", cách phát ngôn dễ thương ghê.","Nice. Lately they have a sign up saying ""a billion thank-yous"" — such a charming way of putting it.",,
lesson_vi2_l85_d0,"Sáng nay dẫn hai đứa đi tiêm phòng, về tới nhà đứa nào cũng rũ ra ngủ.",This morning I took both kids for their shots — the moment we got home they both flopped down asleep.,,
lesson_vi2_l85_d1,Ha. Bé có khóc không? Con mình thì cứ giỡn tới lúc y tá cầm kim mới im.,"Ha. Did they cry? Mine keeps goofing around right up until the nurse picks up the needle, then goes quiet.",,
lesson_vi2_l85_d2,"Đứa lớn ngoan, đứa nhỏ hỗn, giãy khóc làm mình đuối luôn.","The older one behaved, the little one was a handful — thrashing and crying until I was completely drained.",,
lesson_vi2_l85_d3,Thông cảm. Về cho ăn tô ngũ cốc với sữa cho lại sức.,I sympathize. Give them a bowl of cereal with milk at home to get their energy back.,,
lesson_vi2_l85_d4,"Ừ. Mà điện thoại mình cạn pin giữa chừng, không gọi được cho ai.","Yeah. And my phone ran flat halfway through, so I could not call anyone.",,
lesson_vi2_l85_d5,"Mang sạc dự phòng đi. À, hôm qua xóm mình có đám tang bác Tư, tối nay mình ghé thắp nhang.","Bring a power bank. Oh, there was a funeral for Mr. Tu in our block yesterday — I am stopping by tonight to light incense.",,
lesson_vi2_l85_d6,"Mình cũng đi. Nhớ mặc đồ tối màu, đừng xịt nước hoa thơm thoảng quá.",I am going too. Remember to wear dark clothes and do not put on perfume that carries too much.,,
lesson_vi2_l85_d7,"Ừ. Mà cái thùng rác đầu hẻm bốc mùi tởm quá, ai vứt cá vô đó vậy trời.",Right. And the trash bin at the top of the alley reeks disgustingly — who on earth threw fish in there?,,
lesson_vi2_l85_d8,"Chắc quán ăn. Để mình nhắc, chứ đít thùng mà lủng nữa thì nước chảy ra đường.","Probably the food stall. Let me say something — if the bottom of the bin gives out too, the liquid will run into the street.",,
lesson_vi2_l85_d9,"Ừ. Với lại cái xích khóa cổng gỉ hết rồi, mai mình mua cái mới đền cho tổ dân phố.",Yeah. And the gate chain has rusted through — tomorrow I will buy a new one to replace it for the neighborhood group.,,
lesson_vi2_l86_d0,"Sáng nay mình đạp xe ra biển sớm, thủy triều rút, bãi rộng mênh mông luôn.",This morning I cycled out to the sea early — the tide was out and the beach stretched wide open.,,
lesson_vi2_l86_d1,Đã ghê. Mình cứ hít thở không khí biển là tỉnh cả người.,So satisfying. Breathing in the sea air wakes me right up.,,
lesson_vi2_l86_d2,"Ừ. Đường mới làm nên phải dò từng đoạn, có chỗ cát phủ lên mặt đường.",Yeah. The road is newly built so you have to feel your way section by section — sand covers the surface in places.,,
lesson_vi2_l86_d3,"Cẩn thận nha. Hôm trước mình giật mình vì con chó chạy ngang, suýt ngã.","Be careful. The other day a dog ran across in front of me, I jolted and nearly fell.",,
lesson_vi2_l86_d4,"Ha. Mình trói cái giỏ vào yên sau, chở theo đĩa bánh với bình nước.",Ha. I strapped a basket onto the back seat and carried a plate of cakes and a water bottle.,,
lesson_vi2_l86_d5,"Chu đáo. Sức mình dạo này kém, đạp mười cây số là thở dốc.",Well prepared. My stamina is poor lately — ten kilometers of pedaling and I am gasping.,,
lesson_vi2_l86_d6,"Từ từ rồi quen. Cứ đi như vầy vài tuần là khỏe lại thôi. Đi đông thì nương nhau mà đi, ai yếu chạy ở giữa.",Take it slow and you get used to it. Ride like this for a few weeks and your strength comes back. In a group we lean on each other — whoever is weakest rides in the middle.,,
lesson_vi2_l86_d7,"Hay đó. Bánh xe mình mới thay, tròn đều nên chạy êm hẳn.","Good approach. I just replaced my wheels — perfectly round now, so the ride is much smoother.",,
lesson_vi2_l86_d8,"Cuối tháng có giải đua nhỏ, hai đứa cược nhau một chầu cà phê nha?",There is a small race at the end of the month — shall we bet a round of coffee on it?,,
lesson_vi2_l86_d9,"Chơi luôn. Thua thì mình mời, không hẹn vĩnh viễn gì hết, thua là trả liền.","You are on. If I lose I pay — no eternal postponing, lose and settle immediately.",,
lesson_vi2_l86_d10,"Ha ha. Ba mình hồi trẻ cũng mê, ổng kể chuyện đạp xe từ quê lên tỉnh, nghe như truyện vậy.","Ha ha. My dad loved cycling when he was young — he tells of riding from the countryside up to the city, it sounds like a novel.",,
lesson_vi2_l86_d11,"Anh em ruột nhà bạn đi chung được không, phải chăng đông thì vui hơn? Mấy đứa nhỏ cũng giơ tay xin theo, mà đường xa sợ tụi nó lâm vào cảnh mệt lử.","Could your siblings come along — is it not more fun with a crowd? The kids raised their hands to join too, but it is a long way and I worry they would end up worn to a rag.",,
lesson_vi2_l87_d0,"Chiều nay xóm mình tụ tập sau vườn nhà bác Năm, nướng thịt heo với bắp.",This afternoon our block is gathering in Mr. Nam's back garden to grill pork and corn.,,
lesson_vi2_l87_d1,"Hoan nghênh luôn. Mình mang cái lò than nhỏ qua, khỏi phải mượn của ai.",Count me in. I will bring my small charcoal grill so we do not have to borrow one.,,
lesson_vi2_l87_d2,"Tốt. Bác gợi ý mỗi nhà góp một món, khỏi ai phải nấu nhiều quá.",Good. He suggested each household contribute one dish so nobody has to cook too much.,,
lesson_vi2_l87_d3,Hợp lý. Mà mấy luống rau sau vườn có bị thối gốc không? Mưa nhiều quá.,Sensible. Are the vegetable beds out back suffering root rot? It has rained so much.,,
lesson_vi2_l87_d4,"Có vài cây. Mình cột lại cho đứng thẳng, còn lại nhờ ong bướm thụ phấn nên vẫn ra trái đều.","A few plants. I tied them up straight, and the rest still fruit steadily thanks to bees and butterflies pollinating them.",,
lesson_vi2_l87_d5,"Giỏi ghê. Bé nhà bạn mặc váy hồng chạy quanh vườn, cười tươi, nhìn thương ghê.","Impressive. Your little one is running around the garden in a pink dress, beaming — so sweet to watch.",,
lesson_vi2_l87_d6,"Ha, bé mới khỏi ốm nên hiếu động trở lại rồi.","Ha, she just got over being sick so she is full of energy again.",,
lesson_vi2_l87_d7,"Mừng quá. À, cái van nước ngoài vườn bị rỉ, để mình siết lại giùm cho.","That is a relief. Oh, the outdoor water valve is leaking — let me tighten it for you.",,
lesson_vi2_l87_d8,"Cảm ơn. Chiều mình gom lá khô đốt, mà không thiêu nhiều đâu, khói bay qua nhà người ta.","Thanks. This afternoon I am gathering dry leaves to burn, but not a big burn — the smoke drifts over to the neighbors.",,
lesson_vi2_l87_d9,"Ừ, đừng đốt lúc gió. À, mình mới cho con chó đi chủng ngừa xong, giờ nó chạy quanh vườn cũng yên tâm.","Right, do not burn it when it is windy. Oh, I just had the dog vaccinated, so now I feel fine about it running around the garden.",,
lesson_vi2_l87_d10,Yên tâm rồi. Nụ cười của mấy bác khi thấy vườn gọn gàng cũng đủ vui cả buổi.,Good to know. The smiles on the older neighbors' faces when they see the garden tidy are enough to make the whole afternoon.,,
lesson_vi2_l88_d0,"Má mình vừa đưa xấp thiếp cưới của anh Hai, tuần sau đi phát cho họ hàng.",My mom just handed me the stack of wedding invitations for my older brother — next week we hand them out to relatives.,,
lesson_vi2_l88_d1,Vui ghê. Đám cưới tổ chức ở nhà hàng trên đồi hả?,How lovely. Is the wedding at that restaurant up on the hill?,,
lesson_vi2_l88_d2,"Ừ, nhà hàng đó bự lắm, chứa được ba trăm khách, sân rộng mấy chục mét.","Yes, that restaurant is huge — it holds three hundred guests and the courtyard is dozens of meters across.",,
lesson_vi2_l88_d3,Giấy tờ xong chưa?,Is the paperwork done?,,
lesson_vi2_l88_d4,"Rồi, đăng ký ở ủy ban tuần này làm xong hết. Anh Hai còn quyết tâm cai thuốc trước ngày cưới.","Yes, the registration at the ward committee was finished this week. And my brother is determined to quit smoking before the wedding day.",,
lesson_vi2_l88_d5,"Đàng hoàng đó. Cai được thì sức khỏe lên, da dẻ cũng mềm mại hơn.",That is a proper decision. If he manages it his health improves and even his skin gets softer.,,
lesson_vi2_l88_d6,"Ha, mình đắp mặt nạ hoài mà da còn chưa đẹp, huống chi ảnh chẳng làm gì.","Ha, I use face masks constantly and my skin still is not great — let alone his, and he does nothing.",,
lesson_vi2_l88_d7,"Ha ha. Ảnh có bối rối không? Mình nhớ hồi mình cưới, run muốn xỉu.",Ha ha. Is he flustered? I remember at my own wedding I was shaking hard enough to faint.,,
lesson_vi2_l88_d8,"Ảnh bình tĩnh mà lo đủ thứ. Áo dài má may vừa dáng, mặc lên nhìn viên mãn luôn.",He is calm but fretting over everything. The áo dài my mom had made fits his figure perfectly — he looks completely content in it.,,
lesson_vi2_l88_d9,"Tuyệt. Chuông nhà thờ chỗ đó vang lắm, chụp hình ngoài cổng đẹp. Nhớ dặn khách bóc vỏ hộp quà bỏ đúng chỗ, năm ngoái rác đầy sân.",Wonderful. The church bell there rings out beautifully and photos at the gate come out lovely. Remember to ask guests to put gift wrapping in the right place — last year the yard was full of trash.,,
lesson_vi2_l88_d10,"Ừ. Với lại hai nhà cũng cần hàn gắn vài chuyện cũ, dịp này là ưu tiên số một.",Yes. And the two families need to mend a few old matters — this occasion is the number one priority for that.,,
lesson_vi2_l89_d0,"Tuần rồi tụi mình đi thăm hang động ở vùng giáp ranh hai tỉnh, cảnh quyến rũ luôn.",Last week we visited the caves in the area bordering two provinces — the scenery was captivating.,,
lesson_vi2_l89_d1,"Nghe nói trong đó có mấy khối đá sáng như ngọc, hiếm lắm phải không?","I hear there are stone formations in there that shine like jade — quite rare, right?",,
lesson_vi2_l89_d2,"Đúng. Tia nắng lọt qua khe, chiếu xuống mặt nước, mình quỳ xuống chụp được một tấm đẹp.",Yes. A ray of sunlight came through a gap and lit the water — I knelt down and got a lovely shot.,,
lesson_vi2_l89_d3,Ghen tị ghê. Có phải lặn xuống nước không?,I am jealous. Did you have to dive into the water?,,
lesson_vi2_l89_d4,"Không, chỉ lội chỗ cạn thôi. Trên đường vào có rừng tùng, lối đi lát gỗ nên êm chân.","No, just wading in the shallows. On the way in there is a pine forest, and the path is planked with wood so it is easy on the feet.",,
lesson_vi2_l89_d5,"Hay quá. Mà nghe nói khu đó hồi xưa có mỏ than, giờ đóng cửa rồi hả?",Nice. I hear that area used to have a coal mine — has it closed now?,,
lesson_vi2_l89_d6,"Ừ, dân địa phương chuyển qua làm du lịch. Người ta san lại đường, gỡ hết dây điện cũ cho gọn.","Yes, the locals moved into tourism. They leveled the road again and stripped out all the old wiring to tidy it up.",,
lesson_vi2_l89_d7,"Tốt cho họ. À, chị họ mình mới đẻ, cuối tuần nhà mình làm mâm cỗ nhỏ mừng bé.","Good for them. Oh, my cousin just gave birth — this weekend we are laying out a small feast to celebrate the baby.",,
lesson_vi2_l89_d8,"Chúc mừng! Mình ghé nha. Mấy đứa nhỏ cuồng mấy dịp như vậy, tụ tập là vui rần trời.",Congratulations! I will stop by. The kids are wild about occasions like that — get them together and it is a riot.,,
lesson_vi2_l89_d9,"Ừ, thằng cu nhà mình nhắc suốt, hỏi chừng nào tới ngày.","Yeah, my little boy keeps bringing it up, asking when the day is.",,
lesson_vi2_l90_d0,"Cuối tuần lớp mình đi dã ngoại, quỹ lớp còn dư nên khỏi thu thêm của ai.",This weekend our class is going on a picnic — the class fund still has a surplus so we do not need to collect more from anyone.,,
lesson_vi2_l90_d1,Hay. Mấy bạn tân sinh viên cũng đi hả? Nhớ gửi thiệp mời cho tụi nó.,Nice. Are the new students coming too? Remember to send them an invitation card.,,
lesson_vi2_l90_d2,"Có chứ. Tới nơi mình quét dọn khu cắm trại trước, xong mới bày đồ ăn.","Of course. When we arrive we sweep the campsite first, then lay out the food.",,
lesson_vi2_l90_d3,"Ừ. Mang than với vỉ nướng theo nha, ngoài đó không có chỗ bán.",Right. Bring charcoal and a grill rack — there is nowhere to buy them out there.,,
lesson_vi2_l90_d4,"Rồi. Đường tới đó chạy thẳng rồi rẽ trái ở cây xăng, dễ tìm lắm.",Done. The route is straight ahead then a left turn at the gas station — easy to find.,,
lesson_vi2_l90_d5,"Trời se lạnh, khoác thêm áo mỏng đi. Sáng sớm sương tràn khắp thung lũng.","It is getting chilly, put on a light jacket. Early in the morning the mist floods across the whole valley.",,
lesson_vi2_l90_d6,"Cảnh đó kỳ diệu thật. Vốn dĩ mình định ở nhà, mà nghe tả xong là đổi ý liền.","That sight is genuinely magical. Originally I planned to stay home, but after hearing it described I changed my mind at once.",,
lesson_vi2_l90_d7,Viễn cảnh cả lớp ngồi quanh lửa trại nghe hay ghê.,The prospect of the whole class sitting around a campfire sounds wonderful.,,
lesson_vi2_l90_d8,"Ừ. Leo dốc thì hít thở đều, giữ nhịp, ai phổi yếu thì đi chậm lại.",Yes. On the climb breathe steadily and keep a rhythm — anyone with weak lungs should slow down.,,
lesson_vi2_l90_d9,"Đúng. Bạn mình béo hơn hồi trước mà leo khỏe hơn mình, điển hình của siêng tập.",True. My friend is heavier than before yet climbs better than I do — a textbook case of training regularly.,,
lesson_vi2_l90_d10,"Ha ha. Thao tác dựng lều thì bạn chỉ giùm nha, mình chưa làm bao giờ.",Ha ha. Show me the steps for pitching a tent — I have never done it.,,
lesson_vi2_l91_d0,"Đêm qua cái camera trước nhà trục trặc, kêu bíp bíp làm mình bực cả đêm.",Last night the camera out front glitched and beeped nonstop — it irritated me all night.,,
lesson_vi2_l91_d1,Trời. Ngủ được chút nào không? Nhìn bạn kiệt sức luôn.,Goodness. Did you sleep at all? You look completely exhausted.,,
lesson_vi2_l91_d2,"Ngủ chập chờn. Sáng dậy còn ngẩn ngơ, ngồi ôm cái gối cả buổi.","Slept fitfully. This morning I was still dazed, sitting hugging a pillow for ages.",,
lesson_vi2_l91_d3,"Nghỉ chút cho khoẻ. Ăn tô cháo nóng, thêm ít thịt cho bổ.",Rest a bit and get your strength back. Have a bowl of hot porridge with some meat in it for nourishment.,,
lesson_vi2_l91_d4,"Cảm ơn. Hồi nãy mình cúi xuống gỡ dây, đứng lên là chóng mặt.",Thanks. Earlier I bent down to unhook the wire and got dizzy standing back up.,,
lesson_vi2_l91_d5,"Từ từ thôi. Cái giá đỡ camera có vững không, hay lung lay?","Take it slow. Is the camera bracket steady, or is it wobbling?",,
lesson_vi2_l91_d6,"Vững rồi, mình bắt thêm ốc. Mà mình ngớ ngẩn thiệt, quên tắt nguồn trước khi tháo.","It is solid now, I added more screws. But I was genuinely dim — forgot to cut the power before taking it apart.",,
lesson_vi2_l91_d7,"Ha, may là không sao. Tối nay trùm mền ngủ sớm đi, mai tính tiếp.","Ha, lucky nothing happened. Tonight pull the blanket over you and sleep early — deal with it tomorrow.",,
lesson_vi2_l91_d8,"Ừ. À, bé nhà mình đòi mua con thỏ bông, thấy trên mạng.","Alright. Oh, my kid wants a stuffed rabbit, saw one online.",,
lesson_vi2_l91_d9,"Mua đi, khích lệ bé chút. Mà nhớ chọn loại lông ngắn cho dễ giặt.","Buy it, give the kid a little encouragement. Just pick a short-fur one so it washes easily.",,
lesson_vi2_l91_d10,"Ừ. Bé mới học dấu huyền dấu sắc ở lớp, tối nào cũng đọc cho mình nghe.",Yeah. She just learned the falling and rising tone marks at school and reads them to me every evening.,,
lesson_vi2_l91_d11,"Dễ thương ghê. Chiều mình ghé chợ mua thịt lợn, nhà hết đồ ăn rồi.",So sweet. This afternoon I am stopping at the market for pork — we are out of food at home.,,
lesson_vi2_l92_d0,"Cuối tháng mình trả nhà, hôm nay nộp giấy tờ với dọn nốt mấy thứ lặt vặt.",I hand the house back at the end of the month — today I submit the paperwork and clear out the last odds and ends.,,
lesson_vi2_l92_d1,Chủ nhà có thắc mắc gì không? Nhiều người soi kỹ lắm.,Did the landlord raise any questions? A lot of them inspect very closely.,,
lesson_vi2_l92_d2,"Có hỏi mấy lỗ đinh trên tường. Mình trám lại rồi, sơn phủ lên là gần như không thấy.",He asked about the nail holes in the wall. I filled them and painted over — you can barely see them now.,,
lesson_vi2_l92_d3,Khéo ghê. Mùi sơn còn không? Ngửi lâu là nhức đầu đó.,Nicely done. Does it still smell of paint? Breathing that in for long gives you a headache.,,
lesson_vi2_l92_d4,Bay gần hết rồi. Mình cắm quạt thổi cả ngày cho thoáng.,It has almost all aired out. I plugged in a fan and let it blow all day to ventilate.,,
lesson_vi2_l92_d5,Đồ đạc bê hết chưa? Bê nặng coi chừng chấn thương lưng.,"Have you carried everything out? Careful lifting heavy things, you could injure your back.",,
lesson_vi2_l92_d6,"Còn ít thôi. Mình thuê xe, đổ đầy xăng rồi, chạy một chuyến là xong.",Only a little left. I rented a truck and filled the tank — one trip should do it.,,
lesson_vi2_l92_d7,"Để mình qua phụ dùm. Hai người thì nhanh, tiền xăng mình góp một nửa.","Let me come help you out. Two people is faster, and I will chip in half the fuel money.",,
lesson_vi2_l92_d8,"Cảm ơn nha. Chủ nhà cũng dễ, ổng bớt cho mình mấy trăm nghìn tiền dọn dẹp.",Thanks. The landlord is easy-going too — he knocked a few hundred thousand off for the cleaning.,,
lesson_vi2_l92_d9,"Vậy là quý rồi, gặp người tử tế còn hơn của báu. Chỗ mới có chỗ để xe không?",That is precious — running into a decent person is worth more than treasure. Does the new place have parking?,,
lesson_vi2_l92_d10,"Có. Đi làm cũng gần hơn, khỏi phải dậy sớm. Coi như bồi dưỡng lại sức khỏe.","It does. It is closer to work too, so no more early starts. Call it restoring my health.",,
lesson_vi2_l93_d0,"Trưa nay ăn cơm bình dân đi, quán đầu đường rẻ mà ngon.",Let us get a budget rice plate for lunch — the place at the corner is cheap and good.,,
lesson_vi2_l93_d1,"Ừ. Suất cơm ở đó gồm canh với đồ xào, ăn xong no tới chiều.",Sure. Their meal includes soup and a stir-fry — you stay full until evening.,,
lesson_vi2_l93_d2,"Đúng. Mình không đi taxi đâu, đi bộ mấy bước là tới.",Right. I am not taking a taxi — it is only a few steps on foot.,,
lesson_vi2_l93_d3,"Vậy đi. Mà bên cạnh có gánh hàng rong bán chè, ăn tráng miệng luôn.",Let us go then. And next door there is a street vendor with a shoulder pole selling sweet soup — dessert sorted.,,
lesson_vi2_l93_d4,"Cô bán gánh đó vui tính, ngày nào cũng đứng cả loạt tiếng đồng hồ mà không than.",That vendor is cheerful — she stands there for a whole string of hours every day without complaining.,,
lesson_vi2_l93_d5,"Cực ghê. Nhiều người nghèo mà siêng, nhìn thấy thương.",Such hard work. A lot of people with little are so industrious — it moves you to see it.,,
lesson_vi2_l93_d6,"Ừ. Hôm qua mình lót dạ ổ bánh mì rồi làm tới chiều, về nhà gục xuống ngủ luôn.","Yeah. Yesterday I had a banh mi to tide me over, worked till evening, then collapsed asleep the moment I got home.",,
lesson_vi2_l93_d7,"Đừng vậy nữa. Ăn đàng hoàng rồi hẵng làm, sướng cái thân mình trước đã.","Do not do that again. Eat properly first, then work — treat yourself decently before anything else.",,
lesson_vi2_l93_d8,"Ha, mình cũng đắn đo hoài, sợ tốn. Nhưng rốt cuộc bệnh còn tốn hơn.","Ha, I keep hesitating over the cost. But in the end getting sick costs more.",,
lesson_vi2_l93_d9,"Chuẩn. Ngồi bàn trong nha, ngoài kia khói xe với tiếng ồn, ăn không ngon.","Exactly. Let us sit at an inside table — out there it is exhaust smoke and noise, you cannot enjoy the food.",,
lesson_vi2_l93_d10,"Ừ, mà bàn trong hơi chật, ngồi co chân riết mỏi. Bật ti vi lên coi tin tức chút.","Sure, though the inside tables are cramped and sitting with your legs tucked up gets tiring. Turn the TV on for a bit of news.",,
lesson_vi2_l94_d0,"Mưa hoài từ sáng, mình chạy vô bến xe mà áo ướt hết rồi.",It has rained nonstop since morning — I ran into the bus station and my shirt is already soaked.,,
lesson_vi2_l94_d1,"Lau bớt đi, mình có khăn giấy đây. Xe chạy lúc mấy giờ?","Dry off a bit, I have tissues here. What time does the coach leave?",,
lesson_vi2_l94_d2,"Chín giờ. Mình mua vé rồi, người ta xé một nửa đưa lại.",Nine. I bought the ticket already — they tore it in half and handed a piece back.,,
lesson_vi2_l94_d3,"Chuyến này chạy ngang cảng rồi mới ra quốc lộ, hơi vòng nhưng đường đẹp.","This route passes the port before joining the highway — a bit roundabout, but the road is good.",,
lesson_vi2_l94_d4,"Ừ. Bến hôm nay ồn ghê, ai cũng chui vô mái che tránh mưa.","Yeah. The station is so noisy today, everyone is ducking under the canopy to get out of the rain.",,
lesson_vi2_l94_d5,Bình thường mà. Bạn ưa ngồi ghế trước hay sau?,That is normal. Do you prefer sitting at the front or the back?,,
lesson_vi2_l94_d6,"Thà ngồi trước còn hơn, đỡ say xe. Mà tài xế nhớ bật cần gạt nước là được.","I would rather sit up front, less motion sickness. As long as the driver remembers to turn the wipers on.",,
lesson_vi2_l94_d7,"Ha. Bác tài để râu bạc đó chạy chắc tay lắm, mình đi mấy lần rồi.",Ha. That driver with the gray beard has a very steady hand — I have ridden with him several times.,,
lesson_vi2_l94_d8,"Vậy yên tâm. Mình mua thêm hai suất bánh mì, đi đường đói thì có cái ăn.",Then I feel better. I bought two portions of banh mi in case we get hungry on the way.,,
lesson_vi2_l94_d9,"Chu đáo. Vả lại đường xa, dừng dọc đường mua đồ mắc hơn nhiều.","Thoughtful. Besides, it is a long way and buying things at rest stops costs a lot more.",,
lesson_vi2_l94_d10,"Đúng. Mùa này nhiều người bệnh, virus lây nhanh, ngồi xe kín nên đeo khẩu trang.","True. A lot of people are sick this season, viruses spread fast, and the bus is enclosed — so wear a mask.",,
lesson_vi2_l94_d11,"Ừ. Mình ngưỡng mộ mấy người vẫn đi làm đều mùa mưa vầy. À, lốp sau hình như xì hơi, nói bác tài coi giùm.","Yes. I admire people who still commute reliably in a rainy season like this. Oh, the back tire looks like it is losing air — tell the driver to check it.",,
lesson_vi2_l95_d0,"Mùa xuân tới rồi, nhà mình dọn một trận cho sạch, năm nào cũng lặp lại y vậy.","Spring is here, so we do one big clean of the house — the same routine repeats every year.",,
lesson_vi2_l95_d1,"Ha, nhà mình cũng thế. Mình mua mấy cuộn giấy dán tường mới cho tươi.","Ha, ours too. I bought a few rolls of new wallpaper to freshen it up.",,
lesson_vi2_l95_d2,"Hay đó. Tường cũ dày bụi, lau xong ngưng nửa tiếng cho khô rồi dán.","Nice. The old walls are thick with dust — wipe them, pause half an hour to dry, then paste.",,
lesson_vi2_l95_d3,"Biện pháp hay. Mà cái kệ gỗ dưới bậc cầu thang lung lay, sợ sụp.",Good approach. But the wooden shelf under the stairs is wobbly — I worry it will collapse.,,
lesson_vi2_l95_d4,"Tháo ra ráp lại đi, mấy cái khớp nối lỏng thôi, siết là chắc.","Take it apart and reassemble — the joints are just loose, tighten them and it will hold.",,
lesson_vi2_l95_d5,"Ừ. Bề mặt nó cũng thô, mình chà giấy nhám rồi phủ dầu bóng.","Yeah. Its surface is rough too, so I will sand it and put a coat of oil on.",,
lesson_vi2_l95_d6,"Khéo ghê. À, mình thấy công ty bên kia đang tuyển, bạn tò mò không?","Skillful. Oh, I saw the company across the way is recruiting — are you curious?",,
lesson_vi2_l95_d7,"Có chứ. Mình đang muốn đổi việc, mà chưa dám nói ra.",Definitely. I have been wanting to change jobs but have not dared say it out loud.,,
lesson_vi2_l95_d8,"Cứ thử. Nộp hồ sơ đâu mất gì, khoảnh khắc quyết định mới khó thôi.",Just try. Sending in an application costs nothing — it is the moment of deciding that is hard.,,
lesson_vi2_l95_d9,Nghe bạn nói mình phấn khởi hẳn. Chiều mình chạy ngang con đê ra đó hỏi thử.,Hearing you say that genuinely lifts me. This afternoon I will ride along the dike and go ask.,,
lesson_vi2_l95_d10,"Nhớ mang áo mưa, trời chuyển rồi, không có chỗ trú dọc đường đâu.",Bring a raincoat — the weather is turning and there is nowhere to shelter along that road.,,
lesson_vi2_l96_d0,"Alô, chị ơi, em gọi để chốt đơn hàng hôm qua ạ.","Hello, ma'am — I am calling to confirm yesterday's order.",,
lesson_vi2_l96_d1,"Alô, chị nghe. Em đặt hai chục quyển vở với một thùng bắp sấy đúng không?","Hello, this is she. You ordered twenty notebooks and a case of dried corn snacks, correct?",,
lesson_vi2_l96_d2,"Dạ đúng. Chị bọc kỹ giùm em, đường xa sợ móp.","Yes, that is right. Please wrap them well for me — it is a long way and I worry about dents.",,
lesson_vi2_l96_d3,"Yên tâm, chị bọc hai lớp. Em gửi xe buýt hay để chị kêu shipper?","No worries, I will double-wrap them. Are you sending it by coach or shall I call a courier?",,
lesson_vi2_l96_d4,"Gửi xe buýt cho rẻ. Em nhờ người quen quá giang chuyến chiều, lấy giùm luôn.","By coach, it is cheaper. I will ask an acquaintance riding the afternoon bus to pick it up for me.",,
lesson_vi2_l96_d5,"Được. Hàng để khoang dưới, em dặn tài xế nhẹ nhàng chút.",Alright. The goods go in the lower compartment — tell the driver to handle them gently.,,
lesson_vi2_l96_d6,"Dạ. Mà lần trước tài xế đi trật bến, em chờ nắng cả buổi mới nhận được.",Yes. Last time the driver got the stop wrong and I waited in the sun all afternoon before getting it.,,
lesson_vi2_l96_d7,Chị nhớ vụ đó. Lần này chị ghi rõ số điện thoại lên thùng.,I remember that. This time I will write your phone number clearly on the box.,,
lesson_vi2_l96_d8,"Cảm ơn chị. À, chị có bán loại vở nhỏ cho học sinh nhí không?","Thank you. Oh, do you also sell the small notebooks for little kids?",,
lesson_vi2_l96_d9,"Có, loại đó bán chạy. Mấy phụ huynh hay lén mua thêm để dành, sợ hết hàng.","Yes, those sell fast. Parents quietly buy extras to keep in reserve, afraid they will run out.",,
lesson_vi2_l96_d10,"Ha, em cũng vậy. Em cậy chị bổ sung thêm mười quyển nữa nha.","Ha, me too. I will count on you to add another ten of them.",,
lesson_vi2_l96_d11,"Được. Giá thì mình đàm phán như cũ, chị bớt cho em như lần trước.","Sure. As for the price, we negotiate as before — I will give you the same discount as last time.",,
lesson_vi2_l97_d0,"Sáng nay mình ra chợ sớm, mua hai bó rau với ít cá, tiện thể nhặt thêm chanh.","This morning I went to the market early, bought two bunches of greens and some fish, and picked up limes while I was at it.",,
lesson_vi2_l97_d1,"Siêng ghê. Mình dậy trễ, mặt trời mọc lâu rồi mới ra khỏi nhà.",So diligent. I got up late — the sun had been up a long while before I left the house.,,
lesson_vi2_l97_d2,"Ha. Chiều nay mình phải lên quận nộp tờ khai thuế, hơi nôn nao.",Ha. This afternoon I have to go up to the district office to file a tax declaration — I am a bit on edge.,,
lesson_vi2_l97_d3,"Có gì đâu mà lo. Coi video hướng dẫn trước là làm được, họ nói sơ lược từng bước.",Nothing to worry about. Watch a how-to video first and you can do it — they outline each step.,,
lesson_vi2_l97_d4,"Ừ, mình coi rồi. Mà lần đầu thấy con số cũng hơi sốc, tưởng đóng ít hơn.","Yeah, I watched one. But seeing the figure the first time was a bit of a shock — I thought it would be less.",,
lesson_vi2_l97_d5,"Bình thường. Đừng cự với nhân viên nha, họ làm theo quy định thôi.",That is normal. Do not argue with the staff — they are only following regulations.,,
lesson_vi2_l97_d6,Mình biết. Nói ngọt ngào chút thì mọi chuyện trôi nhanh hơn.,I know. Speak a little sweetly and everything moves along faster.,,
lesson_vi2_l97_d7,"Chuẩn. Nhớ mang đủ ba loại giấy, thiếu một cái là phải quay lại.",Exactly. Remember to bring all three documents — miss one and you have to come back.,,
lesson_vi2_l97_d8,"Rồi. Xong mình về hâm nồi canh hôm qua, ăn nhanh rồi chiều làm tiếp.","Done. Afterward I will reheat yesterday's soup, eat quickly, then keep working in the afternoon.",,
lesson_vi2_l97_d9,"Đừng thắt lưng buộc bụng quá, thỉnh thoảng ăn ngon một bữa cũng được.",Do not tighten your belt too hard — treating yourself to a good meal now and then is fine.,,
lesson_vi2_l97_d10,"Ha ha. Ngoái lại năm ngoái mình còn chật vật hơn nhiều, giờ đỡ rồi.",Ha ha. Looking back at last year I was struggling far more; things are easier now.,,
lesson_vi2_l97_d11,"Mừng cho bạn. Tối rảnh qua nhà mình làm ván cờ, hàng rào mới sửa xong, ngồi ngoài sân mát lắm.",Happy for you. Come over tonight for a game of chess if you are free — the fence is just repaired and sitting out in the yard is lovely and cool.,,
lesson_vi2_l98_d0,"Sáng nay mình giặt hai máy đồ, còn mấy cái áo len thì ngâm trong bồn.","This morning I ran two loads of laundry, and soaked the wool sweaters in the basin.",,
lesson_vi2_l98_d1,Nhớ phơi trên lưới cho khỏi giãn. Treo móc là áo len chảy dáng liền.,Remember to dry them flat on a mesh rack so they do not stretch. Hang wool on a hanger and it loses its shape immediately.,,
lesson_vi2_l98_d2,"Ừ, mình học được mẹo đó. Đồ dư thì mình xếp lại, nhét vô khoá vali cho gọn.","Yeah, I picked up that tip. The leftover clothes I fold and tuck into the zipped compartment of the suitcase.",,
lesson_vi2_l98_d3,"Chu đáo ghê. Bạn phối đồ khéo lắm, lần nào ra ngoài nhìn cũng gọn gàng.",So thoughtful. You put outfits together well — you always look put-together when you go out.,,
lesson_vi2_l98_d4,"Ha, cảm ơn. À, cuối tuần nhà mình đi chùa, xong ghé thác nước gần đó chơi.","Ha, thanks. Oh, this weekend my family is going to the pagoda, then stopping by the waterfall nearby.",,
lesson_vi2_l98_d5,Hay. Đi lễ Phật xong ra thác thì mát cả người.,Nice. Paying respects at the temple and then heading to the waterfall — refreshing all round.,,
lesson_vi2_l98_d6,"Đúng. Mình chép sẵn địa chỉ vô điện thoại, khỏi lạc đường.",Right. I copied the address into my phone so we do not get lost.,,
lesson_vi2_l98_d7,"Khôn. Đường trong rừng giống hệt nhau, dễ đi nhầm lắm.",Smart. The forest roads all look identical — very easy to take a wrong turn.,,
lesson_vi2_l98_d8,"Ừ. Mà mình hơi lo, ba mình mới mổ mắt xong, đi xa sợ mệt.","Yeah. I am a bit worried though — my dad just had eye surgery, and a long trip might tire him.",,
lesson_vi2_l98_d9,"Vậy đi ngắn thôi. Ngồi xe lâu là bác thỉu ngủ, tới nơi lại đuối.","Then keep it short. Sitting in the car a long time makes him doze off, and he arrives worn out.",,
lesson_vi2_l98_d10,"Ừ. Nhớ mang thuốc xịt côn trùng, trong rừng nhiều bọ lắm.",Yes. Remember insect spray — there are a lot of bugs in the forest.,,
lesson_vi2_l98_d11,"Chuẩn. À, bạn còn làm bên ngành xây dựng không, hay đổi rồi? Đi đường nhớ chạy chậm, va quẹt là mệt.","Right. Oh, are you still in the construction industry, or did you switch? Drive slowly on the way — a fender bender is a headache.",,
lesson_vi2_l99_d0,"Mình mới mở một kênh nấu ăn, quay được mấy mươi phút rồi cắt còn mười.",I just started a cooking channel — I filmed a few dozen minutes and cut it down to ten.,,
lesson_vi2_l99_d1,Hay quá. Món đầu tiên là gì?,How great. What is the first dish?,,
lesson_vi2_l99_d2,"Thạch rau câu, dễ làm mà nhìn đẹp. Mình ghi công thức bằng bút lên bảng cho dễ đọc.",Jelly dessert — easy to make and it looks pretty. I wrote the recipe on a board with a marker so it is easy to read.,,
lesson_vi2_l99_d3,"Thông minh. Nhớ nhấn nút thu âm trước, không thì quay xong mới biết mất tiếng.","Smart. Remember to press record on the audio first, or you finish filming and only then find the sound is missing.",,
lesson_vi2_l99_d4,"Ha, mình bị vụ đó rồi. Còn lần khác điện bị ngắt giữa chừng, video cụt ngủn.","Ha, that happened to me already. Another time the power cut out halfway and the video ended abruptly.",,
lesson_vi2_l99_d5,"Trời. Mua cái pin dự phòng trữ sẵn đi, quay ngoài trời cũng dùng được.",Goodness. Buy a spare battery to keep in reserve — you can use it filming outdoors too.,,
lesson_vi2_l99_d6,"Ừ. Mình còn hay quên, dây micro đứt mà không hay, về nhà mới phát hiện.",Yeah. I am forgetful too — the mic cable snapped and I did not notice until I got home.,,
lesson_vi2_l99_d7,"Kiểm tra trước mỗi buổi quay là ổn. Giọng bạn hài hước, chắc nhiều người coi.",Checking before each shoot sorts that out. Your delivery is funny — plenty of people will watch.,,
lesson_vi2_l99_d8,"Mong vậy. Cuối tuần mình dắt bé ra chợ quay cảnh mua một mớ rau, cho sinh động.","I hope so. This weekend I am taking my kid to the market to film buying a bundle of greens, for some life in it.",,
lesson_vi2_l99_d9,Ý hay. Bé xuất hiện là người ta thương liền.,"Good idea. The moment a kid appears, people warm to it.",,
lesson_vi2_l99_d10,"Ừ. Mình cũng tính quay một tập trên tầu ra đảo, cảnh biển đẹp.",Yeah. I am also planning an episode on the boat out to the island — the sea views are beautiful.,,
lesson_vi2_l99_d11,"Nhớ chống say sóng. Mà đi biển thì kiêng kỵ vài thứ theo lệ, hỏi người địa phương cho chắc.",Remember seasickness pills. And there are a few customary taboos about going to sea — ask the locals to be sure.,,
lesson_vi2_l100_d0,"Còn hai tuần nữa là Tết, nhà mình rộn ràng từ giờ rồi.",Two weeks until Tet and our house is already buzzing.,,
lesson_vi2_l100_d1,"Nhà mình cũng vậy. Hôm qua mình xô nước rửa sân, cống cũng thông luôn cho sạch.",Ours too. Yesterday I sloshed buckets of water over the yard and cleared the drain while I was at it.,,
lesson_vi2_l100_d2,"Siêng ghê. Mình thì cắt tỉa cây, cắt móng tay cho mấy đứa nhỏ, rồi lau bàn thờ.","So diligent. I trimmed the plants, cut the kids' nails, then wiped the altar.",,
lesson_vi2_l100_d3,Đúng bài. Năm nay ai xông đất nhà bạn?,Exactly right. Who is doing the first-footing at your house this year?,,
lesson_vi2_l100_d4,"Chú Tư, người hiền lành, làm ăn cũng khá. Ba mình tin vụ đó lắm.",Uncle Tu — a gentle man who does decently in business. My dad really believes in that custom.,,
lesson_vi2_l100_d5,"Ai cũng vậy mà. Nhà mình mời một anh cựu học trò của ba, nói chuyện có duyên.",Everyone does. We invited a former student of my dad's — he has a charming way about him.,,
lesson_vi2_l100_d6,"Hay đó. Mình mới cài app nghe nhạc xuân, mở lên nghe khúc nhạc quen là thấy Tết liền.",Nice. I just installed a music app for spring songs — put on a familiar tune and it feels like Tet immediately.,,
lesson_vi2_l100_d7,"Ha, tiếng nhạc vang cả xóm luôn. Mà năm nay bạn nấu chay hay mặn?","Ha, the music echoes through the whole block. Are you cooking vegetarian or not this year?",,
lesson_vi2_l100_d8,"Mùng một nhà mình ăn thuần chay, mấy ngày sau mới ăn mặn.","On the first day we eat purely vegetarian, and only from the following days do we eat meat.",,
lesson_vi2_l100_d9,"Vậy nhẹ bụng. Nhớ giữ chén dĩa cẩn thận, mùng một mà bể là mấy bác không vui.",That is easier on the stomach. Handle the bowls and plates carefully — breaking one on the first day upsets the elders.,,
lesson_vi2_l100_d10,"Ừ, mình biết. Mình còn ghép mấy tấm hình cũ thành một cuốn album tặng ông bà.","Yes, I know. I also pieced some old photos together into an album as a gift for my grandparents.",,
lesson_vi2_l100_d11,"Ý nghĩa ghê. Ông bà nhận chắc cảm động, hương trầm tỏa khắp nhà nữa là đủ Tết. Tối mình qua phụ nhá.","So meaningful. Your grandparents will surely be moved — with incense drifting through the house it will feel completely like Tet. I will come help this evening, alright.",,
lesson_vi2_l101_d0,"Chú mình về hưu hai năm nay, giờ chăn nuôi gà vịt ở miếng đất ngoài rìa xã.",My uncle retired two years ago and now raises chickens and ducks on a plot at the edge of the commune.,,
lesson_vi2_l101_d1,Nghe thảnh thơi ghê. Chú xài đất nhà hay thuê thêm?,That sounds peaceful. Does he use the family land or rent more?,,
lesson_vi2_l101_d2,"Đất nhà thôi. Chú đo lại ranh giới, rào kỹ, rồi kê mấy tấm ván làm chuồng.","Just the family land. He measured the boundary again, fenced it properly, then propped up some planks to build the coop.",,
lesson_vi2_l101_d3,"Chú khéo tay. Ở quê vắng người mà yên, sáng ra nghe chim chóc kêu là thích.",He is handy. The countryside is empty of people but peaceful — waking to birdsong is lovely.,,
lesson_vi2_l101_d4,"Đúng. Sau nhà có tảng đá lớn, chú kê ghế ngồi uống trà mỗi chiều.",Right. There is a big slab of rock behind the house where he sets a chair and drinks tea every afternoon.,,
lesson_vi2_l101_d5,"Sướng thiệt. Mà chú có nuôi con gì lớn không, kiểu bò hay dê?","Truly comfortable. Does he keep any big animals, like cattle or goats?",,
lesson_vi2_l101_d6,"Chưa. Chú nói nuôi lớn thì cực, thôi làm nhỏ mà chắc. Bé nhà mình thì cứ đòi đi coi voi ở sở thú.","Not yet. He says big animals are hard work, so better small and steady. My kid, meanwhile, keeps asking to go see the elephants at the zoo.",,
lesson_vi2_l101_d7,"Ha ha, trẻ con mà. Chú có bán trứng không, mình đặt một ít.","Ha ha, kids. Does he sell eggs? I would like to order some.",,
lesson_vi2_l101_d8,"Có. Chú nhạy với giá lắm, biết lúc nào nên bán, lúc nào nên giữ.",He does. He has a sharp sense for prices — knows when to sell and when to hold.,,
lesson_vi2_l101_d9,Kinh nghiệm cả đời mà. Hồi trước chú làm bên xí nghiệp phải không?,"A lifetime of experience. He used to work at a factory, right?",,
lesson_vi2_l101_d10,"Đúng rồi, làm trong dàn kỹ thuật. Giờ tay chú vẫn cứng, sờ vô máy là biết hư chỗ nào.","That is right, on the technical crew. His hands are still sure — he touches a machine and knows where the fault is.",,
lesson_vi2_l101_d11,"Nể ghê. Sáng mai mình nạp tiền điện thoại rồi gọi đặt hàng, tiện thể hỏi thăm chú luôn.","Impressive. Tomorrow morning I will top up my phone and call to order, and ask after him while I am at it.",,
lesson_vi2_l102_d0,"Chiều qua mưa lớn, cả dãy nhà ngoài kia ngập tới nửa bánh xe.",Yesterday afternoon it poured — the whole row of houses out there flooded up to the middle of the wheels.,,
lesson_vi2_l102_d1,"Mình biết, mình về lúc xế chiều, chạy chậm mà nước vẫn tràn vô ống pô.","I know, I came back in the late afternoon — I rode slowly and water still got into the exhaust.",,
lesson_vi2_l102_d2,Xe có sao không? Sửa mấy chỗ đó đắt lắm.,Is the bike alright? Repairs like that are expensive.,,
lesson_vi2_l102_d3,"May là không. Về tới mình lật yên lên lau khô, hong quạt cả đêm.","Luckily not. When I got home I flipped up the seat, wiped it dry and ran a fan on it all night.",,
lesson_vi2_l102_d4,Khen bạn kỹ tính đó. Điện thoại có ướt không? Màn hình mờ là hỏng cảm ứng liền.,Credit to you for being thorough. Did your phone get wet? Once the screen goes blurry the touch layer is done for.,,
lesson_vi2_l102_d5,"Không, mình bỏ trong túi ni lông. Mà pin tụt nhanh, hiển thị còn hai chục phần trăm.","No, I kept it in a plastic bag. But the battery drains fast — it displays twenty percent left.",,
lesson_vi2_l102_d6,"Sạc đi. À, khu mình cống nhỏ quá, cấu trúc thoát nước cũ rồi, mưa là ngập.","Charge it. Oh, the drains in our area are too small — the drainage structure is old, so any rain floods it.",,
lesson_vi2_l102_d7,"Đúng. Người ta độn thêm đá lên mặt đường, mà nước vẫn không rút.",True. They padded the road surface with extra stone and the water still does not drain away.,,
lesson_vi2_l102_d8,"Mưa xong côn trùng nhiều nữa, tối muỗi bay đầy nhà.",And after the rain there are more insects — at night mosquitoes fill the house.,,
lesson_vi2_l102_d9,"Ừ, mùi nước cống hắc lắm. Dại gì lội ra ngoài lúc đó, ở nhà cho gọn.","Yeah, the drain smell is harsh. It would be foolish to wade out at that point — better to stay in and keep it simple.",,
lesson_vi2_l102_d10,"Chuẩn. Mai mình mua thêm cái bơm nhỏ, nghe nói chưa tới hai chục đô-la.",Right. Tomorrow I will buy a small pump — apparently they are under twenty dollars.,,
lesson_vi2_l103_d0,"Trưa nay rảnh không? Để mình đãi một bữa, lâu rồi không gặp.",Are you free at lunch? Let me treat you — it has been a long time.,,
lesson_vi2_l103_d1,"Rảnh. Mình làm nốt cái báo cáo là xong, chừng mười lăm phút.","I am. I just need to finish off this report, about fifteen minutes.",,
lesson_vi2_l103_d2,Không gấp. Mình gõ cửa phòng bạn lúc mười một rưỡi nha.,No rush. I will knock on your office door at half past eleven.,,
lesson_vi2_l103_d3,"Ừ, khỏi gõ, cứ vô. Mà đừng đãi lớn quá, ăn gì gọn thôi.","Sure, no need to knock, just come in. And do not go overboard treating me — something simple is fine.",,
lesson_vi2_l103_d4,"Yên tâm. Quán gần đây có món khoai lang chiên với gà nướng, mình khoái lắm.",Do not worry. The place nearby has fried sweet potato and grilled chicken — I really enjoy it.,,
lesson_vi2_l103_d5,Nghe ngon. Hôm nọ mình đi ngang thấy đông nghẹt.,Sounds good. The other day I passed by and it was packed.,,
lesson_vi2_l103_d6,Hoá ra ai cũng biết chỗ đó rồi. Mình đặt bàn trước cho chắc.,Turns out everyone already knows about it. I will book a table to be safe.,,
lesson_vi2_l103_d7,"Được. Mà bạn khỏi đãi đâu, để mình trả, tháng này mình vừa đoạt giải nhỏ ở công ty.","Alright. But you do not have to treat me — let me pay, I just won a small prize at work this month.",,
lesson_vi2_l103_d8,"Chúc mừng! Vậy chia đôi. Đừng chém gió nữa, giải gì kể nghe coi.",Congratulations! Then we split it. Stop talking big — tell me what the prize actually was.,,
lesson_vi2_l103_d9,"Ha ha, giải nhỏ thôi mà. Có khoản thưởng, trừ khấu trừ xong còn kha khá.","Ha ha, it really is small. There is a bonus — after deductions it is still decent.",,
lesson_vi2_l103_d10,"Mừng cho bạn. Chiều rảnh thì ghé nhà mình, mình mới mua nho với ít thuốc bên tiệm dược về.",Happy for you. If you are free this afternoon come by my place — I just bought grapes and some medicine from the pharmacy.,,
lesson_vi2_l103_d11,"Bạn bệnh hả? Nghỉ đi, đừng để ai quấy rầy, nằm nghe radio cho lỏng người.","Are you unwell? Rest then, do not let anyone disturb you — lie down and listen to the radio to loosen up.",,
lesson_vi2_l104_d0,"Chuyến đi cuối tuần chắc phải hoãn, bé bị viêm họng, nuốt là đau.",The weekend trip will have to be postponed — my kid has a sore throat and it hurts to swallow.,,
lesson_vi2_l104_d1,Tội ghê. Bé sốt không? Có run tay chân gì không?,Poor thing. Does she have a fever? Any shivering in her hands or feet?,,
lesson_vi2_l104_d2,"Sốt nhẹ thôi, một xíu à. Mình dỗ mãi bé mới chịu uống thuốc.","Only a slight fever, just a little. I had to coax her for ages before she would take the medicine.",,
lesson_vi2_l104_d3,"Trẻ con vậy đó. Mà coi chừng ngộ độc thức ăn nữa, hôm qua bé ăn gì lạ không?",Kids are like that. Watch out for food poisoning too — did she eat anything unusual yesterday?,,
lesson_vi2_l104_d4,"Không. Chắc do trời trở, mây kéo về là bé ho liền.",No. It is probably the weather turning — clouds roll in and she starts coughing right away.,,
lesson_vi2_l104_d5,"Ừ. Cho bé nghỉ ngơi, chơi trong nhà, mấy con cừu bông với cái lồng đèn cũ là bé quên bệnh.",Right. Let her rest and play indoors — her stuffed sheep and that old lantern will make her forget she is sick.,,
lesson_vi2_l104_d6,"Ha, đúng. Bé còn bày cả bầy thú bông ra sàn, đi lê chân qua là vấp.","Ha, true. She spreads a whole flock of stuffed animals on the floor — shuffle past and you trip over them.",,
lesson_vi2_l104_d7,Coi chừng té. Bạn dọn bớt lối đi cho an toàn.,Careful you do not fall. Clear a bit of the walkway to be safe.,,
lesson_vi2_l104_d8,"Ừ. Còn chuyến đi thì mình hỏi bên khách sạn, may ra chuộc lại được ít tiền cọc.","Yeah. As for the trip, I will ask the hotel — with luck I can recover part of the deposit.",,
lesson_vi2_l104_d9,"Chắc được. Đừng qua mấy ông cò vé, họ lấy phí cao mà không chắc ăn.",Probably. Do not go through the ticket brokers — they charge a lot and nothing is guaranteed.,,
lesson_vi2_l104_d10,"Ơ, mình cũng định vậy. Cảm ơn nha, may mà hỏi bạn.","Huh, I was about to do exactly that. Thanks — good thing I asked you.",,
lesson_vi2_l104_d11,"Có gì đâu. Nếu cần giấy tờ gì gửi lên toà nhà quản lý thì nói, mình biết chỗ nộp.","Not at all. If you need to send any paperwork up to the management building, say so — I know where to file it.",,
lesson_vi2_l105_d0,"Người ta đào dọc con đường mình đi làm, để cả dãy hố sâu, đi qua rung hết cả người.","They are digging along my route to work, leaving a row of deep pits — riding past shakes you to pieces.",,
lesson_vi2_l105_d1,"Trời. Nhớ cài đai an toàn nếu đi ô tô, còn xe máy thì chạy chậm.","Goodness. Buckle the seatbelt if you are in a car, and go slowly on a motorbike.",,
lesson_vi2_l105_d2,"Ừ. Mình đổi thói quen, dậy sớm hơn hai mươi phút để bù thời gian kẹt xe.",Yeah. I changed my routine and get up twenty minutes earlier to make up for the traffic.,,
lesson_vi2_l105_d3,"Khôn đó. Nhu cầu đi lại giờ cao quá, đường nào cũng đông.",Smart. The demand for travel is so high now that every road is packed.,,
lesson_vi2_l105_d4,"Đúng. Bên phường có trưng bày bản vẽ dự án, nói làm xong trong bốn tháng.",True. The ward office has the project plans on display — they say it will be finished in four months.,,
lesson_vi2_l105_d5,Tin được bao nhiêu thì tin. Ranh giới công trường họ cắm cọc rồi phải không?,Believe as much of that as you like. Have they staked out the work-site boundary yet?,,
lesson_vi2_l105_d6,"Rồi, có rào chắn. Mà mình thấy mực nước dưới hố lên cao sau mưa, hơi ghê.","Yes, there are barriers. But I noticed the water level in the pits rises after rain — a bit unnerving.",,
lesson_vi2_l105_d7,"Ừ, báo cho họ đi. Đà này mưa thêm vài hôm là sụt lở.","Yeah, report it. At this rate a few more days of rain and it will cave in.",,
lesson_vi2_l105_d8,"Mình nhắn tổ trưởng rồi. À, trưa nay mình mang cơm theo, có canh su su với lạp xưởng.","I already messaged the block leader. Oh, I brought lunch today — chayote soup and Chinese sausage.",,
lesson_vi2_l105_d9,Ngon đó. Mang theo vậy tiết kiệm được cả vạn mỗi ngày.,That sounds good. Bringing lunch saves you tens of thousands a day.,,
lesson_vi2_l105_d10,"Ừ. Mà nhớ mang xà phòng rửa tay, ngoài công trường bụi lắm, dễ viêm họng.",Yeah. And remember hand soap — it is dusty near the work site and easy to end up with a sore throat.,,
lesson_vi2_l105_d11,Chuẩn. Hằng ngày đi ngang đó mình đều bẻ khẩu trang mới ra đeo cho chắc.,Right. Every day I pass there I snap open a fresh mask and put it on to be safe.,,
lesson_vi2_l106_d0,"Anh Ba mở cái xưởng nhỏ sau nhà, nhận sửa đồ vặt cho cả xóm.","Ba opened a small workshop behind his house, taking on odd repair jobs for the whole block.",,
lesson_vi2_l106_d1,"Hay quá. Mình có cái ghế gãy chân, nhấc lên là lung lay.",That is great. I have a chair with a broken leg — lift it and it wobbles.,,
lesson_vi2_l106_d2,"Mang qua đi, ảnh làm nhanh lắm, chừng tiếng rưỡi là xong.","Take it over — he works fast, about an hour and a half and it is done.",,
lesson_vi2_l106_d3,Giá sao? Mình không muốn ảnh làm giùm không công hoài.,What does he charge? I do not want him doing it for me for free all the time.,,
lesson_vi2_l106_d4,"Ảnh lấy rẻ. Dịp này ảnh còn có khuyến mại, sửa hai món tính tiền một.",He charges little. Right now he even has a promotion — two items repaired for the price of one.,,
lesson_vi2_l106_d5,"Ối, vậy mình mang luôn cái bàn bị mực dây, tẩy hoài không sạch.","Oh, then I will bring the table with the ink stain too — I keep trying to bleach it out and it will not come clean.",,
lesson_vi2_l106_d6,Ảnh có thuốc tẩy chuyên dụng. Mà nhớ đừng trộn hai loại hoá chất với nhau nha.,He has a proper solvent for that. But remember never to mix two chemicals together.,,
lesson_vi2_l106_d7,Biết rồi. Trước mình đọc bài báo có trích lời một kỹ sư nói về vụ đó.,I know. I once read an article quoting an engineer on exactly that.,,
lesson_vi2_l106_d8,"Ừ. À, chiều ảnh nghỉ sớm, đi châm cứu chỗ bác sĩ đông y, lưng ảnh đau lâu rồi.","Right. Oh, he finishes early this afternoon — he is going for acupuncture at the traditional medicine clinic, his back has hurt for a long time.",,
lesson_vi2_l106_d9,"Mong ảnh đỡ. Ảnh làm nặng cả đời mà, tiềm lực sức khỏe cũng có hạn.",I hope it helps. He has done heavy work his whole life — even a strong constitution has limits.,,
lesson_vi2_l106_d10,"Đúng. Cuối tuần nhà ảnh làm vịt nấu chao, rủ mình với bạn qua ăn.",True. This weekend his family is making duck in fermented bean curd — he invited you and me over to eat.,,
lesson_vi2_l106_d11,"Đi chứ. Mấy đứa nhỏ chắc lại đòi cưỡi con ngựa gỗ ngoài sân, tát nước um sùm.",Of course. The kids will want to ride that wooden horse in the yard again and splash water everywhere.,,
lesson_vi2_l107_d0,"Mai mình ra sân bay tiễn bạn Hương, bạn ấy đi dạy ở trường bên kia một năm.",Tomorrow I am going to the airport to see Huong off — she is going to teach at a school over there for a year.,,
lesson_vi2_l107_d1,Đi giảng dạy hả? Giỏi ghê. Mấy giờ bay?,She is going to teach? Impressive. What time is the flight?,,
lesson_vi2_l107_d2,"Chín giờ sáng. Mà lo lắm, chuyến hôm qua bị huỷ, hôm nay lại cúp điện ở nhà ga.",Nine in the morning. But I am worried — yesterday's flight was canceled and today there was a power cut at the terminal.,,
lesson_vi2_l107_d3,"Trời. Đi sớm đi, đỗ xe ngoài bãi rồi đi bộ vô cho chắc.",Goodness. Go early — park in the outer lot and walk in to be safe.,,
lesson_vi2_l107_d4,Ừ. Mình đổi sẵn ít tiền lẻ để trả phí giữ xe.,Yeah. I changed some small notes in advance for the parking fee.,,
lesson_vi2_l107_d5,Chu đáo. Bạn Hương chuẩn bị xong chưa? Đồ đạc nhiều không?,Thoughtful. Is Huong all packed? Does she have a lot of luggage?,,
lesson_vi2_l107_d6,"Hai vali. Bạn ấy còn lắp thêm cái khoá nhỏ, gài kỹ mấy ngăn ngoài.",Two suitcases. She even fitted an extra small lock and fastened the outer compartments carefully.,,
lesson_vi2_l107_d7,"Nên vậy. Nhớ dặn đừng mang mắm muối gì qua, hải quan giữ lại là mệt.",She should. Remind her not to bring fish sauce or salt over — customs holding it up is a hassle.,,
lesson_vi2_l107_d8,"Mình dặn rồi. Bạn ấy trân trọng chuyến này lắm, thi mấy lần mới đậu, hai lần đầu rớt.","I already told her. She treasures this trip — she took the exam several times before passing, failing the first two.",,
lesson_vi2_l107_d9,Kiên trì thật. Muôn vàn khó khăn mà không bỏ cuộc.,Real persistence. Countless obstacles and she never gave up.,,
lesson_vi2_l107_d10,"Ừ. Mà bạn ấy mới xăm một hình nhỏ ở cổ tay, kiểu kỷ niệm ngày đi.","Yeah. And she just got a small tattoo on her wrist, as a memento of the departure date.",,
lesson_vi2_l107_d11,"Dễ thương. Nhớ chụp hình nha. Mà xe bạn dạo này còn kêu lạch cạch không, hay bị tông hôm trước?","Sweet. Take photos. By the way, is your bike still rattling, or is that from the collision the other day?",,
lesson_vi2_l107_d12,"Sửa rồi. Thợ phun sơn lại chỗ trầy, còn non màu chút nhưng ổn.",It is fixed. The mechanic sprayed paint over the scratch — the color is slightly off but it is fine.,,
lesson_vi2_l108_d0,"Bốn giờ sáng mình dậy trộn bột, sáu giờ là chiên xong mẻ đầu.","I get up at four to mix the batter, and by six the first batch is fried.",,
lesson_vi2_l108_d1,"Vất vả ghê. Đứng bếp nóng cả buổi, đội cái nón cho đỡ nắng chưa?",That is hard work. Standing at a hot stove all morning — do you wear a hat to keep the sun off?,,
lesson_vi2_l108_d2,"Có. Mà khách đứng nhìn chằm chằm chờ bánh, mình càng làm càng gấp.","I do. But customers stand there staring while they wait, and the more they watch the more I rush.",,
lesson_vi2_l108_d3,"Ha ha. Bánh bạn thơm lắm, mùi bay ra tới đầu hẻm.",Ha ha. Your cakes smell wonderful — the scent carries to the top of the alley.,,
lesson_vi2_l108_d4,"Cảm ơn. Mình tiết kiệm dầu bằng cách chiên từng mẻ nhỏ, đỡ tốn mà bánh giòn hơn.",Thanks. I save oil by frying in small batches — it costs less and the cakes come out crispier.,,
lesson_vi2_l108_d5,Khôn. Còn bã dầu cũ bạn bỏ đâu?,Smart. Where do you put the old oil residue?,,
lesson_vi2_l108_d6,"Gom vô lọ rồi đưa người ta thu gom, không đổ xuống cống.",I collect it in a jar and give it to the people who pick it up — never down the drain.,,
lesson_vi2_l108_d7,"Đúng bài. À, tay bạn còn vết sẹo hôm bị dầu văng không?","Exactly right. Oh, do you still have the scar on your hand from when the oil splashed?",,
lesson_vi2_l108_d8,"Còn mờ mờ, với chỗ đó hơi thâm. Mà mình có tật hay quên đeo găng, sửa hoài không được.","A faint one, and the skin there is a bit darkened. I have this bad habit of forgetting gloves — I keep trying to fix it and cannot.",,
lesson_vi2_l108_d9,Từ từ. Mà mấy hôm nay tình hình bán buôn gay go không?,"Take your time. By the way, has business been tense the last few days?",,
lesson_vi2_l108_d10,"Cũng ổn. Tần suất khách quen tăng, người ta ăn xong hay xin thêm cây tăm.","It is alright. Regulars come more frequently now, and after eating they usually ask for a toothpick.",,
lesson_vi2_l108_d11,"Ha, nhớ để sẵn ly nước súc miệng nữa. Bánh đẳng cấp vậy mà bán rẻ, khách hở ra là mua cả chục.","Ha, keep a cup of rinse water out too. Cakes this good sold this cheap — the moment customers get a chance they buy ten at a time.",,
lesson_vi2_l109_d0,"Dựng lều xong rồi, mình trải bạt trước cho khỏi ẩm.",The tent is up — I laid a tarp down first so it does not get damp.,,
lesson_vi2_l109_d1,"Chu đáo. Ngồi lâu tê cả chân, mình đi tản bộ một vòng cho giãn.",Thoughtful. My legs have gone numb from sitting — I will take a stroll around to stretch out.,,
lesson_vi2_l109_d2,"Đi đi. Nhớ đậy nắp thùng đồ ăn lại, không thì kiến bu.",Go ahead. Remember to put the lid back on the food box or the ants will swarm it.,,
lesson_vi2_l109_d3,"Rồi. Tối nay mình nướng bánh pizza trên bếp than, thử coi có ra gì không.",Done. Tonight I am grilling a pizza over the charcoal — let us see if it turns out at all.,,
lesson_vi2_l109_d4,"Ha ha, nghe tào lao mà chắc ngon. Cứ thử, rủi hư thì mình còn mì gói.","Ha ha, it sounds ridiculous but it will probably be good. Give it a go — if it flops we still have instant noodles.",,
lesson_vi2_l109_d5,"Chuẩn. Mà con dao này rỉ rồi, lột vỏ trái cây hơi khó.",Right. This knife has rusted though — peeling fruit with it is a bit hard.,,
lesson_vi2_l109_d6,"Để mình lấy con khác. Bên hãng bán bộ dao dã ngoại rẻ lắm, mai mình mua.",Let me get another one. That brand sells cheap camping knife sets — I will buy one tomorrow.,,
lesson_vi2_l109_d7,"Ừ. Đêm nay lạnh, hai đứa mình luân phiên canh lửa nha.","Sure. It is cold tonight, so let us take turns watching the fire.",,
lesson_vi2_l109_d8,"Được. Nói nhỏ thôi, nói thầm cũng được, mấy lều bên cạnh ngủ rồi.","Alright. Keep your voice down, whisper even — the tents next to us are already asleep.",,
lesson_vi2_l109_d9,"Ừ, mình nhã nhặn mà. Mà chú bên kia hồi chiều mời mình điếu thuốc, mình từ chối khéo.","Yes, I am polite about it. Oh, the man over there offered me a cigarette this afternoon and I declined tactfully.",,
lesson_vi2_l109_d10,"Tốt. Từ chối vậy là hay, đâu có gì phải ngại, xá gì một điếu thuốc.","Good. Declining like that is fine — nothing to feel awkward about, a cigarette is hardly a big deal.",,
lesson_vi2_l109_d11,"Ừ. Chú đó vui tính, không kiêu căng gì hết, kể chuyện đi rừng nghe mê luôn.","Yeah. He is good-humored, not arrogant at all — his forest stories are captivating.",,
lesson_vi2_l110_d0,"Tối mai đám cưới chị Hai, nhóm mình múa một bài, tập từ tuần trước rồi.","Tomorrow evening is my sister's wedding — our group is performing a dance, we have rehearsed since last week.",,
lesson_vi2_l110_d1,"Vui ghê. Có nhạc kèn với trống không, hay mở loa thôi?","How fun. Is there a horn and drum band, or just speakers?",,
lesson_vi2_l110_d2,"Có ban nhạc nhỏ. Mà chiều nay sét đánh ầm ầm, mưa dâng nước tới đáy sân khấu luôn.",There is a small band. But this afternoon thunder crashed and the rain rose to the base of the stage.,,
lesson_vi2_l110_d3,Trời. Có dập được nước không hay phải dời chỗ?,"Goodness. Could you get the water under control, or do you have to move the venue?",,
lesson_vi2_l110_d4,"Tụi mình tát bớt rồi, giờ dịu lại rồi. Chắc mai nắng.",We bailed some out and it has eased off now. Tomorrow will probably be sunny.,,
lesson_vi2_l110_d5,Mong vậy. Đồ diễn cất kỹ chưa? Ẩm là hư liền.,I hope so. Are the costumes stored properly? Damp ruins them immediately.,,
lesson_vi2_l110_d6,"Cất trong buồng trong, có mấy lọ hút ẩm. Tiền mừng thì để trong két của ba mình.",They are in the inner room with some dehumidifier jars. The gift money goes in my dad's safe.,,
lesson_vi2_l110_d7,Cẩn thận vậy là quí. Mà nhóm bạn thoả thuận chia phần quà thế nào?,That care is worth a lot. How did your group agree to split the gift?,,
lesson_vi2_l110_d8,"Chia đều. Không ai tị nạnh gì, ai cũng vui vì được góp một tay.",Evenly. Nobody is resentful — everyone is glad just to pitch in.,,
lesson_vi2_l110_d9,"Hay đó. Mà đừng để mấy đứa nhỏ chuồn ra sân lúc mưa, trơn lắm.",Nice. And do not let the kids slip out into the yard while it rains — it is very slippery.,,
lesson_vi2_l110_d10,"Ừ, mình canh rồi. Hôm qua một bé té, may không đè lên đứa kia.","Yeah, I am watching them. Yesterday one fell — luckily she did not land on the other one.",,
lesson_vi2_l110_d11,"Gớm. Mà mùa này bệnh lây nhanh, đứa nào ho thì cho ở nhà nghỉ.","Yikes. And illness spreads fast this season — if any of them is coughing, keep them home to rest.",,
lesson_vi2_l111_d0,"Chiều nay mấy đứa nhỏ đá banh ngoài sân, chia hai đội, ồn cả xóm.","This afternoon the kids are playing football in the yard, split into two teams, noisy enough for the whole block.",,
lesson_vi2_l111_d1,Vui mà. Thằng nhỏ nhà mình lùn nhất đội mà chuyền bóng hay nhất.,It is fun. My little one is the shortest on the team but the best passer.,,
lesson_vi2_l111_d2,"Ha, đúng. Nó chạy nhanh như chớp, quay đầu một cái là mất dạng.","Ha, true. He runs quick as lightning — turn your head once and he is gone.",,
lesson_vi2_l111_d3,"Mà sân dơ, mưa hôm qua còn đọng bùn, về nhà giặt đồ mệt.","The yard is dirty though — mud is still pooled from yesterday's rain, and washing their clothes at home is a chore.",,
lesson_vi2_l111_d4,"Ừ. Mình bấm điện thoại hẹn giờ, sáu giờ là gọi tụi nó vô tắm.",Yeah. I set a timer on my phone — at six I call them in to wash up.,,
lesson_vi2_l111_d5,"Khôn. À, cây me bạn trồng năm ngoái lớn nhanh ghê, mấy đứa hay trèo lên hái.","Smart. Oh, that tamarind tree you planted last year has grown so fast — the kids keep climbing up to pick from it.",,
lesson_vi2_l111_d6,"Trái còn chua lắm, ngậm một miếng là nhăn mặt.",The fruit is still very sour — hold a piece in your mouth and your face scrunches up.,,
lesson_vi2_l111_d7,"Ha ha. Mà tụi nhỏ đâu có sợ, ăn chua riết quen hàm luôn.",Ha ha. The kids do not mind — eating sour things so often their jaws have gotten used to it.,,
lesson_vi2_l111_d8,"Đúng. Trường có khảo sát về vận động ngoài trời, ba mẹ ai cũng ủng hộ.",True. The school ran a survey about outdoor activity and every parent supported it.,,
lesson_vi2_l111_d9,"Tốt. Chơi ngoài sân hơn ngồi máy nhiều. Mà đừng bày trò lố, kiểu vừa chạy vừa quay phim là dễ té.",Good. Playing in the yard beats sitting at a screen. Just no over-the-top stunts — filming while running is how they fall.,,
lesson_vi2_l111_d10,"Mình nhắc rồi. Bà ngoại còn đeo cho mỗi đứa một cái bùa nhỏ, nói cho thiêng, đá bóng khỏi té.","I already told them. Grandma even put a little amulet on each of them, saying it is blessed and will keep them from falling.",,
lesson_vi2_l111_d11,"Ha ha, dễ thương ghê. Trận này nhằm ngày rằm, chắc bà tin là ngày lành.","Ha ha, so sweet. This match falls on the full moon — she probably believes it is an auspicious day.",,
lesson_vi2_l112_d0,"Chuỗi cà-phê đó mới mở chi nhánh ngoài đường lớn, tui ghé thử sáng nay.",That coffee chain just opened a branch out on the main road — I stopped in this morning to try it.,,
lesson_vi2_l112_d1,"Ngon không? Mấy chuỗi lớn giờ phổ biến quá, đâu đâu cũng thấy.","Any good? The big chains are so common now, you see them everywhere.",,
lesson_vi2_l112_d2,"Nếm thì ổn, cà phê đậm, hậu vị hơi trầm. Mà giá cao hơn quán quen mình.","The taste is fine — strong, with a slightly deep finish. But it costs more than my usual place.",,
lesson_vi2_l112_d3,"Thường mà. Bàn ghế khung thép, nhìn hiện đại, mình đoán vậy.","That is typical. Steel-framed tables and chairs, a modern look — I would guess.",,
lesson_vi2_l112_d4,"Đúng luôn. Ngồi đó cả buổi thì còng lưng, ghế cứng quá.",Exactly right. Sit there all morning and your back hunches over — the chairs are too hard.,,
lesson_vi2_l112_d5,"Ha ha. Chỗ đậu xe sao, có làn riêng không?",Ha ha. What about parking — is there a separate lane?,,
lesson_vi2_l112_d6,"Có, nhưng hẹp. Bảo vệ suỵt mấy người nói lớn ngoài cửa, cũng hơi kỳ.","There is, but it is narrow. The guard shushed some people talking loudly outside, which felt a bit odd.",,
lesson_vi2_l112_d7,"Ừ nhở. Quán mình quen thì thoải mái hơn, chủ quán vui tính.","True, now that you mention it. Our usual place is more relaxed, and the owner is cheerful.",,
lesson_vi2_l112_d8,"Đúng. Cái cốt lõi vẫn là con người, chứ trang trí đẹp cũng chỉ khỏa lấp được một phần.",Right. The core of it is still the people — nice decor only papers over so much.,,
lesson_vi2_l112_d9,Chuẩn. Không sánh được với chỗ mình ngồi mấy năm nay đâu.,Exactly. It cannot compare with the place we have been sitting at for years.,,
lesson_vi2_l112_d10,"Ngẫu nhiên là hôm nay quán quen bán thêm sữa dê với đồ thuỷ sản khô, lạ ghê.","As it happens, today our usual place is also selling goat milk and dried seafood — how odd.",,
lesson_vi2_l112_d11,"Ha ha, chắc chủ đi vịnh Hạ Long về, mang đặc sản lên bán.","Ha ha, the owner probably came back from Ha Long Bay and brought local specialties to sell.",,
lesson_vi2_l113_d0,"Cuối tuần rồi tụi mình về làng chài, ở nhà một bác ngư dân quen.",Last weekend we went down to a fishing village and stayed with a fisherman we know.,,
lesson_vi2_l113_d1,Quãng đường xa không? Đi hết bao lâu?,Is it a long stretch of road? How long does it take?,,
lesson_vi2_l113_d2,"Chừng ba tiếng, qua một thung lũng nhỏ rồi mới ra biển.","About three hours, through a small valley and then out to the sea.",,
lesson_vi2_l113_d3,Nghe phiêu lưu ghê. Bác ấy có cho đi thuyền không?,That sounds like an adventure. Did he take you out on the boat?,,
lesson_vi2_l113_d4,"Có. Sáng bốn giờ đi, bác chĩa đèn xuống nước tìm luồng cá.",Yes. We left at four in the morning and he pointed a lamp down at the water to find the fish.,,
lesson_vi2_l113_d5,Hay quá. Rồi có bắt được nhiều không?,How great. Did you catch much?,,
lesson_vi2_l113_d6,"Được hai bịch lớn. Về tới bờ ai cũng vỗ tay, vui như hội.",Two big bags. When we got back to shore everyone clapped — festive as a fair.,,
lesson_vi2_l113_d7,"Sướng thiệt. Chỗ ở thì sao, có sảnh chung hay phòng riêng?",How satisfying. What was the accommodation like — a shared hall or private rooms?,,
lesson_vi2_l113_d8,"Nhà bác rộng, có cái sảnh trước để bàn ăn chung. Sau nhà có chuồng gà với giàn phơi vải.","His house is spacious, with a front hall where the shared table is. Behind it there is a chicken coop and a rack for drying fabric.",,
lesson_vi2_l113_d9,Bình dị mà ấm. Bạn có sưu tầm được gì mang về không?,Simple but warm. Did you collect anything to bring home?,,
lesson_vi2_l113_d10,"Mình mua ít vỏ ốc, với một tấm vải nhuộm tay. Về nhà ủi phẳng rồi treo lên.",I bought some shells and a hand-dyed piece of fabric. At home I ironed it flat and hung it up.,,
lesson_vi2_l113_d11,"Đẹp đó. Mà mình nhắn bạn mấy lần bạn lờ luôn, tưởng bạn giận.",That is lovely. But I messaged you a few times and you ignored me — I thought you were upset.,,
lesson_vi2_l113_d12,"Xin lỗi nha, ngoài đó sóng yếu. Mình gửi hình rồi, có đính kèm cả video, bạn coi chưa?","Sorry about that, the signal was weak out there. I sent the photos, with a video attached too — have you looked?",,
lesson_vi2_l114_d0,"Đợt này siêu thị giảm giá, mình mua một mớ củ hành với hai trái bơ.",The supermarket has a sale on this round — I bought a bundle of onions and two avocados.,,
lesson_vi2_l114_d1,"Quầy rau bên đó tươi thật. Mà đừng ham rẻ mua nhiều quá, để lâu hư.",The produce counter there really is fresh. But do not get carried away by low prices and buy too much — it spoils.,,
lesson_vi2_l114_d2,"Ừ, mình mua vừa đủ. Còn cái máy lọc nước, bạn nghĩ sao?","Yeah, I bought just enough. And about the water filter — what do you think?",,
lesson_vi2_l114_d3,"Nên mua. Nước máy khu mình cần khử trùng thêm, uống sống không yên tâm.",You should get one. The tap water in our area needs extra disinfecting — I would not drink it unfiltered.,,
lesson_vi2_l114_d4,"Mình coi hai loại. Loại nhỏ giá mềm, loại lớn có thêm bước lọc thứ nhị.",I looked at two kinds. The small one is cheap; the big one has a second filtering stage.,,
lesson_vi2_l114_d5,Lấy loại lớn nếu nhà đông người. Đừng nghe mấy lời quảng cáo láo là được.,Get the big one if there are a lot of you at home. Just do not fall for the false advertising claims.,,
lesson_vi2_l114_d6,"Ha, mình cũng nghi. Có cớ gì mà rẻ hơn thị trường tới một nửa.","Ha, I was suspicious too. There is no good reason for it to be half the market price.",,
lesson_vi2_l114_d7,"Đúng. Mà nhớ lấp mấy khe hở dưới bồn, không thì gián chui lên.",Right. And remember to fill the gaps under the sink or roaches crawl up.,,
lesson_vi2_l114_d8,"Mình làm rồi. À, mình mua cho bé cái kẹp tóc hình búp bê, bé thích lắm.","Already done. Oh, I bought my kid a doll-shaped hair clip — she loves it.",,
lesson_vi2_l114_d9,Dễ thương. Nhà mình thì mua cây liễu nhỏ về trồng trước sân.,Sweet. We bought a small willow to plant in the front yard.,,
lesson_vi2_l114_d10,"Đẹp đó. Mà lá cây rụng nhiều, một thiểu số hàng xóm hay phàn nàn.","That is lovely. Though they shed a lot of leaves, and a small number of neighbors tend to complain.",,
lesson_vi2_l114_d11,"Mình quét mỗi sáng nên chưa ai nói gì. Hàng xóm mình dễ thương, không ai căm ghét chuyện nhỏ vậy đâu.",I sweep every morning so nobody has said anything. Our neighbors are lovely — nobody holds a grudge over something that small.,,
lesson_vi2_l115_d0,"Tiệc hôm qua đông ghê, chú rể đứng chào khách từ đầu tới cuối.",Yesterday's reception was packed — the groom stood greeting guests from beginning to end.,,
lesson_vi2_l115_d1,Mệt thật. Nghe nói có người ngất giữa buổi hả?,Exhausting. I heard someone fainted partway through?,,
lesson_vi2_l115_d2,"Ừ, một cô lớn tuổi, chắc do nóng. Mọi người nhường chỗ ngồi gần quạt cho cô.","Yes, an older lady, probably from the heat. Everyone gave up the seats near the fan for her.",,
lesson_vi2_l115_d3,May mà ổn. Nhà hàng có ai dội nước hay lấy khăn lạnh giúp không?,Lucky she was alright. Did anyone from the restaurant pour water or bring a cold towel?,,
lesson_vi2_l115_d4,"Có, nhân viên nhanh lắm. Nhưng mấy bàn ngoài sân thì phục vụ hơi cẩu thả.","Yes, the staff were quick. But service at the outdoor tables was a bit sloppy.",,
lesson_vi2_l115_d5,Vậy chắc nhiều người phàn nàn. Nhà hàng có khẳng định sẽ rút kinh nghiệm không?,Then plenty of people must have complained. Did the restaurant affirm they would learn from it?,,
lesson_vi2_l115_d6,"Quản lý xin lỗi, hứa khôi phục lại chất lượng. Cũng đành hãm bớt bực mình thôi.",The manager apologized and promised to restore the standard. We just had to rein in the annoyance.,,
lesson_vi2_l115_d7,"Ừ, ngày vui mà. Mấy đứa nhỏ nghịch quá không?","Yeah, it was a happy day after all. Were the kids too mischievous?",,
lesson_vi2_l115_d8,"Tụi nó lượn khắp sảnh, mà ngoan. Có bé mang cả rổ vú sữa đi mời khách.","They cruised all over the hall, but they were good. One kid carried a basket of star apples around offering them to guests.",,
lesson_vi2_l115_d9,Dễ thương ghê. Còn phần khán giả xem văn nghệ có đông không?,So sweet. And was the audience for the performance large?,,
lesson_vi2_l115_d10,Đông. Xong tiệc mình còn ở lại điền giúp cô dâu mấy tờ khai với nhà hàng.,Big. After the party I stayed to help the bride fill in some forms with the restaurant.,,
lesson_vi2_l115_d11,"Chu đáo. À, tuần sau mình đi sắm đồ, rủ bạn đi chung nha. Mà nhớ khoá tài khoản kỹ, dạo này tin tặc nhiều.","Thoughtful. Oh, next week I am going shopping — come along. And keep your accounts locked down, there are a lot of hackers around lately.",,
lesson_vi2_l116_d0,"Sáng nay mình đi nhổ cái răng khôn, bác sĩ kê một toa thuốc uống ba ngày.",This morning I had a wisdom tooth out — the dentist wrote a prescription for three days.,,
lesson_vi2_l116_d1,"Đau không? Nghe mà bàng hoàng, mình sợ nha sĩ lắm.",Did it hurt? Just hearing it stuns me — I am terrified of dentists.,,
lesson_vi2_l116_d2,"Có thuốc tê nên không đau mấy, chỉ rịn vài giọt máu thôi.","There was anesthetic so it barely hurt, just a few drops of blood.",,
lesson_vi2_l116_d3,"May quá. Nhớ đừng súc miệng mạnh, để cục máu đông yên.",That is a relief. Remember not to rinse hard — let the clot settle.,,
lesson_vi2_l116_d4,"Ừ, bác sĩ dặn kỹ rồi. Chiều mình ngồi quán cafe, uống nước lạnh cho dịu.","Yes, the dentist gave clear instructions. This afternoon I sat at a café with a cold drink to soothe it.",,
lesson_vi2_l116_d5,"Tối nay đi rạp không? Có phim mới, mình đọc thấy khen dữ lắm.",Want to go to the cinema tonight? There is a new film — I read glowing things about it.,,
lesson_vi2_l116_d6,"Đi chứ. Mà mình xách theo áo khoác nâu, rạp lạnh lắm.",Of course. But I will carry my brown jacket along — the cinema is freezing.,,
lesson_vi2_l116_d7,"Chuẩn. Mà đừng rủ ông Tư nha, hôm trước ổng xỉn, nói to trong rạp.",Good idea. But do not invite Tu — the other day he was drunk and talked loudly in the theater.,,
lesson_vi2_l116_d8,"Ha ha, thôi để lần khác. Mà bé nhà bạn đi cùng được không, nửa phim là bé đòi đi tè.","Ha ha, another time then. Can your kid come along, or will she need the toilet halfway through the film?",,
lesson_vi2_l116_d9,"Bé lớn rồi, biết nhịn. Hồi nhỏ thì đúng là cứ mười lăm phút là đòi đi đái.","She is older now and can hold it. When she was little, though, it really was every fifteen minutes needing to pee.",,
lesson_vi2_l116_d10,"Ha. Vé mình đặt kèm hai phần bắp rang, đỡ phải xếp hàng.","Ha. I booked the tickets with two servings of popcorn included, so we skip the queue.",,
lesson_vi2_l116_d11,"Hãnh diện ghê, bạn tính trước hết. Mà đố bạn biết phim này ai đóng chính?","I am proud of you, planning it all out. Now, bet you cannot guess who stars in this film.",,
lesson_vi2_l116_d12,"Chịu. Nói đi, đừng bắt mình moi trí nhớ, hôm nay lận đận đủ rồi.","No idea. Just tell me — do not make me dig through my memory, today has been trying enough.",,
lesson_vi2_l117_d0,"Chủ nhật rỗi, mình cho hai đứa nhỏ vô bếp phụ, luộc ngô với nấu ốc.",Sunday was free so I let the two kids help in the kitchen — boiling corn and cooking snails.,,
lesson_vi2_l117_d1,Can đảm ghê. Tụi nó quậy tung bếp luôn hả?,Brave of you. Did they turn the kitchen upside down?,,
lesson_vi2_l117_d2,"Gần vậy. Đứa nhỏ quăng cái muỗng xuống sàn, đứa lớn làm rách bịch bột.",Nearly. The little one threw a spoon on the floor and the older one tore open the flour bag.,,
lesson_vi2_l117_d3,"Ha ha. Mà cho tụi nó làm vậy là hay, trẻ con có khiếu nấu ăn sớm lắm.",Ha ha. But letting them do it is good — kids show a knack for cooking early.,,
lesson_vi2_l117_d4,"Ừ. Đứa lớn còn biết đong bằng thước đo trên bát, hoà nước với bột đúng tỉ lệ.",Yeah. The older one even measures with the markings on the bowl and mixes water and flour in the right ratio.,,
lesson_vi2_l117_d5,Giỏi đó. Nhìn mặt tụi nó ngây thơ mà tay chân nhanh ghê.,Impressive. Their faces look so innocent but their hands are quick.,,
lesson_vi2_l117_d6,Đúng. Xong mình vuốt tóc khen một câu là tụi nó cười trọn buổi.,"True. Afterward I smoothed their hair and gave one word of praise, and they beamed the whole afternoon.",,
lesson_vi2_l117_d7,Dễ thương. Nồi ốc có ngon không?,So sweet. Were the snails any good?,,
lesson_vi2_l117_d8,"Ngon, nước chấm vừa miệng. Bữa ăn trọn vẹn, không thiếu món nào.","Delicious, the dipping sauce was just right. A complete meal, nothing missing.",,
lesson_vi2_l117_d9,"Tuyệt. À, chiều mai bé đi khám định kỳ hả? Bác sĩ chẩn đoán sao rồi?","Wonderful. Oh, is your kid at the routine check-up tomorrow afternoon? What was the doctor's diagnosis?",,
lesson_vi2_l117_d10,"Bác nói bình thường, chỉ dặn ăn uống điều độ. Nghe xong mình nhẹ cả người, ngủ êm luôn.","She said everything is normal, just eat in moderation. Hearing that I was so relieved I slept soundly.",,
lesson_vi2_l117_d11,"Mừng ghê. Cuối tuần sau tụi nhỏ chơi trò ngụy trang trong vườn, khơi lại cái trò hồi mình còn nhỏ.",How reassuring. Next weekend the kids are playing camouflage games in the garden — reviving the one we played as children.,,
lesson_vi2_l118_d0,"Làng mình sắp có hội đua thuyền, đội mình rèn luyện cả tháng nay rồi.",Our village has a boat race coming up — our team has been training for a whole month.,,
lesson_vi2_l118_d1,Hay quá. Năm ngoái đội mình về nhì đúng không?,"How great. Your team came second last year, right?",,
lesson_vi2_l118_d2,"Ừ, sát nút lắm. Năm nay chèo đều hơn, hy vọng khá hơn.","Yes, by a hair. This year we row more in sync, so hopefully we do better.",,
lesson_vi2_l118_d3,Chúc may mắn. Mà thuyền có cần bơm hay sửa gì trước không?,Good luck. Does the boat need pumping out or any repairs beforehand?,,
lesson_vi2_l118_d4,"Có, mình bơm nước ra rồi trám lại một phiến ván bị mục.","Yes, I pumped the water out and patched a rotted plank.",,
lesson_vi2_l118_d5,Kỹ ghê. Mấy đứa con nít trong xóm có tham gia không?,Thorough. Are the neighborhood kids taking part?,,
lesson_vi2_l118_d6,"Có đội nhí riêng. Tụi nó xưng hô với nhau như người lớn, nghe mắc cười.",There is a separate kids' team. They address each other like grown-ups — it is hilarious.,,
lesson_vi2_l118_d7,Ha ha. Mà nhắc tụi nó đừng nói bậy giữa đám đông nha.,Ha ha. But remind them not to swear in front of a crowd.,,
lesson_vi2_l118_d8,"Mình dặn rồi. Xong hội thì cả làng ăn cỗ, năm nay nghe nói làm nấm với gà.",Already told them. After the festival the whole village eats together — this year apparently mushrooms and chicken.,,
lesson_vi2_l118_d9,"Ngon. Năm ngoái canh hơi nhạt, chắc năm nay nêm đậm hơn.",Delicious. Last year the soup was a bit bland; this year they will probably season it more.,,
lesson_vi2_l118_d10,"Ha, chắc vậy. Ban tổ chức năm nay sòng phẳng lắm, giải thưởng công bố rõ ràng từ đầu.","Ha, probably. This year's organizers are scrupulously fair — the prizes were announced clearly from the start.",,
lesson_vi2_l118_d11,"Tốt. Làng mình dạo này thịnh vượng hơn, ai cũng có duyên góp một tay.","Good. Our village is doing better these days, and everyone seems glad to pitch in.",,
lesson_vi2_l118_d12,"Đúng. Mà ruộng bên kia đang vào vụ cấy, mấy bác bận nên lánh mặt mấy buổi họp.","True. Though the fields across the way are in transplanting season, so some of the older folks have been skipping the meetings.",,
lesson_vi2_l119_d0,"Mình mới vô câu lạc bộ sáo trúc, tuần tập hai buổi, vui lắm.","I just joined a bamboo flute club — two practice sessions a week, and it is a lot of fun.",,
lesson_vi2_l119_d1,Hợp với bạn đó. Bạn có đam mê nhạc dân tộc từ lâu rồi mà.,That suits you. You have had a passion for folk music for ages.,,
lesson_vi2_l119_d2,"Ừ. Thầy dạy khéo, chỉ từng hơi thở, không nói suông.","Yeah. The teacher instructs skillfully, guiding each breath rather than talking in the abstract.",,
lesson_vi2_l119_d3,Chỗ tập ở đâu? Nghe nói nhà văn hoá cũ sắp sập tới nơi.,Where do you practice? I hear the old community hall is on the verge of collapsing.,,
lesson_vi2_l119_d4,"Đúng đó, mái mòn hết, mưa là dột. Tụi mình phải nấp vô góc khô mà tập.","That is right, the roof is worn through and it leaks when it rains. We huddle in a dry corner to practice.",,
lesson_vi2_l119_d5,Trời. Có ai xin sửa chưa? Phàn nàn hoài mà không thấy động tĩnh gì.,Goodness. Has anyone asked for repairs? People complain constantly and nothing moves.,,
lesson_vi2_l119_d6,"Có đơn rồi. Mà khung sắt han gỉ hết, sửa chắc tốn.","A request has been filed. But the steel frame has rusted through, so repairs will cost a lot.",,
lesson_vi2_l119_d7,"Ừ. À, cuối tháng có buổi gặp fan của ban nhạc bạn thích, đi không?","Right. Oh, at the end of the month there is a fan meetup for that band you like — want to go?",,
lesson_vi2_l119_d8,"Đi chứ! Nghe nói sẽ bùng nổ, cả nghìn người đăng ký rồi.",Of course! Apparently it will be huge — a thousand people have already signed up.,,
lesson_vi2_l119_d9,"Nhớ dặn tụi nhỏ mang nước, trong đó ngột lắm. Mà đừng mang đồ ăn ngọt, ruồi bu.","Remind the kids to bring water, it gets stuffy in there. And no sweet snacks — flies swarm them.",,
lesson_vi2_l119_d10,"Ừ. Mình mang khăn choàng, tối ngoài trời lạnh.",Yeah. I will bring a shawl — it gets cold outdoors at night.,,
lesson_vi2_l119_d11,"Chuẩn. Sân khấu tọa lạc ngay bờ sông, gió thổi từ mặt nước lên mát mà buốt.","Right. The stage is located right on the riverbank, and the wind off the water is cool but biting.",,
lesson_vi2_l119_d12,"Vậy mang thêm áo. Nghe nhạc bên sông, cảm giác như lạc vô cõi khác luôn.",Then I will bring another layer. Listening to music by the river feels like slipping into another world.,,
lesson_vi2_l120_d0,"Mình đang chờ kết quả xét nghiệm, bệnh viện gửi qua email chiều nay.",I am waiting on my test results — the hospital emails them this afternoon.,,
lesson_vi2_l120_d1,"Xét nghiệm gì vậy? Nếu không tiện thì thôi, đừng ngại.","What kind of test? If it is not something you want to share, that is fine, do not feel awkward.",,
lesson_vi2_l120_d2,"Không sao. Khám tổng quát thôi, có phần kiểm tra gen theo gói của công ty.","It is alright. Just a general check-up, with a genetic screening included in the company package.",,
lesson_vi2_l120_d3,"À, mấy gói đó giờ phổ biến. Họ đọc DNA rồi báo nguy cơ mấy bệnh thường gặp.","Ah, those packages are common now. They read your DNA and flag the risk of a few common conditions.",,
lesson_vi2_l120_d4,"Ừ. Mình cũng ráng không nghĩ nhiều, chờ có kết quả rồi tính.","Yeah. I am trying not to overthink it — wait for the results, then deal with it.",,
lesson_vi2_l120_d5,"Đúng đó. Mà bạn nhớ đừng đọc mấy trang bịa đặt trên mạng, đọc vô là lo thêm.",That is right. And do not read those made-up websites — reading them only adds worry.,,
lesson_vi2_l120_d6,"Mình biết. Có trang còn bán thuốc lậu, không nguồn gốc gì hết.",I know. Some of them even sell smuggled medicine with no traceable source at all.,,
lesson_vi2_l120_d7,"Ghê thật. Mà văn phòng bạn dạo này sao, còn ngột ngạt như hồi trước không?",That is grim. How is your office these days — still as stuffy as before?,,
lesson_vi2_l120_d8,"Vẫn vậy. Cửa sổ mỏng, máy lạnh yếu, chiều là ai cũng lẩn ra ngoài đứng cho thoáng.","The same. Thin windows, weak air conditioning — by afternoon everyone slips outside for air.",,
lesson_vi2_l120_d9,"Ha ha. Nói với quản lý đi, chốn làm việc mà bí quá thì ai cũng uể oải.",Ha ha. Talk to the manager — if a workplace is that airless everyone gets sluggish.,,
lesson_vi2_l120_d10,"Mình nói rồi, họ hứa lắp thêm quạt. Người quản lý mới thấu hiểu nhân viên hơn.",I already raised it and they promised extra fans. The new manager understands the staff better.,,
lesson_vi2_l120_d11,"Tốt. Mà đừng phô trương chuyện sức khỏe với đồng nghiệp, giữ riêng cho mình là hơn.",Good. And do not broadcast health matters to colleagues — better to keep those to yourself.,,
lesson_vi2_l120_d12,"Ừ, mình khờ chứ không dại. Chuyện nào riêng thì để riêng.","Yeah, I may be naive but I am not foolish. What is private stays private.",,
lesson_vi2_l121_d0,"Tháng này nhà mình hơi túng, mấy khoản chi dồn hết vô một tuần.",Money is tight at home this month — all the expenses piled into one week.,,
lesson_vi2_l121_d1,Hử? Có chuyện gì lớn hả?,Huh? Did something big come up?,,
lesson_vi2_l121_d2,"Mái nhà dột, phải sửa gấp. Thợ tới cầm búa gõ thử, nói phải thay trọn một mảng.",The roof leaks and needed urgent repair. The workman tapped it with a hammer and said a whole section has to be replaced.,,
lesson_vi2_l121_d3,"Tốn nhiều không? Bạn miêu tả kỹ chút coi, mình biết một chỗ làm rẻ.",Is it expensive? Describe it in a bit more detail — I know a place that does it cheaply.,,
lesson_vi2_l121_d4,"Chỗ dột nằm ngay khe hẹp giữa hai mái, nước cứ ào xuống mỗi lần mưa.",The leak is right in the narrow gap between two roof sections — water gushes down every time it rains.,,
lesson_vi2_l121_d5,"Vậy phải làm cho xong, không thì hư trần. Để mình nhắn số cho.",Then it has to be finished properly or the ceiling goes. Let me send you the number.,,
lesson_vi2_l121_d6,"Cảm ơn nha. Mình tính chia ra trả hai đợt, mỗi đợt vài chục triệu.","Thank you. I plan to split the payment into two rounds, a few tens of millions each.",,
lesson_vi2_l121_d7,"Hợp lý. Đừng để nồi nước sôi tràn kiểu này, lo một lần cho dứt điểm.",Sensible. Do not let the pot boil over like this — deal with it once and be done.,,
lesson_vi2_l121_d8,"Ừ. Mà may là công việc mình đang nở ra, tháng sau có thêm hợp đồng.",Yeah. Luckily my work is expanding — next month there is another contract.,,
lesson_vi2_l121_d9,Mừng ghê. Bạn cứ giữ tinh thần mãnh liệt vậy là ổn.,That is a relief. Keep that fierce spirit and you will be fine.,,
lesson_vi2_l121_d10,"Ha, mình cũng lơ đãng lắm, hôm qua quên trả tiền điện, may ngân hàng nhắc.","Ha, I am pretty absent-minded too — yesterday I forgot the electricity bill, luckily the bank reminded me.",,
lesson_vi2_l121_d11,"Ai cũng vậy. À, ghi mấy khoản vô sổ, nét chữ xấu cũng được, miễn nhớ.","Everyone is. Oh, write the amounts in a notebook — messy handwriting is fine as long as you remember.",,
lesson_vi2_l121_d12,"Ừ, mình dời hết mấy khoản không gấp qua tháng sau, nhẹ đầu hẳn.","Yeah, I pushed all the non-urgent items to next month, and my head feels much lighter.",,
