ID,Vietnamese_Text,English_Text,Vietnamese_Sound
chat_business_0_opener,Mời bạn giới thiệu bản thân,Please introduce yourself,
chat_business_0_t0_them,Vì sao bạn muốn làm việc ở đây?,Why do you want to work here?,
chat_business_0_t0_you0,"Dạ, tôi tên là..., tôi có 3 năm kinh nghiệm trong ngành này","My name is..., I have 3 years of experience in this field",
chat_business_0_t0_you1,Tôi không biết nói gì,I don't know what to say,
chat_business_0_t0_you2,Đọc CV của tôi đi,Just read my resume,
chat_business_0_t1_them,Bạn có câu hỏi gì cho chúng tôi không?,Do you have any questions for us?,
chat_business_0_t1_you0,Tôi rất thích văn hoá và sản phẩm của công ty,I really admire the company's culture and products,
chat_business_0_t1_you1,Vì lương cao,Because the pay is good,
chat_business_0_t1_you2,Tôi cũng chưa chắc,I'm not sure either,
chat_business_0_t2_them,Câu hỏi hay đó! Chúng tôi sẽ liên hệ trong tuần này,Great question! We'll be in touch this week,
chat_business_0_t2_you0,"Dạ có, văn hoá làm việc ở đây như thế nào ạ?","Yes, what's the work culture like here?",
chat_business_0_t2_you1,Không có câu hỏi gì,No questions,
chat_business_0_t2_you2,Khi nào tôi biết kết quả?,When will I hear back?,
chat_business_0_t3_them,Cảm ơn bạn đã đến phỏng vấn nhé,Thank you for coming in today,
chat_business_0_t3_you0,"Dạ, cảm ơn anh/chị đã dành thời gian",Thank you for your time,
chat_business_0_t3_you1,Vậy thôi hả?,That's it?,
chat_business_0_t3_you2,Tôi chắc chắn được nhận,I'm sure I'll get hired,
chat_business_1_opener,Cảm ơn đã dành thời gian gặp chúng tôi hôm nay,Thanks for meeting with us today,
chat_business_1_t0_them,Vậy chúng ta bắt đầu với ngân sách dự án nhé,Let's start with the project budget then,
chat_business_1_t0_you0,"Dạ, rất vui được hợp tác cùng anh/chị",Happy to be working with you,
chat_business_1_t0_you1,Vào việc luôn đi,Let's just get to it,
chat_business_1_t0_you2,Tôi hơi bận,I'm a bit busy,
chat_business_1_t1_them,"Được, vậy thời gian hoàn thành dự kiến là khi nào?","Okay, and what's the expected timeline?",
chat_business_1_t1_you0,"Dạ, ngân sách dự kiến của chúng tôi là...",Our projected budget is...,
chat_business_1_t1_you1,Ngân sách tuỳ anh/chị thôi,The budget is up to you,
chat_business_1_t1_you2,Chuyện đó tính sau đi,Let's figure that out later,
chat_business_1_t2_them,Nghe hợp lý đó. Chúng ta ký hợp đồng khi nào?,That sounds reasonable. When do we sign the contract?,
chat_business_1_t2_you0,Chúng tôi dự kiến hoàn thành trong 2 tháng,We expect to finish in 2 months,
chat_business_1_t2_you1,"Nhanh thì được, chậm cũng được","Fast is fine, slow is also fine",
chat_business_1_t2_you2,Không chắc được,Can't be sure,
chat_business_1_t3_them,"Tuyệt vời, chúng tôi rất mong hợp tác","Excellent, we look forward to working together",
chat_business_1_t3_you0,Chúng tôi có thể gửi hợp đồng trong tuần này,We can send the contract this week,
chat_business_1_t3_you1,Từ từ đã,Slow down,
chat_business_1_t3_you2,Anh/chị ký trước đi,You sign first,
chat_dating_0_opener,Tối nay rảnh không? Đi ăn phở cùng đi!,Free tonight? Let's get phở together!,
chat_dating_0_t0_them,"Bảy giờ tối nhé, ở quán quen","7pm, at our usual spot",
chat_dating_0_t0_you0,Rảnh! Mấy giờ gặp nhau?,Free! What time shall we meet?,
chat_dating_0_t0_you1,"Xin lỗi, tôi bận","Sorry, I'm busy",
chat_dating_0_t0_you2,Phở ở đâu ngon?,Where's good phở?,
chat_dating_0_t1_them,Hẹn gặp lại nha!,See you then!,
chat_dating_0_t1_you0,"Được, hẹn gặp lại","Sounds good, see you then",
chat_dating_0_t1_you1,Tôi không muốn đi,I don't want to go,
chat_dating_0_t1_you2,Mặc gì đi ăn phở vậy?,What should I wear to eat phở?,
chat_dating_0_t2_them,"Không sao, mình đợi bạn","No problem, I'll wait for you",
chat_dating_0_t2_you0,Tôi đến hơi trễ chút được không?,Can I arrive a little late?,
chat_dating_0_t2_you1,Chắc tôi không đến kịp đâu,I probably won't make it in time,
chat_dating_0_t2_you2,"Bạn đợi tôi nhé, đừng ăn trước","Wait for me, don't eat first",
chat_dating_0_t3_them,"Không sao đâu, ăn thôi!","No worries, let's eat!",
chat_dating_0_t3_you0,Cảm ơn bạn đã đợi,Thanks for waiting,
chat_dating_0_t3_you1,"Muộn thì muộn, ăn thôi","Late is late, let's just eat",
chat_dating_0_t3_you2,Lần sau tôi sẽ đến sớm hơn... có lẽ,Next time I'll come earlier... maybe,
chat_dating_1_opener,Bạn thích uống gì?,What do you like to drink?,
chat_dating_1_t0_them,Bạn dễ thương quá,You're so charming,
chat_dating_1_t0_you0,"Cho tôi cà phê sữa đá, cảm ơn","Iced milk coffee for me, thanks",
chat_dating_1_t0_you1,Tôi không biết bạn là ai,I don't know who you are,
chat_dating_1_t0_you2,Cái gì cũng được,Anything's fine,
chat_dating_1_t1_them,Lần sau đi chơi tiếp nhé,Let's hang out again next time,
chat_dating_1_t1_you0,"Cảm ơn, bạn cũng vậy","Thanks, you too",
chat_dating_1_t1_you1,Tôi phải đi rồi,I have to go now,
chat_dating_1_t1_you2,Thật à?,Really?,
chat_dating_1_t2_them,Mình thích đọc sách với đi cà phê như vầy nè,I like reading and coffee dates like this,
chat_dating_1_t2_you0,Bạn thích làm gì vào cuối tuần?,What do you like doing on weekends?,
chat_dating_1_t2_you1,Tôi không có sở thích gì cả,I don't have any hobbies,
chat_dating_1_t2_you2,Bạn hỏi nhiều quá,You're asking too many questions,
chat_dating_1_t3_them,Vậy mình hợp nhau rồi!,Then we're a good match!,
chat_dating_1_t3_you0,"Nghe hay đó, mình cũng thích vậy","That sounds nice, I like that too",
chat_dating_1_t3_you1,Đọc sách chán lắm,Reading is boring,
chat_dating_1_t3_you2,Ừ,Yeah,
chat_dating_2_opener,"Cuối tuần này nhóm mình đi Đà Lạt, đi không?","Our group is going to Da Lat this weekend, want to come?",
chat_dating_2_t0_them,Tuyệt! Mình sẽ gửi lịch trình sau,Great! I'll send the itinerary later,
chat_dating_2_t0_you0,"Nghe hay đó, cho tôi đi với!","Sounds fun, count me in!",
chat_dating_2_t0_you1,Đà Lạt ở đâu?,Where's Da Lat?,
chat_dating_2_t0_you2,Đi mấy ngày vậy?,How many days?,
chat_dating_2_t1_them,"Không có gì, vui lắm đó!","No problem, it'll be fun!",
chat_dating_2_t1_you0,Cảm ơn đã rủ nhé,Thanks for inviting me,
chat_dating_2_t1_you1,Chắc tôi không đi đâu,I probably won't go,
chat_dating_2_t1_you2,Cần mang theo gì?,What should I bring?,
chat_dating_2_t2_them,"Chia đều thôi, khoảng 1 triệu mỗi người","Split evenly, about 1 million each",
chat_dating_2_t2_you0,Chi phí khoảng bao nhiêu vậy?,About how much will it cost?,
chat_dating_2_t2_you1,Tiền không thành vấn đề,Money's not an issue,
chat_dating_2_t2_you2,Ai trả tiền vậy?,Who's paying?,
chat_dating_2_t3_them,"Tuyệt vời, chào mừng bạn nhé!","Awesome, welcome aboard!",
chat_dating_2_t3_you0,"Được, tôi tham gia!","Okay, I'm in!",
chat_dating_2_t3_you1,Để tôi suy nghĩ thêm,Let me think about it more,
chat_dating_2_t3_you2,Chắc hơi mắc,That's kind of expensive,
chat_dating_3_opener,Con chào hai bác ạ.,"Hello, nice to meet you both.",
chat_dating_3_t0_them,"À, con ngồi chơi đi","Ah, please sit down",
chat_dating_3_t0_you0,Con là bạn của Linh ạ,I'm Linh's friend,
chat_dating_3_t0_you2,Nhà cô chú đẹp quá,Your home is beautiful,
chat_dating_3_t1_them,Ở lại ăn cơm với gia đình nhé,Stay and eat with the family,
chat_dating_3_t1_you0,"Dạ, con cảm ơn ạ",Thank you,
chat_dating_3_t1_you1,Tôi phải về rồi,I have to go now,
chat_dating_3_t1_you2,Con không đói lắm,I'm not very hungry,
chat_dating_3_t2_them,"Ừ, ngồi thoải mái đi con","Sure, make yourself comfortable",
chat_dating_3_t2_you0,"Dạ, con xin phép ngồi ạ",May I sit down?,
chat_dating_3_t2_you1,Con đứng cũng được,I'll just stand,
chat_dating_3_t2_you2,Ghế này của ai vậy?,Whose chair is this?,
chat_dating_3_t3_them,"Vậy ăn thêm đi con, đừng ngại!","Then eat more, don't be shy!",
chat_dating_3_t3_you0,Món này ngon quá bác ơi,This dish is delicious!,
chat_dating_3_t3_you1,"Con ăn chay, không ăn được món này","I'm vegetarian, I can't eat this",
chat_dating_3_t3_you2,Con không quen món này lắm,I'm not used to this dish,
chat_dating_4_opener,"Chào bạn, lần đầu gặp qua app nè, hơi ngại ha","Hi, first time meeting from the app, kind of nervous",
chat_dating_4_t0_them,"Ha, cảm ơn bạn dễ thương ghê","Haha, thanks, that's sweet of you",
chat_dating_4_t0_you0,"Mình cũng vậy, nhưng vui vì gặp được bạn","Me too, but glad to meet you",
chat_dating_4_t0_you1,Ngại thì về đi,"If you're nervous, go home",
chat_dating_4_t0_you2,Tôi không ngại gì cả,I'm not nervous at all,
chat_dating_4_t1_them,"Thỉnh thoảng thôi, ít khi gặp ai hợp","Sometimes, don't often meet someone who's a good match",
chat_dating_4_t1_you0,Bạn hay đi app này không?,Do you use this app often?,
chat_dating_4_t1_you1,Tôi không dùng app hẹn hò,I don't use dating apps,
chat_dating_4_t1_you2,Bạn có match nhiều người không?,Do you match with a lot of people?,
chat_dating_4_t2_them,"Ha, hy vọng vậy!","Haha, hope so!",
chat_dating_4_t2_you0,Vậy hy vọng lần này hợp nha,Hope this time is a good match then,
chat_dating_4_t2_you1,Chắc cũng không hợp đâu,Probably won't be a match either,
chat_dating_4_t2_you2,Mình cũng không chắc,I'm not sure either,
chat_dating_4_t3_them,"Được đó, đi thôi!","Sure, let's go!",
chat_dating_4_t3_you0,Đi dạo thêm chút được không?,Want to walk around a bit more?,
chat_dating_4_t3_you1,Thôi mình về đi,Let's just go home,
chat_dating_4_t3_you2,Tuỳ bạn,Up to you,
chat_dating_5_opener,Tối nay đi hát karaoke không?,Want to go sing karaoke tonight?,
chat_dating_5_t0_them,"Bài gì cũng được, cứ vui là chính!","Anything, the point is just to have fun!",
chat_dating_5_t0_you0,Đi chứ! Hát bài gì đây?,Let's go! What should we sing?,
chat_dating_5_t0_you1,Tôi hát dở lắm,I sing badly,
chat_dating_5_t0_you2,Karaoke ở đâu vậy?,Where's the karaoke?,
chat_dating_5_t1_them,"Được, chọn đi, tụi mình cổ vũ!","Go for it, we'll cheer you on!",
chat_dating_5_t1_you0,Vậy để tôi chọn một bài trước nhé,I'll pick a song first then,
chat_dating_5_t1_you1,Tôi không muốn hát,I don't want to sing,
chat_dating_5_t1_you2,Ai hát trước cũng được,Whoever wants to sing first,
chat_dating_5_t2_them,"Được, hát chung vui hơn!","Sure, singing together is more fun!",
chat_dating_5_t2_you0,Mọi người hát chung bài này với tôi nha,Everyone sing this one with me,
chat_dating_5_t2_you1,Tôi hát một mình thôi,I'll just sing alone,
chat_dating_5_t2_you2,Nhạc này dở quá,This song is bad,
chat_dating_5_t3_them,"Ừ, lần sau đi tiếp nha!","Yeah, let's do this again!",
chat_dating_5_t3_you0,"Cảm ơn mọi người, tối nay vui quá","Thanks everyone, tonight was really fun",
chat_dating_5_t3_you1,"Thôi tôi mệt rồi, về trước đây","I'm tired, going home first",
chat_dating_5_t3_you2,Lần sau chọn chỗ khác đi,Pick somewhere else next time,
chat_dating_6_opener,Cuối tuần này đi chơi tiếp không?,Want to hang out again this weekend?,
chat_dating_6_t0_them,"À, mình hiểu mà, cảm ơn bạn đã thẳng thắn","Ah, I understand, thanks for being upfront",
chat_dating_6_t0_you0,"Cảm ơn bạn, nhưng mình nghĩ tụi mình hợp làm bạn hơn","Thank you, but I think we work better as friends",
chat_dating_6_t0_you1,"Không, tôi bận","No, I'm busy",
chat_dating_6_t0_you2,"Không, tôi không thích bạn","No, I don't like you",
chat_dating_6_t1_them,"Mình cũng vậy, chúc bạn những điều tốt đẹp","Me too, wishing you all the best",
chat_dating_6_t1_you0,Mình rất vui vì đã gặp bạn,I really enjoyed meeting you,
chat_dating_6_t1_you1,Thôi khỏi nói gì thêm,No need to say anything else,
chat_dating_6_t1_you2,Chắc mình không gặp lại nữa,We probably won't see each other again,
chat_dating_6_t2_them,"Không có gì, chúc bạn vui vẻ nhé","No problem, take care",
chat_dating_6_t2_you0,Cảm ơn bạn đã hiểu,Thank you for understanding,
chat_dating_6_t2_you1,Đừng nhắn tin cho tôi nữa,Don't text me anymore,
chat_dating_6_t3_them,"Tạm biệt, giữ liên lạc nhé!","Goodbye, stay in touch!",
chat_dating_6_t3_you0,"Bạn cũng vậy nhé, tạm biệt","You too, goodbye",
chat_dating_6_t3_you1,Chắc mình chặn số luôn,I'll probably just block your number,
chat_dating_6_t3_you2,Có lẽ mình đổi ý sau,Maybe I'll change my mind later,
chat_everyday_0_opener,Anh/chị đi đâu?,Where are you headed?,
chat_everyday_0_t0_them,"Ok, 50 nghìn nhé. Lên xe đi!","Ok, 50k. Hop on!",
chat_everyday_0_t0_you0,Tôi đi chợ Bến Thành,I'm going to Ben Thanh Market,
chat_everyday_0_t0_you1,Tôi không biết,I don't know,
chat_everyday_0_t0_you2,Xe máy đẹp quá,Nice bike!,
chat_everyday_0_t1_them,"Ok, ngồi vững nhé!","Ok, hold on tight!",
chat_everyday_0_t1_you0,"Được, cảm ơn anh","Sounds good, thank you",
chat_everyday_0_t1_you1,Đắt quá!,Too expensive!,
chat_everyday_0_t1_you2,Tôi đi bộ vậy,I'll just walk then,
chat_everyday_0_t2_them,"Yên tâm đi, tôi chạy an toàn","Relax, I drive safely",
chat_everyday_0_t2_you0,Anh chạy chậm chậm thôi nhé,Please drive a bit slowly,
chat_everyday_0_t2_you1,Nhanh lên!,Faster!,
chat_everyday_0_t2_you2,Tôi không sợ đâu,I'm not scared,
chat_everyday_0_t3_them,"Được rồi, 50 nghìn nhé. Cảm ơn bạn!","Alright, 50k. Thanks!",
chat_everyday_0_t3_you0,"Dừng ở đây được rồi, cảm ơn anh","You can stop here, thank you",
chat_everyday_0_t3_you1,Tôi đổi ý rồi,I changed my mind,
chat_everyday_0_t3_you2,Ok bye,Ok bye,
chat_everyday_1_opener,"Chào con, dạo này khỏe không?","Hello dear, how have you been?",
chat_everyday_1_t0_them,"Vậy tốt rồi, ăn cơm chưa?",Good — have you eaten yet?,
chat_everyday_1_t0_you0,"Dạ, con khỏe, cảm ơn cô","I'm well, thank you",
chat_everyday_1_t0_you1,Con không biết cô là ai,I don't know who you are,
chat_everyday_1_t0_you2,Cô hỏi làm gì vậy?,Why are you asking?,
chat_everyday_1_t1_them,Rảnh thì ghé nhà cô chơi nhé,Come visit when you have time,
chat_everyday_1_t1_you0,"Dạ, con ăn rồi ạ","Yes, I've eaten",
chat_everyday_1_t1_you1,Con đi ngủ đây,I'm going to sleep,
chat_everyday_1_t1_you2,Cô ăn cơm với con nhé,"Eat with me, auntie",
chat_everyday_1_t2_them,"Được đó, cô nấu chè đợi con","Great, I'll make chè and wait for you",
chat_everyday_1_t2_you0,"Dạ, con sẽ ghé qua cuối tuần",I'll stop by this weekend,
chat_everyday_1_t2_you1,"Con bận lắm, không đi được","I'm too busy, can't go",
chat_everyday_1_t2_you2,Nhà cô ở đâu vậy?,Where do you live?,
chat_everyday_1_t3_them,"Không có gì đâu con, cô thương con mà","It's nothing, dear — I care about you",
chat_everyday_1_t3_you0,"Dạ, con cảm ơn cô nhiều lắm",Thank you so much,
chat_everyday_1_t3_you1,Thôi khỏi cô ơi,"Oh no, you don't have to",
chat_everyday_1_t3_you2,Chè gì vậy cô?,What kind of chè?,
chat_everyday_10_opener,Anh/chị cần sửa gì vậy?,What do you need altered?,
chat_everyday_10_t0_them,"Được, ngắn bao nhiêu vậy?","Sure, how much shorter?",
chat_everyday_10_t0_you0,Tôi cần sửa ngắn cái quần này,I need these pants shortened,
chat_everyday_10_t0_you1,Cái này không phải của tôi,This isn't mine,
chat_everyday_10_t0_you2,Tôi không biết sửa gì,I don't know what to fix,
chat_everyday_10_t1_them,"Được, chị làm xong trong 30 phút","Okay, I'll have it done in 30 minutes",
chat_everyday_10_t1_you0,Khoảng 3 phân thôi,About 3 centimeters,
chat_everyday_10_t1_you1,Tuỳ chị luôn,Up to you,
chat_everyday_10_t1_you2,Ngắn thật ngắn,Really short,
chat_everyday_10_t2_them,Khoảng 30 nghìn thôi,About 30k,
chat_everyday_10_t2_you0,Bao nhiêu tiền vậy chị?,How much will it cost?,
chat_everyday_10_t2_you1,Rẻ thôi nhé,Keep it cheap,
chat_everyday_10_t2_you2,Tôi không cần biết giá,I don't need to know the price,
chat_everyday_10_t3_them,"Được, hẹn gặp lại sau nhé!","Sure, see you later!",
chat_everyday_10_t3_you0,"Được, tôi quay lại sau nhé","Okay, I'll come back later",
chat_everyday_10_t3_you1,Tôi đợi luôn ở đây,I'll just wait right here,
chat_everyday_10_t3_you2,Thôi tôi không cần nữa,"Never mind, I don't need it anymore",
chat_everyday_2_opener,Tiền nhà tháng này chưa đóng nhé.,You haven't paid this month's rent yet.,
chat_everyday_2_t0_them,"Được, chuyển khoản cho cô nhé","Okay, transfer it to me then",
chat_everyday_2_t0_you0,"Dạ, con đóng tiền hôm nay",I'll pay today,
chat_everyday_2_t0_you1,Con không có tiền,I don't have money,
chat_everyday_2_t0_you2,Sao tháng nào cô cũng nhắc vậy,Why do you remind me every month?,
chat_everyday_2_t1_them,"Được rồi, cảm ơn con","Alright, thank you",
chat_everyday_2_t1_you0,"Dạ, con chuyển ngay",I'll transfer it right away,
chat_everyday_2_t1_you1,Để mai con đóng,I'll pay tomorrow,
chat_everyday_2_t1_you2,Số tài khoản của cô là gì?,What's your account number?,
chat_everyday_2_t2_them,"Ồ, để cô gọi thợ qua sửa nhé","Oh, I'll call someone to fix it",
chat_everyday_2_t2_you0,"Dạ, máy nước nóng phòng con bị hỏng ạ","By the way, my water heater is broken",
chat_everyday_2_t2_you1,Nhà cô nát quá,Your place is falling apart,
chat_everyday_2_t2_you2,Thôi kệ đi,"Never mind, forget it",
chat_everyday_2_t3_them,"Không có gì, con ở thoải mái nhé","No problem, make yourself at home",
chat_everyday_2_t3_you0,"Dạ, con cảm ơn cô nhiều",Thank you so much,
chat_everyday_2_t3_you1,Bao giờ thợ tới vậy?,When will the repairman come?,
chat_everyday_2_t3_you2,Cô nhớ gọi sớm nha,Remember to call soon,
chat_everyday_3_opener,Xe bạn bị sao vậy?,What's wrong with your bike?,
chat_everyday_3_t0_them,Để tôi kiểm tra bugi nhé,Let me check the spark plug,
chat_everyday_3_t0_you0,Xe không nổ máy được,It won't start,
chat_everyday_3_t0_you1,Xe đẹp lắm,The bike is beautiful,
chat_everyday_3_t0_you2,Tôi mới mua xe này,I just bought this bike,
chat_everyday_3_t1_them,Khoảng 15 phút thôi,About 15 minutes,
chat_everyday_3_t1_you0,Bao lâu thì xong?,How long will it take?,
chat_everyday_3_t1_you1,Tôi không quan tâm,I don't care,
chat_everyday_3_t1_you2,Bugi là gì vậy?,What's a spark plug?,
chat_everyday_3_t2_them,"Khoảng 100 nghìn thôi, rẻ mà","Only about 100k, it's cheap",
chat_everyday_3_t2_you0,Sửa xong hết bao nhiêu tiền vậy anh?,How much will the whole repair cost?,
chat_everyday_3_t2_you2,Tôi trả sau được không?,Can I pay later?,
chat_everyday_3_t3_them,"Xong rồi đó, chạy thử xem sao","All done, try starting it up",
chat_everyday_3_t3_you0,"Được, cảm ơn anh nhiều","Great, thank you so much",
chat_everyday_3_t3_you1,Đắt vậy?,That expensive?,
chat_everyday_3_t3_you2,Anh sửa xe lâu chưa?,Have you been a mechanic long?,
chat_everyday_4_opener,Anh/chị ở phòng nào vậy?,Which room are you staying in?,
chat_everyday_4_t0_them,"Dạ, mời anh/chị vào","Okay, please go ahead",
chat_everyday_4_t0_you0,Tôi ở phòng 302,I'm in room 302,
chat_everyday_4_t0_you1,Tôi không nhớ,I don't remember,
chat_everyday_4_t0_you2,Sao chú cần biết?,Why do you need to know?,
chat_everyday_4_t1_them,"Không có gì, chúc anh/chị một ngày tốt lành","No problem, have a good day",
chat_everyday_4_t1_you0,Cảm ơn chú,Thank you,
chat_everyday_4_t1_you1,Sao chú hỏi nhiều vậy,Why are you asking so much?,
chat_everyday_4_t1_you2,Chú làm ở đây lâu chưa?,Have you worked here long?,
chat_everyday_4_t2_them,"Dạ, thang máy bên trái đang sửa, anh/chị đi bên phải nhé","The left elevator is under repair, please use the right one",
chat_everyday_4_t2_you0,"Chú ơi, thang máy bên này có hoạt động không ạ?","Excuse me, is the elevator on this side working?",
chat_everyday_4_t2_you1,Thang máy hỏng lâu chưa vậy?,How long has the elevator been broken?,
chat_everyday_4_t2_you2,Tôi tự đi tìm được,I'll find it myself,
chat_everyday_4_t3_them,Dạ không có gì ạ,You're welcome,
chat_everyday_4_t3_you0,"Dạ, cảm ơn chú đã chỉ",Thank you for showing me,
chat_everyday_4_t3_you1,Sao không sửa sớm hơn,Why isn't it fixed already?,
chat_everyday_5_opener,Ai bán ve chai không?,Anyone selling scrap/recyclables?,
chat_everyday_5_t0_them,"Được, chị xem qua giúp em nhé","Sure, let me take a look",
chat_everyday_5_t0_you0,Tôi có mấy cái lon với giấy cũ,I have some cans and old paper,
chat_everyday_5_t0_you1,Tôi không có gì bán,I don't have anything to sell,
chat_everyday_5_t0_you2,Chị mua bao nhiêu một cân?,How much per kilo?,
chat_everyday_5_t1_them,Khoảng 20 nghìn thôi em,About 20k,
chat_everyday_5_t1_you0,Được bao nhiêu tiền vậy chị?,How much will this come to?,
chat_everyday_5_t1_you1,Chị tính rẻ vậy sao,You're pricing it that low?,
chat_everyday_5_t1_you2,Thôi khỏi cũng được,Never mind then,
chat_everyday_5_t2_them,"Dạ, cảm ơn em nhiều",Thank you so much,
chat_everyday_5_t2_you0,"Dạ được, cảm ơn chị","Sounds good, thank you",
chat_everyday_5_t2_you1,Ít vậy à,That little?,
chat_everyday_5_t2_you2,Chị lấy hết đồ trong nhà em luôn được không,Can you take everything in my house?,
chat_everyday_5_t3_them,"Dạ được, chị đi tiếp đây nhé","Sure thing, I'll be on my way",
chat_everyday_5_t3_you0,Lần sau em gọi chị lại nha,I'll call you again next time,
chat_everyday_5_t3_you1,Chị đi đâu suốt vậy,Where do you go all day?,
chat_everyday_6_opener,Cắt kiểu gì hôm nay anh?,What style are we cutting today?,
chat_everyday_6_t0_them,"Được, ngồi thoải mái nhé","Sure, get comfortable",
chat_everyday_6_t0_you0,Cắt ngắn gọn thôi anh,"Just a short, neat cut please",
chat_everyday_6_t0_you1,Tuỳ anh luôn,Whatever you think is best,
chat_everyday_6_t0_you2,Tóc tôi dài quá,My hair is too long,
chat_everyday_6_t1_them,"Ok, để tôi cắt thử nhé","Okay, let me start cutting",
chat_everyday_6_t1_you0,"Hai bên ngắn thôi, ở trên để dài chút","Short on the sides, a bit longer on top",
chat_everyday_6_t1_you1,Cắt sao cũng được,Cut it however,
chat_everyday_6_t1_you2,Giống ca sĩ Sơn Tùng,Like singer Sơn Tùng,
chat_everyday_6_t2_them,"Cảm ơn anh, có gội đầu không?",Thanks — want a shampoo too?,
chat_everyday_6_t2_you0,"Vậy được rồi anh, đẹp lắm","That looks great, thank you",
chat_everyday_6_t2_you1,Ngắn quá rồi,It's too short now,
chat_everyday_6_t2_you2,Anh cắt tóc lâu chưa?,Have you been a barber long?,
chat_everyday_6_t3_them,"Được, mời anh qua bên này","Great, come this way",
chat_everyday_6_t3_you0,"Dạ có, cảm ơn anh","Yes please, thank you",
chat_everyday_6_t3_you1,"Thôi khỏi, mất thời gian","No thanks, takes too long",
chat_everyday_6_t3_you2,Bao nhiêu tiền thêm vậy,How much extra is that?,
chat_everyday_7_opener,"Chào bạn, mình mới chuyển đến tầng này","Hi, I just moved to this floor",
chat_everyday_7_t0_them,"Mình ở phòng 405, cạnh bạn đó","I'm in 405, right next to you",
chat_everyday_7_t0_you0,"Chào bạn, rất vui được làm quen","Hello, nice to meet you",
chat_everyday_7_t0_you2,Bạn ở phòng nào vậy?,Which room are you in?,
chat_everyday_7_t1_them,"Cảm ơn bạn nhiều, bạn ở đây lâu chưa?","Thank you so much, how long have you lived here?",
chat_everyday_7_t1_you0,"Ồ vậy à, có gì cần giúp cứ nói nhé","Oh really, let me know if you need anything",
chat_everyday_7_t1_you1,Chúc may mắn nha,Good luck,
chat_everyday_7_t1_you2,Ở đây ồn lắm đó,It's really noisy here,
chat_everyday_7_t2_them,Vậy chắc bạn rành khu này lắm,So you must know the area well,
chat_everyday_7_t2_you0,Mình ở đây khoảng hai năm rồi,I've been here about two years,
chat_everyday_7_t2_you1,"Lâu lắm rồi, không nhớ nữa","A long time, I don't remember",
chat_everyday_7_t2_you2,Sao bạn hỏi vậy?,Why do you ask?,
chat_everyday_7_t3_them,"Cảm ơn bạn, chắc mình sẽ hỏi nhiều đó!","Thanks, I'll probably ask a lot!",
chat_everyday_7_t3_you0,"Cũng khá rành, có gì bạn cứ hỏi mình","Pretty well, feel free to ask me anything",
chat_everyday_7_t3_you1,Không rành lắm đâu,"Not that well, actually",
chat_everyday_7_t3_you2,"Mình bận lắm, không có thời gian đâu","I'm too busy, no time",
chat_everyday_8_opener,Anh/chị tìm gì ạ?,What are you looking for?,
chat_everyday_8_t0_them,"Dạ, sữa ở kệ bên kia, trứng ở tủ lạnh","Milk's on that shelf, eggs are in the fridge",
chat_everyday_8_t0_you0,Tôi tìm sữa và trứng,I'm looking for milk and eggs,
chat_everyday_8_t0_you1,Tôi không cần gì cả,I don't need anything,
chat_everyday_8_t0_you2,Cửa hàng này có gì?,What does this store have?,
chat_everyday_8_t1_them,"Bánh mì mới ra lò, ở góc kia","Fresh bread just came out, over in that corner",
chat_everyday_8_t1_you0,"Cảm ơn, còn bánh mì thì sao?","Thanks, what about bread?",
chat_everyday_8_t1_you1,Tôi tự tìm được,I'll find it myself,
chat_everyday_8_t1_you2,Bánh mì dở lắm ở đây,The bread here is bad,
chat_everyday_8_t2_them,"Dạ được, để tôi gói cho","Sure, let me bag it for you",
chat_everyday_8_t2_you0,Có túi giúp tôi được không?,Can I get a bag?,
chat_everyday_8_t2_you1,"Tôi không cần túi, tự bỏ vào áo","No bag, I'll just stuff it in my shirt",
chat_everyday_8_t2_you2,Túi ở đâu?,Where are the bags?,
chat_everyday_8_t3_them,"Dạ, 85 nghìn đồng ạ","That's 85,000 dong",
chat_everyday_8_t3_you0,Tổng cộng bao nhiêu vậy chị?,How much in total?,
chat_everyday_8_t3_you1,Tôi trả bằng gì cũng được,I'll pay however,
chat_everyday_8_t3_you2,Chắc rẻ thôi,Probably cheap,
chat_everyday_9_opener,Anh/chị có đặt hàng online không ạ?,Did you order something online?,
chat_everyday_9_t0_them,"Dạ, tên trên gói là...",The name on the package is...,
chat_everyday_9_t0_you0,"Dạ có, gói hàng của tôi đây phải không?","Yes, is this my package?",
chat_everyday_9_t0_you1,Tôi không đặt gì cả,I didn't order anything,
chat_everyday_9_t0_you2,Của ai vậy?,Whose is it?,
chat_everyday_9_t1_them,"Dạ, anh/chị ký vào đây giúp em",Please sign here,
chat_everyday_9_t1_you0,"Đúng rồi, đó là tôi","That's right, that's me",
chat_everyday_9_t1_you1,Không phải tôi đâu,That's not me,
chat_everyday_9_t1_you2,Tôi không chắc,I'm not sure,
chat_everyday_9_t2_them,"Dạ, ở đây, cảm ơn anh/chị","Right here, thank you",
chat_everyday_9_t2_you0,Ký ở đâu vậy?,Where do I sign?,
chat_everyday_9_t2_you1,Tôi không muốn ký,I don't want to sign,
chat_everyday_9_t2_you2,Ký bằng gì?,Sign with what?,
chat_everyday_9_t3_them,"Dạ, cảm ơn anh/chị, chào nhé!","Thank you, take care!",
chat_everyday_9_t3_you0,"Cảm ơn anh, chúc anh một ngày tốt lành","Thank you, have a good day",
chat_everyday_9_t3_you1,Xong chưa?,Are we done?,
chat_everyday_9_t3_you2,Lần sau giao nhanh hơn nhé,Deliver faster next time,
chat_factory_0_opener,Kiểm tra máy trước khi bắt đầu ca nhé.,Check the machine before starting the shift.,
chat_factory_0_t0_them,Tốt. Có vấn đề gì báo ngay cho tôi.,Good. Report any issues to me right away.,
chat_factory_0_t0_you0,"Vâng, tôi hiểu rồi","Yes, understood",
chat_factory_0_t0_you1,Tôi không hiểu,I don't understand,
chat_factory_0_t0_you2,Máy nào cơ?,Which machine?,
chat_factory_0_t1_them,"Cảm ơn, làm việc tốt nhé","Thanks, good work",
chat_factory_0_t1_you0,"Vâng, sếp","Yes, boss",
chat_factory_0_t1_you1,Tôi về trước đây,I'm leaving early,
chat_factory_0_t1_you2,Ca này dài quá,This shift is too long,
chat_factory_0_t2_them,"Được, để tôi gọi kỹ thuật qua kiểm tra","Okay, I'll call maintenance to check it",
chat_factory_0_t2_you0,Máy số 3 có tiếng kêu lạ ạ,Machine #3 is making a strange noise,
chat_factory_0_t2_you1,Chắc không sao đâu,Probably fine,
chat_factory_0_t2_you2,Tôi tự sửa được,I can fix it myself,
chat_factory_0_t3_them,"Được, chờ họ xong rồi làm tiếp nhé","Sure, once they're done you can continue",
chat_factory_0_t3_you0,"Vâng, cảm ơn sếp","Yes, thank you",
chat_factory_0_t3_you1,Bao giờ họ tới?,When will they arrive?,
chat_factory_0_t3_you2,Tôi nghỉ chờ luôn được không,Can I just take a break while waiting?,
chat_factory_1_opener,Đơn hàng sẽ giao vào thứ Ba.,The order will be delivered Tuesday.,
chat_factory_1_t0_them,Có gì cứ liên hệ tôi nhé,Feel free to contact me anytime,
chat_factory_1_t0_you0,"Cảm ơn, tôi sẽ kiểm tra kho","Thanks, I'll check the warehouse",
chat_factory_1_t0_you1,Tôi không cần hàng nữa,I don't need the goods anymore,
chat_factory_1_t0_you2,Thứ Ba là ngày nào?,What day is Tuesday?,
chat_factory_1_t1_them,Không có gì!,You're welcome!,
chat_factory_1_t1_you1,Trễ quá rồi,That's too late,
chat_factory_1_t1_you2,Tôi sẽ trả tiền sau,I'll pay later,
chat_factory_1_t2_them,Đơn này là 500 đơn vị nhé,This order is 500 units,
chat_factory_1_t2_you0,Số lượng đơn hàng này là bao nhiêu vậy anh?,How many units is this order?,
chat_factory_1_t2_you1,Bao nhiêu cũng được,Any amount is fine,
chat_factory_1_t2_you2,Tôi không quan tâm số lượng,I don't care about the quantity,
chat_factory_1_t3_them,"Tốt, hẹn gặp thứ Ba nhé","Great, see you Tuesday",
chat_factory_1_t3_you0,"Được, tôi sẽ chuẩn bị kho nhận hàng","Got it, I'll prepare the warehouse to receive it",
chat_factory_1_t3_you1,Kho tôi chật lắm,My warehouse is too full,
chat_factory_1_t3_you2,Chắc không kịp chuẩn bị đâu,Probably won't be ready in time,
chat_factory_2_opener,Bạn đã nộp đủ giấy tờ chưa?,Have you submitted all your documents?,
chat_factory_2_t0_them,"Tốt, ca làm việc bắt đầu lúc 7 giờ sáng","Good, your shift starts at 7am",
chat_factory_2_t0_you0,"Dạ rồi, đây là hồ sơ của tôi","Yes, here's my file",
chat_factory_2_t0_you1,Giấy tờ gì cơ?,What documents?,
chat_factory_2_t0_you2,Tôi nộp online rồi,I submitted online already,
chat_factory_2_t1_them,"Cảm ơn, chúc bạn làm việc tốt","Thanks, good luck with the work",
chat_factory_2_t1_you0,"Vâng, tôi sẽ đến đúng giờ","Understood, I'll be on time",
chat_factory_2_t1_you1,7 giờ sớm quá,7am is too early,
chat_factory_2_t1_you2,Có thể đổi ca không?,Can I change shifts?,
chat_factory_2_t2_them,Mang giày bảo hộ và có mặt sớm 15 phút nhé,Bring safety shoes and arrive 15 minutes early,
chat_factory_2_t2_you0,Tôi cần chuẩn bị gì cho ngày đầu tiên ạ?,What should I prepare for my first day?,
chat_factory_2_t2_you1,Chắc không cần gì đâu,Probably don't need anything,
chat_factory_2_t2_you2,Tôi tự biết rồi,I already know,
chat_factory_2_t3_them,"Tốt, hẹn gặp bạn thứ Hai nhé!","Great, see you Monday!",
chat_factory_2_t3_you0,"Dạ, tôi sẽ chuẩn bị đầy đủ",I'll make sure to be prepared,
chat_factory_2_t3_you1,Giày bảo hộ mua ở đâu vậy?,Where do I buy safety shoes?,
chat_factory_2_t3_you2,Chắc tôi quên mất,I'll probably forget,
chat_factory_3_opener,Nhớ đội mũ bảo hộ khi vào xưởng nhé.,Remember to wear a hard hat when entering the workshop.,
chat_factory_3_t0_them,"Tốt, an toàn là trên hết","Good, safety first",
chat_factory_3_t0_you0,"Vâng, tôi sẽ đội ngay","Yes, I'll put it on now",
chat_factory_3_t0_you1,Tôi không cần đâu,I don't need it,
chat_factory_3_t0_you2,Mũ này ở đâu vậy?,Where's the hat?,
chat_factory_3_t1_them,"Rất tốt, cảm ơn bạn","Very good, thank you",
chat_factory_3_t1_you0,Có vấn đề gì tôi sẽ báo ngay,I'll report right away if there's an issue,
chat_factory_3_t1_you2,Vấn đề gì cũng báo hết à?,Do I report literally everything?,
chat_factory_3_t2_them,"Khu vực máy cắt, cẩn thận nhé","The cutting machine area, be careful there",
chat_factory_3_t2_you0,Khu vực nào nguy hiểm nhất trong xưởng ạ?,Which area of the workshop is most dangerous?,
chat_factory_3_t2_you1,Chắc chỗ nào cũng an toàn,Probably everywhere is safe,
chat_factory_3_t2_you2,Tôi không cần biết,I don't need to know,
chat_factory_3_t3_them,"Tốt, luôn cẩn thận là được","Good, just always be careful",
chat_factory_3_t3_you0,"Dạ, tôi sẽ cẩn thận khi qua khu đó",I'll be careful going through that area,
chat_factory_3_t3_you1,Tôi sẽ tránh khu đó luôn,I'll avoid that area entirely,
chat_factory_3_t3_you2,Chắc sẽ ổn thôi,It'll probably be fine,
chat_fnb_0_opener,Anh/chị ăn gì?,What would you like to eat?,
chat_fnb_0_t0_them,"Dạ, chờ một chút nhé","Okay, one moment",
chat_fnb_0_t0_you0,Cho tôi một tô phở bò,One beef phở please,
chat_fnb_0_t0_you1,Tôi không đói,I'm not hungry,
chat_fnb_0_t0_you2,Có gì ngon không?,What's good here?,
chat_fnb_0_t1_them,"Đây rồi, ăn ngon nhé!","Here you go, enjoy!",
chat_fnb_0_t1_you0,Cho tôi thêm rau,More herbs please,
chat_fnb_0_t1_you1,Tôi muốn về nhà,I want to go home,
chat_fnb_0_t1_you2,Nước lèo có vị gì?,What flavor is the broth?,
chat_fnb_0_t2_them,"Đây, chanh và ớt luôn nè","Here, lime and chili too",
chat_fnb_0_t2_you0,Cho tôi xin thêm chanh,Can I get more lime?,
chat_fnb_0_t2_you1,Tôi ăn xong rồi,I'm done eating,
chat_fnb_0_t2_you2,Phở này dở quá,This phở is bad,
chat_fnb_0_t3_them,"Dạ, 45 nghìn nhé",That's 45k,
chat_fnb_0_t3_you0,Tính tiền giúp em,Check please,
chat_fnb_0_t3_you1,Tôi trả sau nhé,I'll pay later,
chat_fnb_1_opener,Anh/chị uống gì ạ?,What would you like to drink?,
chat_fnb_1_t0_them,Ít đường hay nhiều đường?,Less sugar or more sugar?,
chat_fnb_1_t0_you0,Cho tôi cà phê sữa đá,One iced milk coffee please,
chat_fnb_1_t0_you1,Tôi không uống cà phê,I don't drink coffee,
chat_fnb_1_t0_you2,Trà cũng được,Tea is fine too,
chat_fnb_1_t1_them,"Dạ, có ngay ạ",Coming right up,
chat_fnb_1_t1_you0,Ít đường thôi,Less sugar please,
chat_fnb_1_t1_you1,Không biết,I don't know,
chat_fnb_1_t1_you2,Cho nhiều đá,Lots of ice,
chat_fnb_1_t2_them,"Dạ được, mời anh/chị","Sure, go ahead",
chat_fnb_1_t2_you0,Tôi ngồi đây được không?,Can I sit here?,
chat_fnb_1_t2_you1,Chỗ này của tôi,This spot is mine,
chat_fnb_1_t2_you2,Đứng cũng được,Standing is fine,
chat_fnb_1_t3_them,"Dạ, mật khẩu ghi trên bàn đó ạ",It's written on the table,
chat_fnb_1_t3_you0,Wifi mật khẩu là gì vậy?,What's the wifi password?,
chat_fnb_1_t3_you1,Chỗ này không có wifi à,This place doesn't have wifi?,
chat_fnb_1_t3_you2,Tôi không cần wifi,I don't need wifi,
chat_fnb_2_opener,Bánh mì gì đây? Thịt hay chay?,What kind of bánh mì? Meat or vegetarian?,
chat_fnb_2_t0_them,Có cay không?,Spicy or not?,
chat_fnb_2_t0_you0,Cho tôi bánh mì thịt,Meat bánh mì please,
chat_fnb_2_t0_you2,Bánh mì ngon nhất là gì?,What's the best bánh mì?,
chat_fnb_2_t1_them,"Đây bạn, 20 nghìn nhé","Here you go, 20k",
chat_fnb_2_t1_you0,Không cay nhé,Not spicy please,
chat_fnb_2_t1_you2,Cho cay hết cỡ,Max spicy,
chat_fnb_2_t2_them,"Dạ có, cho thêm luôn nhé","Sure, I'll add extra",
chat_fnb_2_t2_you0,Có thêm pate không?,Any extra pate?,
chat_fnb_2_t2_you1,Bỏ hết rau đi,Take out all the vegetables,
chat_fnb_2_t2_you2,"Tôi đổi ý, không mua nữa","I changed my mind, not buying",
chat_fnb_2_t3_them,"Dạ, cảm ơn bạn nhiều",Thank you so much,
chat_fnb_2_t3_you0,"Cảm ơn, ngon lắm","Thanks, delicious",
chat_fnb_2_t3_you1,Bình thường thôi,Just average,
chat_fnb_2_t3_you2,Tôi không có tiền lẻ,I don't have small change,
chat_fnb_3_opener,Làm một ly không?,Want a glass?,
chat_fnb_3_t0_them,Dzô! Một trăm phần trăm!,Cheers! Bottoms up!,
chat_fnb_3_t0_you0,"Được, một ly thôi nhé","Sure, just one",
chat_fnb_3_t0_you1,Tôi không uống bia,I don't drink beer,
chat_fnb_3_t0_you2,Bia gì vậy?,What kind of beer?,
chat_fnb_3_t1_them,"Ok, tuỳ bạn thôi","Ok, up to you",
chat_fnb_3_t1_you0,"Từ từ thôi, tôi uống ít thôi","Slow down, I'll just drink a little",
chat_fnb_3_t1_you1,Tôi say rồi,I'm drunk,
chat_fnb_3_t1_you2,Cho tôi thêm một ly nữa,Another glass please,
chat_fnb_3_t2_them,"Được, gọi đậu phộng với nem chua nhé","Sure, let's get peanuts and nem chua",
chat_fnb_3_t2_you0,Cho tôi gọi thêm đồ nhắm được không?,Can I order some snacks to go with it?,
chat_fnb_3_t2_you2,Đồ ăn ở đây dở lắm,The food here is bad,
chat_fnb_3_t3_them,"Ừ, lần sau nhậu tiếp nhé!","Yeah, let's drink again next time!",
chat_fnb_3_t3_you0,Cảm ơn vì buổi tối vui vẻ,Thanks for a fun evening,
chat_fnb_3_t3_you1,Tôi phải về luôn,I have to leave right now,
chat_fnb_3_t3_you2,Lần sau tôi không đến nữa,I won't come next time,
chat_fnb_4_opener,Anh/chị đã sẵn sàng gọi món chưa ạ?,Are you ready to order?,
chat_fnb_4_t0_them,"Dạ, không vội đâu ạ, cứ từ từ","No rush at all, take your time",
chat_fnb_4_t0_you0,"Dạ, cho tôi xem thực đơn thêm chút được không?",Could I look at the menu a bit more?,
chat_fnb_4_t0_you1,"Gọi luôn đi, tôi vội","Just order for me, I'm in a hurry",
chat_fnb_4_t0_you2,Món nào cũng được,Any dish is fine,
chat_fnb_4_t1_them,"Dạ, hôm nay có cá hồi nướng sốt chanh",Today we have grilled salmon with lemon sauce,
chat_fnb_4_t1_you0,Món đặc biệt hôm nay là gì vậy?,What's today's special?,
chat_fnb_4_t1_you1,Chắc không có gì đặc biệt,Probably nothing special,
chat_fnb_4_t1_you2,Tôi không thích món đặc biệt,I don't like specials,
chat_fnb_4_t2_them,"Dạ, lựa chọn tuyệt vời ạ",Excellent choice,
chat_fnb_4_t2_you0,"Nghe ngon đó, cho tôi một phần","Sounds delicious, I'll have one",
chat_fnb_4_t2_you1,Nghe không hấp dẫn lắm,Doesn't sound very appealing,
chat_fnb_4_t2_you2,Tôi để suy nghĩ đã,Let me think about it more,
chat_fnb_4_t3_them,"Dạ, em mang ngay ạ",I'll bring it right away,
chat_fnb_4_t3_you0,Cho tôi thêm một ly nước lọc nữa,One more glass of water please,
chat_fnb_4_t3_you1,Nước ở đâu vậy?,Where's the water?,
chat_fnb_4_t3_you2,Tôi tự lấy được,I'll get it myself,
chat_fnb_5_opener,"Chào bạn, đơn hàng ShopeeFood đây","Hi, here's your ShopeeFood order",
chat_fnb_5_t0_them,"Dạ, tổng cộng là 120 nghìn nhé","That's 120,000 total",
chat_fnb_5_t0_you0,"Cảm ơn anh, cho tôi xin đơn hàng","Thank you, let me get the order",
chat_fnb_5_t0_you2,Để đó đi,Just leave it there,
chat_fnb_5_t1_them,"Dạ được, anh/chị đưa tiền giúp em","Sure, please hand over the payment",
chat_fnb_5_t1_you0,Tôi trả tiền mặt được không?,Can I pay cash?,
chat_fnb_5_t1_you1,Tôi không có tiền,I don't have any money,
chat_fnb_5_t1_you2,Trả sau được không?,Can I pay later?,
chat_fnb_5_t2_them,"Dạ, cảm ơn anh/chị nhiều!",Thank you so much!,
chat_fnb_5_t2_you0,"Đây, gửi anh, khỏi thối lại nhé","Here you go, keep the change",
chat_fnb_5_t2_you1,"Đây, thối lại đủ nhé","Here, give me exact change",
chat_fnb_5_t2_you2,Tôi không có đủ tiền,I don't have enough,
chat_fnb_5_t3_them,"Dạ, chào anh/chị, hẹn gặp lại!","Take care, see you next time!",
chat_fnb_5_t3_you0,"Cảm ơn anh, chạy xe cẩn thận nhé","Thanks, ride safe",
chat_fnb_5_t3_you1,Lần sau giao nhanh hơn,Deliver faster next time,
chat_fnb_5_t3_you2,Ok,Ok,
chat_fnb_6_opener,Nhóm mình ăn lẩu gì đây?,What kind of hot pot should we get?,
chat_fnb_6_t0_them,"Được đó, gọi lẩu thái nhé!","Sounds good, let's get Thai hot pot!",
chat_fnb_6_t0_you0,Lẩu thái được không mọi người?,"How about Thai hot pot, everyone?",
chat_fnb_6_t0_you1,Tuỳ mọi người thôi,Up to everyone,
chat_fnb_6_t0_you2,Tôi không thích lẩu,I don't like hot pot,
chat_fnb_6_t1_them,"Được, gọi luôn nhé","Got it, ordering now",
chat_fnb_6_t1_you0,Cho thêm phần rau và nấm nhé,Add a portion of vegetables and mushrooms,
chat_fnb_6_t1_you1,Chỉ cần thịt thôi,Just meat is fine,
chat_fnb_6_t1_you2,Tôi không ăn rau,I don't eat vegetables,
chat_fnb_6_t2_them,"Được rồi, bỏ vào thoải mái nhé","Yeah, go ahead and add whatever",
chat_fnb_6_t2_you0,"Nước lẩu sôi rồi, bỏ đồ vào được chưa?","The broth is boiling, can we start adding things?",
chat_fnb_6_t2_you1,Chờ thêm chút nữa,Wait a bit more,
chat_fnb_6_t2_you2,Tôi không biết khi nào bỏ vào,I don't know when to add things,
chat_fnb_6_t3_them,"Vui ghê, lần sau đi tiếp nha!","So fun, let's do this again sometime!",
chat_fnb_6_t3_you0,"Ngon quá, cảm ơn mọi người đã rủ đi ăn","So good, thanks everyone for inviting me",
chat_fnb_6_t3_you1,Lẩu này bình thường thôi,This hot pot is just average,
chat_fnb_6_t3_you2,"Tôi no rồi, không ăn nữa","I'm full, not eating anymore",
chat_health_0_opener,Bạn bị làm sao vậy?,What's wrong?,
chat_health_0_t0_them,Để tôi khám cho bạn nhé,Let me examine you,
chat_health_0_t0_you0,Tôi bị sốt và đau đầu,I have a fever and headache,
chat_health_0_t0_you1,Tôi khoẻ mà,I'm fine,
chat_health_0_t0_you2,Bao giờ tôi khoẻ lại?,When will I be better?,
chat_health_0_t1_them,Bạn có bị dị ứng thuốc gì không?,Are you allergic to any medication?,
chat_health_0_t1_you0,Tôi bị vậy khoảng hai ngày rồi,I've had this for about two days,
chat_health_0_t2_them,"Được, tôi sẽ kê đơn cho bạn","Okay, I'll write you a prescription",
chat_health_0_t2_you0,"Không, tôi không bị dị ứng gì","No, I'm not allergic to anything",
chat_health_0_t2_you2,Thuốc gì cũng được,Any medicine is fine,
chat_health_0_t3_them,Nhớ uống thuốc đúng giờ nhé,Remember to take the medicine on time,
chat_health_0_t3_you0,Cảm ơn bác sĩ nhiều,"Thank you so much, doctor",
chat_health_0_t3_you1,Thuốc này có tác dụng phụ không?,Does this medicine have side effects?,
chat_health_1_opener,Bạn cần mua thuốc gì?,What medicine do you need?,
chat_health_1_t0_them,Bạn có triệu chứng gì khác không?,Any other symptoms?,
chat_health_1_t0_you0,Tôi cần thuốc hạ sốt,I need fever medicine,
chat_health_1_t1_them,Vậy tôi sẽ đưa bạn thêm thuốc ngậm ho,I'll also give you throat lozenges,
chat_health_1_t1_you0,Tôi cũng bị đau họng,I also have a sore throat,
chat_health_1_t1_you1,Tôi không muốn nói,I don't want to say,
chat_health_1_t1_you2,Bạn tự đoán đi,You guess,
chat_health_1_t2_them,Tất cả là 45 nghìn đồng,"That's 45,000 dong total",
chat_health_1_t2_you0,Bao nhiêu tiền tất cả vậy?,How much for everything?,
chat_health_1_t2_you2,Tôi trả sau được không,Can I pay later?,
chat_health_1_t3_them,"Cảm ơn bạn, mau khỏe nhé","Thank you, get well soon",
chat_health_1_t3_you0,"Dạ, gửi tiền chị nè",Here's the money,
chat_health_1_t3_you2,Thôi tôi không mua nữa,"Never mind, I won't buy it",
chat_housing_0_opener,Bạn đang tìm phòng loại nào?,What kind of place are you looking for?,
chat_housing_0_t0_them,"Tôi có vài chỗ phù hợp, ngân sách bạn khoảng bao nhiêu?","I have a few good options, what's your budget?",
chat_housing_0_t0_you0,"Tôi cần phòng một phòng ngủ, gần trung tâm",I need a one-bedroom near downtown,
chat_housing_0_t0_you1,Phòng nào cũng được,Any room is fine,
chat_housing_0_t0_you2,Tôi chưa muốn thuê,I don't want to rent yet,
chat_housing_0_t1_them,"Được, tôi có một căn rất hợp, xem thử nhé?","I have one that's a great fit, want to see it?",
chat_housing_0_t1_you0,Khoảng 8 triệu một tháng,About 8 million a month,
chat_housing_0_t1_you1,Tiền không phải vấn đề,Money isn't an issue,
chat_housing_0_t2_them,Chiều nay được không?,Is this afternoon okay?,
chat_housing_0_t2_you0,"Được, khi nào xem được vậy?","Sure, when can I see it?",
chat_housing_0_t2_you1,Chắc không hợp đâu,Probably won't fit,
chat_housing_0_t2_you2,Gửi ảnh trước đi,Send photos first,
chat_housing_0_t3_them,"Tuyệt, hẹn gặp bạn nhé!","Great, see you then!",
chat_housing_0_t3_you0,"Được, hẹn gặp anh lúc 3 giờ","Sounds good, see you at 3",
chat_housing_0_t3_you1,Tôi bận rồi,I'm busy,
chat_housing_1_opener,"Chào bạn, đây là chìa khoá phòng của bạn","Hi, here's your room key",
chat_housing_1_t0_them,Wifi và tiền điện nước tính riêng nhé,Wifi and utilities are billed separately,
chat_housing_1_t0_you0,"Cảm ơn cô, phòng có gì cần lưu ý không ạ?","Thank you, is there anything I should know about the room?",
chat_housing_1_t0_you1,Chìa khoá đâu nữa không?,Are there more keys?,
chat_housing_1_t0_you2,Tôi vào luôn được chưa?,Can I go in now?,
chat_housing_1_t1_them,"Khoảng 300 nghìn tiền điện nước, wifi 100 nghìn","About 300k for utilities, 100k for wifi",
chat_housing_1_t1_you0,"Dạ, khoảng bao nhiêu một tháng vậy cô?",About how much per month?,
chat_housing_1_t1_you1,Mắc quá,Too expensive,
chat_housing_1_t2_them,Có gì cần thì cứ nhắn cho cô nhé,Message me if you need anything,
chat_housing_1_t2_you0,"Dạ được, con hiểu rồi ạ","Got it, understood",
chat_housing_1_t2_you1,Sao mắc vậy cô,Why so expensive,
chat_housing_1_t2_you2,Con trả gộp vào tiền nhà được không,Can I just pay it with rent?,
chat_housing_1_t3_them,"Không có gì, chúc con ở vui vẻ nhé!","No problem, enjoy your new place!",
chat_housing_1_t3_you1,Chắc con không cần đâu,I probably won't need anything,
chat_housing_1_t3_you2,Số điện thoại cô là gì?,What's your phone number?,
chat_outdoors_0_opener,Mọi người tập trung ở bãi đậu xe lúc 7 giờ sáng nhé,Everyone gather at the parking lot at 7am,
chat_outdoors_0_t0_them,"Tốt, nhớ mang theo lều và túi ngủ nhé","Great, remember to bring a tent and sleeping bag",
chat_outdoors_0_t0_you0,"Dạ, tôi sẽ có mặt đúng giờ",I'll be there on time,
chat_outdoors_0_t0_you1,Sớm vậy?,That early?,
chat_outdoors_0_t0_you2,Tôi chắc không đi kịp đâu,I probably won't make it in time,
chat_outdoors_0_t1_them,"Mang thêm đèn pin và áo ấm nhé, trên đó lạnh lắm","Bring a flashlight and warm clothes too, it gets cold up there",
chat_outdoors_0_t1_you0,"Tôi có lều rồi, cần mang gì thêm không?","I have a tent, anything else I should bring?",
chat_outdoors_0_t1_you1,Tôi không có lều,I don't have a tent,
chat_outdoors_0_t1_you2,Chắc không cần mang gì,Probably don't need to bring anything,
chat_outdoors_0_t2_them,"Tốt, hẹn gặp mọi người sáng mai nhé!","Great, see everyone tomorrow morning!",
chat_outdoors_0_t2_you1,Lạnh vậy chắc tôi không đi,"That cold, I probably won't go",
chat_outdoors_0_t2_you2,"Tôi quên đồ hoài, chắc lại quên nữa","I always forget stuff, I'll probably forget again",
chat_outdoors_0_t3_them,"Không có gì, chuyến này sẽ vui lắm đó!","No problem, this trip is going to be great!",
chat_outdoors_0_t3_you0,"Dạ, cảm ơn anh/chị đã tổ chức chuyến đi này",Thank you for organizing this trip,
chat_outdoors_0_t3_you1,Chuyến đi này chắc mệt lắm,This trip is probably going to be exhausting,
chat_outdoors_0_t3_you2,Hy vọng không có gì trục trặc,Hopefully nothing goes wrong,
chat_outdoors_1_opener,Lại đây ngồi cạnh lửa cho ấm nè,Come sit by the fire to stay warm,
chat_outdoors_1_t0_them,"Ừ, đợi lát nữa nướng khoai lang nhé","Yeah, in a bit we'll grill some sweet potatoes",
chat_outdoors_1_t0_you0,"Cảm ơn, ở đây đẹp quá","Thanks, it's beautiful here",
chat_outdoors_1_t0_you1,Tôi không lạnh đâu,I'm not cold,
chat_outdoors_1_t0_you2,Lửa này nhỏ quá,This fire is too small,
chat_outdoors_1_t1_them,Vậy để tôi chỉ bạn cách nướng nhé,Then let me show you how,
chat_outdoors_1_t1_you0,"Nghe hay đó, tôi chưa từng nướng khoai lang trên lửa","Sounds great, I've never grilled sweet potatoes over a fire",
chat_outdoors_1_t1_you1,Khoai lang chán lắm,Sweet potatoes are boring,
chat_outdoors_1_t1_you2,Tôi không ăn khoai lang,I don't eat sweet potatoes,
chat_outdoors_1_t2_them,"Thường xuyên lắm, mình thích thiên nhiên","Pretty often, I love nature",
chat_outdoors_1_t2_you0,"Cảm ơn, bạn hay đi cắm trại không?","Thanks, do you camp often?",
chat_outdoors_1_t2_you1,Tôi tự làm được,I can do it myself,
chat_outdoors_1_t2_you2,Cắm trại chán lắm,Camping is boring,
chat_outdoors_1_t3_them,"Có chứ, lần sau dẫn bạn đi chỗ đẹp hơn nữa!","Definitely, next time I'll take you somewhere even better!",
chat_outdoors_1_t3_you0,Vậy chắc bạn biết nhiều chỗ hay ha,You must know a lot of great spots then,
chat_outdoors_1_t3_you1,Chắc bạn không biết nhiều đâu,You probably don't know much,
chat_outdoors_1_t3_you2,Tôi thích ở nhà hơn,I prefer staying home,
chat_outdoors_2_opener,"Đường phía trước gồ ghề lắm, cẩn thận nhé","The road ahead is really rough, be careful",
chat_outdoors_2_t0_them,"Tốt, giữ khoảng cách với xe trước nhé","Good, keep some distance from the car ahead",
chat_outdoors_2_t0_you0,"Dạ, tôi sẽ đi chậm lại","Got it, I'll slow down",
chat_outdoors_2_t0_you1,"Tôi quen rồi, không sao đâu","I'm used to it, it's fine",
chat_outdoors_2_t0_you2,Đường nào cũng vậy thôi,All roads are like this,
chat_outdoors_2_t1_them,"Chuẩn rồi, sắp tới đoạn lội suối đó","Perfect, we're coming up on a river crossing",
chat_outdoors_2_t1_you0,"Được, tôi sẽ giữ khoảng cách an toàn","Got it, I'll keep a safe distance",
chat_outdoors_2_t1_you1,Khoảng cách bao nhiêu cũng được,Any distance is fine,
chat_outdoors_2_t1_you2,Tôi thích bám sát xe trước,I like following closely,
chat_outdoors_2_t2_them,"Không sâu lắm, đi số thấp là qua được","Not too deep, low gear will get you through",
chat_outdoors_2_t2_you0,Đoạn lội suối sâu không vậy?,Is the river crossing deep?,
chat_outdoors_2_t2_you2,Tôi không lội suối đâu,I'm not crossing the river,
chat_outdoors_2_t3_them,"Được, tôi theo sau, có gì báo liền nhé!","Alright, I'm right behind you, shout if anything comes up!",
chat_outdoors_2_t3_you0,"Dạ, cảm ơn đã hướng dẫn, tôi qua đây","Thanks for the guidance, heading through now",
chat_outdoors_2_t3_you1,Tôi không tin lắm,I don't really trust that,
chat_outdoors_2_t3_you2,Để tôi đi trước xem sao,Let me go first and see,
chat_outdoors_3_opener,"Chào bạn, nhóm bạn có mấy người vậy?","Hi, how many people are in your group?",
chat_outdoors_3_t0_them,"Được, nhớ đăng ký trước khi cắm trại nhé","Okay, remember to register before camping",
chat_outdoors_3_t0_you0,"Dạ, nhóm tôi có 6 người",My group has 6 people,
chat_outdoors_3_t0_you2,Nhiều lắm,A lot,
chat_outdoors_3_t1_them,Ở trạm kiểm lâm phía trước đó,At the ranger station up ahead,
chat_outdoors_3_t1_you0,Đăng ký ở đâu vậy anh?,Where do I register?,
chat_outdoors_3_t1_you1,Tôi không muốn đăng ký,I don't want to register,
chat_outdoors_3_t1_you2,Chắc không cần đâu,Probably not necessary,
chat_outdoors_3_t2_them,Khu vực gần suối là an toàn nhất,The area near the stream is safest,
chat_outdoors_3_t2_you0,Khu vực nào an toàn để cắm trại vậy?,Which area is safe to camp in?,
chat_outdoors_3_t2_you1,Chỗ nào cũng được,Anywhere is fine,
chat_outdoors_3_t2_you2,Tôi tự chọn chỗ được,I'll just pick a spot myself,
chat_outdoors_3_t3_them,"Được, chúc mọi người cắm trại vui vẻ!","Great, have a fun camping trip!",
chat_outdoors_3_t3_you0,"Cảm ơn anh, chúng tôi sẽ cắm trại ở đó","Thanks, we'll camp there",
chat_outdoors_3_t3_you2,Tôi thích chỗ khác hơn,I prefer a different spot,
chat_outdoors_4_opener,"Đây là lần đầu mình đi cắm trại, hơi lo","This is my first time camping, kind of nervous",
chat_outdoors_4_t0_them,"Cảm ơn bạn nhiều, mình yên tâm hơn rồi","Thanks so much, I feel more at ease now",
chat_outdoors_4_t0_you0,"Đừng lo, mình sẽ chỉ bạn hết","Don't worry, I'll show you everything",
chat_outdoors_4_t0_you1,Cắm trại khó lắm đó,Camping is really hard,
chat_outdoors_4_t0_you2,Tự học đi,Figure it out yourself,
chat_outdoors_4_t1_them,"Ok, mình theo bạn nhé","Okay, I'll follow your lead",
chat_outdoors_4_t1_you0,Đầu tiên mình dựng lều trước nhé,First let's set up the tent,
chat_outdoors_4_t1_you1,Làm gì cũng được,Do whatever,
chat_outdoors_4_t1_you2,Để mình làm hết cho,I'll just do everything for you,
chat_outdoors_4_t2_them,"Được, mình thử xem sao","Okay, let me give it a try",
chat_outdoors_4_t2_you0,"Bạn cầm cái này, mình cầm cái kia nhé","You hold this, I'll hold that",
chat_outdoors_4_t2_you1,Đứng đó nhìn thôi,Just stand there and watch,
chat_outdoors_4_t2_you2,"Việc này khó lắm, để mình làm","This is too hard, let me do it",
chat_outdoors_4_t3_them,"Cảm ơn bạn, mình thấy vui lắm!","Thank you, I had a lot of fun!",
chat_outdoors_4_t3_you0,Bạn làm tốt lắm cho lần đầu đó!,You did great for a first time!,
chat_outdoors_4_t3_you1,Cũng tạm được,It's okay I guess,
chat_outdoors_4_t3_you2,Lần sau làm tốt hơn nhé,Do better next time,
chat_travel_0_opener,Bạn đang đứng ở đâu vậy?,Where are you standing?,
chat_travel_0_t0_them,"Ok, tôi tới trong 2 phút","Ok, I'll be there in 2 minutes",
chat_travel_0_t0_you0,Tôi đứng ở cổng chính,I'm at the main gate,
chat_travel_0_t0_you1,Tôi không biết ở đâu,I don't know where I am,
chat_travel_0_t0_you2,Xe bạn màu gì?,What color is your car?,
chat_travel_0_t1_them,Tới nơi rồi bạn nhé!,I've arrived!,
chat_travel_0_t1_you0,"Cảm ơn, tôi đợi ở đây","Thanks, I'll wait here",
chat_travel_0_t1_you1,Tôi huỷ chuyến,I'm cancelling,
chat_travel_0_t1_you2,Bạn tới chưa?,Are you here yet?,
chat_travel_0_t2_them,"Đúng rồi, lên xe đi bạn","That's right, hop in",
chat_travel_0_t2_you0,"Đây rồi, xe màu trắng phải không?","Here you are, white car right?",
chat_travel_0_t2_you1,Xe nào đây?,Which car is this?,
chat_travel_0_t2_you2,Tôi không thấy xe bạn,I don't see your car,
chat_travel_0_t3_them,"Được, khoảng 30 phút nhé","Okay, about 30 minutes",
chat_travel_0_t3_you0,"Cho tôi đến sân bay, cảm ơn anh","Take me to the airport, thank you",
chat_travel_0_t3_you1,Tuỳ anh chở đi đâu cũng được,Take me wherever you want,
chat_travel_0_t3_you2,Tôi quên địa chỉ rồi,I forgot the address,
chat_travel_1_opener,"Túi này đẹp lắm, 800 nghìn thôi!","This bag is lovely, only 800k!",
chat_travel_1_t0_them,"Thôi được, 250 nghìn nhé","Alright, 250k then",
chat_travel_1_t0_you0,"Đắt quá, bớt được không?","Too expensive, can you lower it?",
chat_travel_1_t0_you1,"Được rồi, tôi mua ngay","Ok, I'll buy it now",
chat_travel_1_t0_you2,Tôi mua ở chỗ khác vậy,I'll buy elsewhere then,
chat_travel_1_t1_them,"Tổng cộng 250,000 đồng nhé bạn.","Total is 250,000 dong.",
chat_travel_1_t1_you0,"Được rồi, cảm ơn!","Deal, thank you!",
chat_travel_1_t1_you1,Vẫn đắt quá,Still too expensive,
chat_travel_1_t1_you2,Bớt thêm chút nữa đi,Lower it a bit more,
chat_travel_1_t2_them,"Dạ, gửi lại bạn 50,000 nhé.","Sure, here's your 50,000 change.",
chat_travel_1_t2_you0,"Đây 300,000. Thối lại cho tôi nhé.","Here's 300,000. Please give me the change.",
chat_travel_1_t2_you1,"Đây 300,000.","Here's 300,000.",
chat_travel_1_t2_you2,Có tờ nhỏ hơn không?,Do you have smaller bills?,
chat_travel_1_t3_them,"Cảm ơn em, lần sau ghé nữa nhé!","Thank you, come back again!",
chat_travel_1_t3_you0,"Cảm ơn chị, chúc buôn bán tốt nhé","Thank you, wishing you good business",
chat_travel_1_t3_you1,Thôi tôi đi đây,I'm off then,
chat_travel_1_t3_you2,Lần sau tôi mua nữa,I'll buy again next time,
chat_travel_2_opener,Anh/chị đã đặt phòng chưa?,Have you booked a room?,
chat_travel_2_t0_them,Cho tôi xem hộ chiếu nhé,May I see your passport?,
chat_travel_2_t0_you0,"Dạ rồi, tên tôi là...","Yes, my name is...",
chat_travel_2_t0_you1,"Chưa, tôi mới tới","No, I just arrived",
chat_travel_2_t1_them,"Cảm ơn, phòng của anh/chị ở tầng 3","Thank you, your room is on the 3rd floor",
chat_travel_2_t1_you0,Đây ạ,Here you go,
chat_travel_2_t1_you1,Tôi không mang theo,I don't have it with me,
chat_travel_2_t1_you2,Chụp ảnh được không?,Can I take a photo of it?,
chat_travel_2_t2_them,"Dạ, 12 giờ trưa ạ",Noon,
chat_travel_2_t2_you0,Giờ trả phòng là mấy giờ vậy?,What time is checkout?,
chat_travel_2_t2_you1,Tôi không quan tâm giờ trả phòng,I don't care about checkout time,
chat_travel_2_t2_you2,Tôi ở luôn không trả phòng,"I'll just stay forever, no checkout",
chat_travel_2_t3_them,"Dạ có, từ 6 đến 9 giờ sáng","Yes, 6 to 9am",
chat_travel_2_t3_you0,Có bữa sáng miễn phí không?,Is breakfast included?,
chat_travel_2_t3_you1,Chắc là có,Probably,
chat_travel_2_t3_you2,Tôi không ăn sáng bao giờ,I never eat breakfast,
chat_travel_3_t0_them,Xe chạy lúc 8 giờ tối nhé,The bus leaves at 8pm,
chat_travel_3_t0_you0,Cho tôi một vé đi Đà Nẵng,One ticket to Da Nang please,
chat_travel_3_t0_you1,Tôi chưa biết,I don't know yet,
chat_travel_3_t0_you2,Xe nào cũng được,Any bus is fine,
chat_travel_3_t1_them,350 nghìn đồng nhé,"350,000 dong",
chat_travel_3_t1_you0,Vé bao nhiêu tiền vậy?,How much is the ticket?,
chat_travel_3_t1_you2,Trả bằng gì cũng được,Any payment method is fine,
chat_travel_3_t2_them,"Dạ có wifi, nhà vệ sinh thì xe dừng dọc đường","Yes wifi, and the bus stops along the way for restroom breaks",
chat_travel_3_t2_you0,Xe có wifi và nhà vệ sinh không?,Does the bus have wifi and a bathroom?,
chat_travel_3_t3_them,"Dạ, đây vé của anh/chị, chúc đi vui vẻ!","Here's your ticket, have a good trip!",
chat_travel_3_t3_you0,"Vậy cho tôi một vé nhé, đây tiền","Okay, one ticket then, here's the money",
chat_travel_3_t3_you2,Có giảm giá không?,Any discount?,
chat_travel_4_opener,"Chào mọi người, mình là hướng dẫn viên hôm nay","Hi everyone, I'll be your guide today",
chat_travel_4_t0_them,"Khoảng 3 tiếng, mình sẽ ghé 4 điểm","About 3 hours, we'll stop at 4 places",
chat_travel_4_t0_you0,"Chào anh/chị, chuyến đi hôm nay bao lâu vậy?","Hello, how long is today's tour?",
chat_travel_4_t0_you1,Tôi không cần hướng dẫn,I don't need a guide,
chat_travel_4_t0_you2,Đi đâu vậy?,Where are we going?,
chat_travel_4_t1_them,Đầu tiên là chợ Bến Thành nhé,First is Ben Thanh Market,
chat_travel_4_t1_you0,Điểm đầu tiên là gì vậy ạ?,What's the first stop?,
chat_travel_4_t1_you1,Tôi không quan tâm lịch trình,I don't care about the itinerary,
chat_travel_4_t1_you2,Chắc chán lắm,Probably boring,
chat_travel_4_t2_them,Đây là chợ lâu đời nhất Sài Gòn đó,It's the oldest market in Saigon,
chat_travel_4_t2_you0,Ở đó có gì đặc biệt vậy anh/chị?,What's special there?,
chat_travel_4_t2_you1,Tôi biết chỗ đó rồi,I already know that place,
chat_travel_4_t2_you2,Chợ nào cũng giống nhau,All markets are the same,
chat_travel_4_t3_them,"Dạ, mình bắt đầu thôi nào!","Alright, let's get started!",
chat_travel_4_t3_you0,"Cảm ơn anh/chị, mong chờ chuyến đi này","Thank you, looking forward to this trip",
chat_travel_4_t3_you1,"Nhanh lên, tôi vội","Hurry up, I'm in a rush",
chat_travel_4_t3_you2,Hy vọng không chán,Hope it's not boring,
chat_travel_5_opener,Cho tôi xem hộ chiếu của anh/chị,May I see your passport?,
chat_travel_5_t0_them,Mục đích chuyến đi của anh/chị là gì?,What's the purpose of your trip?,
chat_travel_5_t0_you0,"Dạ, đây ạ",Here you go,
chat_travel_5_t0_you2,Để tôi tìm đã,Let me find it,
chat_travel_5_t1_them,Anh/chị ở lại bao lâu?,How long will you be staying?,
chat_travel_5_t1_you0,Tôi đi du lịch,I'm traveling for tourism,
chat_travel_5_t1_you1,Không phải việc của bạn,Not your business,
chat_travel_5_t2_them,"Được rồi, chúc anh/chị có chuyến đi vui vẻ","Alright, enjoy your trip",
chat_travel_5_t2_you0,Khoảng hai tuần ạ,About two weeks,
chat_travel_5_t2_you1,Chắc không biết nữa,Not sure anymore,
chat_travel_5_t2_you2,Ở luôn không về,"Staying forever, not going back",
chat_travel_5_t3_them,"Dạ, mời anh/chị đi tiếp",Please go ahead,
chat_travel_5_t3_you0,Cảm ơn anh/chị,Thank you,
chat_travel_5_t3_you2,Lâu vậy,That took a while,
chat_travel_6_opener,Anh/chị muốn thuê xe loại nào?,What kind of bike would you like to rent?,
chat_travel_6_t0_them,"Được, thuê mấy ngày vậy?","Sure, how many days?",
chat_travel_6_t0_you0,Cho tôi thuê một chiếc xe số tự động,I'd like to rent an automatic scooter,
chat_travel_6_t0_you2,Tôi chưa từng lái xe máy,I've never ridden a motorbike,
chat_travel_6_t1_them,Giá là 150 nghìn một ngày nhé,That's 150k per day,
chat_travel_6_t1_you0,Khoảng 3 ngày,About 3 days,
chat_travel_6_t1_you1,Chưa biết nữa,Not sure yet,
chat_travel_6_t1_you2,Thuê luôn không trả,Rent it and never give it back,
chat_travel_6_t2_them,"Dạ, cọc 2 triệu hoặc giữ hộ chiếu","A 2 million deposit, or we can hold your passport",
chat_travel_6_t2_you0,Có cần đặt cọc không anh?,Do I need to leave a deposit?,
chat_travel_6_t2_you1,Tôi không có tiền cọc,I don't have deposit money,
chat_travel_6_t2_you2,Cọc để làm gì?,What's the deposit for?,
chat_travel_6_t3_them,"Được, đây là xe của anh/chị, lái cẩn thận nhé!","Great, here's your bike, ride safely!",
chat_travel_6_t3_you0,"Cho tôi gửi tiền cọc, không gửi hộ chiếu","I'll leave the cash deposit, not my passport",
chat_travel_6_t3_you1,Tôi gửi hộ chiếu vậy,I'll leave my passport then,
chat_travel_6_t3_you2,Tôi không cọc gì cả,I won't leave any deposit,
concept_c1_,đã,already (past),
concept_c1_bn,bạn,friend / you,
concept_c1_cm,cơm,cooked rice,
concept_c1_cmn,cảm ơn,thank you,
concept_c1_i,đi,to go,
concept_c1_khng,không,no / not,
concept_c1_n,ăn,to eat,
concept_c1_nc,nước,water,
concept_c1_nh,nhà,house,
concept_c1_s,sẽ,will (future),
concept_c1_vng,vâng,yes,
concept_c1_xincho,xin chào,hello,
concept_c10_Anhithngnh,Anh đi thẳng nhé.,"Go straight, okay?",
concept_c10_Dc,Dạ có.,Yes (respectful).,
concept_c10_Demhiu,"Dạ, em hiểu ạ.","Yes, I understand.",
concept_c11_Cylgiovin,Cô ấy là giáo viên.,She is a teacher.,
concept_c11_MnhlAnna,Mình là Anna.,I am Anna.,
concept_c11_MnhlNam,Mình là Nam.,I am Nam.,
concept_c12_Cyangnph,Cô ấy đang ăn phở.,She is eating pho.,
concept_c12_HanghctingVit,Họ đang học tiếng Việt.,They are studying Vietnamese.,
concept_c12_MnhangsngSiGn,Mình đang sống ở Sài Gòn.,I am living in Saigon.,
concept_c13_Bncikhng,Bạn có đói không?,Are you hungry?,
concept_c13_BncnitingAnhkhng,Bạn có nói tiếng Anh không?,Do you speak English?,
concept_c14_bamihainghnng,ba mươi hai nghìn đồng,thirty-two thousand dong,
concept_c14_bnmilm,bốn mươi lăm,forty-five,
concept_c14_nmminghnng,năm mươi nghìn đồng,fifty thousand dong,
concept_c15_Hmquamnhxemphimri,Hôm qua mình xem phim rồi.,I already watched a movie yesterday.,
concept_c15_Mnhhiuri,Mình hiểu rồi.,I understand now.,
concept_c15_Tinri,Tôi ăn rồi.,I already ate.,
concept_c16_Chiunaymnhiungcphnh,Chiều nay mình đi uống cà phê nhé?,Shall we go drink coffee this afternoon?,
concept_c16_Hmnaychngtainh,Hôm nay chúng ta đi nhé?,Shall we go today?,
concept_c16_Ngymaitinph,Ngày mai tôi ăn phở.,Tomorrow I will eat pho.,
concept_c17_Ticbnhm,Tôi có bánh mì.,I have bread.,
concept_c17_Tikhngc,Tôi không có.,I do not have any.,
concept_c17_ycbnhm,Ở đây có bánh mì.,There is bread here.,
concept_c18_Camhmnayrtti,Cam hôm nay rất tươi.,The oranges today are very fresh.,
concept_c18_Trirtmt,Trời rất mát.,The weather is very cool.,
concept_c18_Trrtnng,Trà rất nóng.,The tea is very hot.,
concept_c19_Gihngcabny,Gói hàng của bạn đây ạ.,Here is your package.,
concept_c19_inthoicati,Điện thoại của tôi.,My phone.,
concept_c19_Mcatiltmchnkhng,Mã của tôi là tám chín không.,My code is eight-nine-zero.,
concept_c20_baonhiutin,bao nhiêu tiền?,how much is it?,
concept_c20_bn,bán,to sell,
concept_c20_gi,giá,price,
concept_c20_gimgi,giảm giá,discount,
concept_c20_han,hóa đơn,receipt,
concept_c20_mua,mua,to buy,
concept_c20_ng,đồng,Vietnamese currency,
concept_c20_r,rẻ,cheap,
concept_c20_t,đắt,expensive,
concept_c20_th,thẻ,card,
concept_c20_tin,tiền,money,
concept_c20_tinmt,tiền mặt,cash,
concept_c20_tinthi,tiền thối,change (money),
concept_c20_tngcng,tổng cộng,total,
concept_c20_tnhtin,tính tiền,"the bill, please",
concept_c20_tqu,đắt quá,too expensive,
concept_c20_trbngthckhng,trả bằng thẻ được không?,can I pay by card?,
concept_c20_trtin,trả tiền,to pay,
concept_c21_Ticni,Tôi cần đi.,I need to go.,
concept_c21_Timunhontin,Tôi muốn hoàn tiền.,I want a refund.,
concept_c21_Timuntrli,Tôi muốn trả lại.,I want to return it.,
concept_c22_Cclnhnkhng,Có cỡ lớn hơn không?,Do you have a bigger size?,
concept_c22_Phngcatikhngcncnng,Phòng của tôi không có nước nóng.,My room has no hot water.,
concept_c22_Tithchtr,Tôi thích trà đá.,I like iced tea.,
concept_c23_Anhslm,Anh sẽ làm.,I will do it.,
concept_c23_Emsn,Em sẽ ăn.,I will eat.,
concept_c23_Tisi,Tôi sẽ đi.,I will go.,
concept_c24_Chngtii,Chúng tôi đã đi.,We went.,
concept_c24_Cyn,Cô ấy đã ăn.,She ate.,
concept_c24_Tilmvicmttrnghchainm,Tôi đã làm việc ở một trường học hai năm.,I worked at a school for two years.,
concept_c3_Chomnhncnha,Cho mình nước nha.,"Get me some water, please (used with a peer).",
concept_c3_Emchoanh,Em chào anh.,Hello (said by a younger person to an older man).,
concept_c3_Tilhcsinh,Tôi là học sinh.,I am a student (neutral and formal).,
concept_c4_Dkhngemkhnghiu,"Dạ không, em không hiểu ạ.","No, I don't understand.",
concept_c4_Emhiucha,Em hiểu chưa?,Do you understand yet?,
concept_c4_Tichan,Tôi chưa ăn.,I have not eaten yet.,
concept_c5_MnhntM,Mình đến từ Mỹ.,I come from America.,
concept_c5_Tiungcph,Tôi uống cà phê.,I drink coffee.,
concept_c6_Bncng,Bạn cần gì?,What do you need?,
concept_c6_Bnlai,Bạn là ai?,Who are you?,
concept_c6_Gatuu,Ga tàu ở đâu?,Where is the train station?,
concept_c7_Cynh,Cô ấy ở nhà.,She is at home.,
concept_c7_kia,Ở kia ạ.,It is over there.,
concept_c7_MnhsngHNi,Mình sống ở Hà Nội.,I live in Hanoi.,
concept_c8_bacibn,ba cái bàn,three tables,
concept_c8_haicccph,hai cốc cà phê,two cups of coffee,
concept_c8_mtcibnhngt,một cái bánh ngọt,one pastry,
concept_c9_ba,ba,three,
concept_c9_bami,ba mươi,thirty,
concept_c9_bamilm,ba mươi lăm,thirty-five,
concept_c9_bn,bốn,four,
concept_c9_bnmi,bốn mươi,forty,
concept_c9_by,bảy,seven,
concept_c9_bymi,bảy mươi,seventy,
concept_c9_chn,chín,nine,
concept_c9_chnmi,chín mươi,ninety,
concept_c9_hai,hai,two,
concept_c9_haimi,hai mươi,twenty,
concept_c9_haimimt,hai mươi mốt,twenty-one,
concept_c9_haitrmnmmi,hai trăm năm mươi,two hundred fifty,
concept_c9_mi,mười,ten,
concept_c9_mihai,mười hai,twelve,
concept_c9_milm,mười lăm,fifteen,
concept_c9_mimt,mười một,eleven,
concept_c9_minghn,mười nghìn,ten thousand,
concept_c9_mt,một,one,
concept_c9_mtnghn,một nghìn,one thousand,
concept_c9_mttriu,một triệu,one million,
concept_c9_mttrm,một trăm,one hundred,
concept_c9_mttrmnghn,một trăm nghìn,one hundred thousand,
concept_c9_nm,năm,five,
concept_c9_nmmi,năm mươi,fifty,
concept_c9_su,sáu,six,
concept_c9_sumi,sáu mươi,sixty,
concept_c9_tm,tám,eight,
concept_c9_tmmi,tám mươi,eighty,
core_1,Xin chào,Hello,
core_10,Ở đâu?,Where is it?,
core_12,Bạn nói tiếng Anh được không?,Do you speak English?,
core_13,Giúp tôi với!,Help me!,
core_14,Tôi muốn...,I want...,
core_15,Cho tôi...,Give me... / I'd like...,
core_16,Đi thẳng,Go straight,
core_17,Rẽ trái / Rẽ phải,Turn left / right,
core_18,Gần đây,Nearby,
core_19,Xa không?,Is it far?,
core_2,Cảm ơn,Thank you,
core_20,Mấy giờ?,What time is it?,
core_21,Hôm nay,Today,
core_22,Ngày mai,Tomorrow,
core_23,Tên tôi là...,My name is...,
core_24,Bạn tên là gì?,What's your name?,
core_25,Rất vui được gặp bạn,Nice to meet you,
core_26,Đắt quá,Too expensive,
core_27,Bớt chút được không?,Can you lower it a bit?,
core_28,Ngon quá!,So delicious!,
core_29,Không cay,Not spicy,
core_3,Không,No,
core_30,Nước,Water,
core_31,Tính tiền,"The bill, please",
core_32,Thối lại nhé,Please give me my change,
core_33,Chờ một chút,Wait a moment,
core_34,Tôi bị lạc,I'm lost,
core_35,Nhà vệ sinh ở đâu?,Where's the bathroom?,
core_36,Tôi cần...,I need...,
core_37,Tôi ổn,I'm fine,
core_38,Từ từ thôi,Take it slow / no rush,
core_39,Tôi suy nghĩ thêm,I'll think about it,
core_4,Dạ / Vâng,Yes (polite),
core_40,Đúng rồi,That's right,
core_5,Xin lỗi,Sorry / excuse me,
core_6,Làm ơn,Please,
core_7,Tạm biệt,Goodbye,
core_8,Được,Okay / that works,
core_9,Bao nhiêu tiền?,How much does it cost?,
cphrase_10,Lâu rồi không gặp,Long time no see,
cphrase_100,Tôi có thể hỏi một câu không?,Can I ask a question?,
cphrase_101,Cho tôi thêm một chút,Give me a bit more,
cphrase_102,Bạn cần tôi làm gì?,What do you need me to do?,
cphrase_103,Tôi xin phép ra ngoài,May I go outside,
cphrase_104,Bạn đợi ở đây nhé,Wait here please,
cphrase_105,Đưa tôi cái đó,Hand me that,
cphrase_106,Tôi có thể dùng cái này không?,Can I use this?,
cphrase_107,Cho tôi qua,Let me through,
cphrase_108,Xin đừng lo lắng,Please don't worry,
cphrase_109,Đừng ngại,Don't be shy,
cphrase_11,Dạo này thế nào?,How have you been lately?,
cphrase_110,Cứ tự nhiên,Make yourself at home,
cphrase_111,Bạn cứ nói,Go ahead and say it,
cphrase_112,Tôi mệt quá,I'm so tired,
cphrase_113,Tôi đói bụng,I'm hungry,
cphrase_114,Tôi no rồi,I'm full,
cphrase_115,Tôi khát nước,I'm thirsty,
cphrase_116,Tôi buồn ngủ,I'm sleepy,
cphrase_117,Tôi vui quá,I'm so happy,
cphrase_118,Tôi buồn,I'm sad,
cphrase_119,Tôi lo lắng,I'm worried,
cphrase_12,Khỏe không?,Are you doing well?,
cphrase_120,Tôi sợ,I'm scared,
cphrase_121,Tôi tức giận,I'm angry,
cphrase_122,Tôi thất vọng,I'm disappointed,
cphrase_123,Tôi hồi hộp,I'm nervous,
cphrase_124,Tôi thấy nhớ nhà,I feel homesick,
cphrase_125,Tôi cảm thấy tốt hơn rồi,I feel better now,
cphrase_126,Tôi thấy khó chịu,I feel unwell / uncomfortable,
cphrase_128,Tôi không sao,I'm okay,
cphrase_129,Tôi thấy tự hào,I feel proud,
cphrase_130,Tôi thấy nhẹ nhõm,I feel relieved,
cphrase_131,Tôi hào hứng quá,I'm so excited,
cphrase_132,Tôi ngại quá,I'm so embarrassed,
cphrase_133,Tôi chán quá,I'm so bored,
cphrase_134,Tôi bận quá,I'm so busy,
cphrase_135,Tôi rảnh,I'm free,
cphrase_136,Tôi thoải mái,I'm comfortable / relaxed,
cphrase_137,Bây giờ,Now,
cphrase_138,Lát nữa,In a bit,
cphrase_14,Hân hạnh được biết bạn,Pleased to know you,
cphrase_141,Hôm qua,Yesterday,
cphrase_142,Tuần này,This week,
cphrase_143,Tuần sau,Next week,
cphrase_144,Mỗi ngày,Every day,
cphrase_145,Thỉnh thoảng,Sometimes,
cphrase_146,Hiếm khi,Rarely,
cphrase_147,Thường xuyên,Often,
cphrase_148,Ngay bây giờ,Right now,
cphrase_149,Sớm,Early,
cphrase_15,Chúc một ngày tốt lành,Have a good day,
cphrase_150,Muộn rồi,It's late,
cphrase_151,Đến giờ rồi,It's time,
cphrase_152,Còn nhiều thời gian,There's still plenty of time,
cphrase_153,Sắp hết giờ rồi,Time's almost up,
cphrase_154,Từ bây giờ,From now on,
cphrase_155,Cả ngày,All day,
cphrase_156,Suốt đêm,All night,
cphrase_157,Cuối tuần này,This weekend,
cphrase_158,Vào buổi sáng,In the morning,
cphrase_159,Vào buổi tối,In the evening,
cphrase_160,Trước đây,Before / in the past,
cphrase_161,Sau này,Later on / in the future,
cphrase_162,Tôi thức dậy lúc 6 giờ,I wake up at 6,
cphrase_163,Tôi đi làm,I go to work,
cphrase_164,Tôi đi học,I go to school,
cphrase_165,Tôi về nhà,I go home,
cphrase_166,Tôi nấu ăn,I cook,
cphrase_167,Tôi rửa chén,I wash dishes,
cphrase_168,Tôi dọn dẹp nhà cửa,I clean the house,
cphrase_169,Tôi tắm,I take a shower,
cphrase_17,Cảm ơn rất nhiều,Thank you so much,
cphrase_170,Tôi đánh răng,I brush my teeth,
cphrase_171,Tôi thay quần áo,I change clothes,
cphrase_172,Tôi xem TV,I watch TV,
cphrase_173,Tôi nghe nhạc,I listen to music,
cphrase_174,Tôi đọc sách,I read a book,
cphrase_175,Tôi tập thể dục,I exercise,
cphrase_176,Tôi đi ngủ,I go to sleep,
cphrase_177,Tôi đi dạo,I go for a walk,
cphrase_178,Tôi gặp bạn bè,I meet up with friends,
cphrase_179,Tôi làm việc nhà,I do housework,
cphrase_18,Không có gì,You're welcome,
cphrase_180,Tôi kiểm tra điện thoại,I check my phone,
cphrase_181,Tôi trả lời email,I reply to emails,
cphrase_182,Tôi lái xe đi làm,I drive to work,
cphrase_183,Tôi đón con,I pick up my kid,
cphrase_184,Tôi cho thú cưng ăn,I feed my pet,
cphrase_185,Tôi tưới cây,I water the plants,
cphrase_186,Tôi giặt đồ,I do laundry,
cphrase_187,Tôi ủi quần áo,I iron clothes,
cphrase_188,Tôi sạc điện thoại,I charge my phone,
cphrase_189,Tôi khóa cửa,I lock the door,
cphrase_190,Tôi tắt đèn,I turn off the light,
cphrase_191,Tôi mở cửa sổ,I open the window,
cphrase_192,Đây là gia đình tôi,This is my family,
cphrase_193,Bố tôi,My dad,
cphrase_194,Mẹ tôi,My mom,
cphrase_195,Anh trai tôi,My older brother,
cphrase_196,Chị gái tôi,My older sister,
cphrase_197,Em trai tôi,My younger brother,
cphrase_198,Em gái tôi,My younger sister,
cphrase_199,Vợ tôi,My wife,
cphrase_2,Chào bạn,Hi (to a friend),
cphrase_20,Tôi xin lỗi,I'm sorry,
cphrase_200,Chồng tôi,My husband,
cphrase_201,Con tôi,My child,
cphrase_202,Ông bà tôi,My grandparents,
cphrase_203,Bạn thân của tôi,My close friend,
cphrase_204,Người yêu của tôi,My partner,
cphrase_205,Gia đình tôi có 4 người,There are 4 people in my family,
cphrase_206,Tôi nhớ gia đình,I miss my family,
cphrase_207,Chúng tôi rất thân nhau,We're very close,
cphrase_208,Anh ấy là đồng nghiệp của tôi,He's my coworker,
cphrase_209,Cô ấy là hàng xóm của tôi,She's my neighbor,
cphrase_21,Không sao đâu,It's okay / no worries,
cphrase_210,Chúng tôi lớn lên cùng nhau,We grew up together,
cphrase_211,Tôi quan tâm đến bạn,I care about you,
cphrase_212,Tôi đói rồi,I'm hungry now,
cphrase_213,Chúng ta ăn gì đây?,What should we eat?,
cphrase_214,Món này ngon quá,This dish is so delicious,
cphrase_215,Cho tôi thêm một chút nữa,Give me a bit more,
cphrase_216,Tôi ăn chay,I'm vegetarian,
cphrase_217,Tôi bị dị ứng với hải sản,I'm allergic to seafood,
cphrase_218,Món này cay quá,This dish is too spicy,
cphrase_219,Tôi không ăn được cay,I can't eat spicy food,
cphrase_22,Làm phiền bạn rồi,Sorry to bother you,
cphrase_220,Cho tôi một ly nước,One glass of water please,
cphrase_222,Ăn thử đi,Try it,
cphrase_223,"Ngon lắm, cảm ơn","Delicious, thank you",
cphrase_224,Tôi muốn gọi món,I'd like to order,
cphrase_225,Tính tiền giúp tôi,Check please,
cphrase_226,Ăn cơm chưa?,Have you eaten yet?,
cphrase_227,Tôi đang giảm cân,I'm on a diet,
cphrase_228,Món này mặn quá,This is too salty,
cphrase_229,Ăn nhiều vào,Eat a lot,
cphrase_23,Cho tôi hỏi,May I ask...,
cphrase_230,Cho tôi thực đơn,Menu please,
cphrase_231,Cạn ly!,Cheers!,
cphrase_232,Tôi thèm phở quá,I'm craving phở,
cphrase_233,Nấu ăn ngon quá,You cook so well,
cphrase_234,Để tôi rửa bát,Let me wash the dishes,
cphrase_235,Chưa chín,Not cooked yet,
cphrase_236,Nguội rồi,It's gotten cold,
cphrase_237,Còn nóng không?,Is it still hot?,
cphrase_238,Ăn được không?,Is it edible / can you eat it?,
cphrase_239,Uống cà phê không?,Want some coffee?,
cphrase_24,Xin phép,Excuse me / with your permission,
cphrase_240,Tôi pha trà nhé,I'll make some tea,
cphrase_241,Đồ ăn còn nhiều lắm,There's plenty of food left,
cphrase_244,Rẻ hơn được không?,Can it be cheaper?,
cphrase_245,Tôi mua cái này,I'll buy this one,
cphrase_246,Tôi không mua nữa,I won't buy it,
cphrase_248,Trả bằng thẻ được không?,Can I pay by card?,
cphrase_249,Trả tiền mặt,Pay cash,
cphrase_25,Phiền bạn một chút,Could I trouble you for a moment,
cphrase_250,Cho tôi hóa đơn,Receipt please,
cphrase_251,Tôi hết tiền rồi,I'm out of money,
cphrase_252,Có size khác không?,Do you have another size?,
cphrase_253,Cho tôi thử được không?,Can I try it on?,
cphrase_255,Có màu khác không?,Any other colors?,
cphrase_256,Đây có phải giá tốt nhất không?,Is this the best price?,
cphrase_257,Tôi cần mua vài thứ,I need to buy a few things,
cphrase_258,Cửa hàng mở cửa lúc mấy giờ?,What time does the store open?,
cphrase_259,Trả lại được không?,Can I return this?,
cphrase_26,Tôi rất biết ơn,I'm very grateful,
cphrase_260,Tôi lấy cái này,I'll take this one,
cphrase_261,Còn hàng không?,Is it in stock?,
cphrase_262,Hôm nay trời đẹp quá,The weather is so nice today,
cphrase_263,Trời mưa rồi,It's raining,
cphrase_264,Trời nắng quá,It's so sunny,
cphrase_265,Trời lạnh quá,It's so cold,
cphrase_266,Trời nóng quá,It's so hot,
cphrase_267,Có vẻ sắp mưa,It looks like it's about to rain,
cphrase_268,Mang theo áo mưa nhé,Bring a raincoat,
cphrase_269,Gió to quá,The wind is so strong,
cphrase_27,Đừng khách sáo,No need to be so formal,
cphrase_270,Trời trong xanh,The sky is clear,
cphrase_271,Thời tiết hôm nay thế nào?,What's the weather like today?,
cphrase_272,Dự báo thời tiết nói sẽ mưa,The forecast says it'll rain,
cphrase_273,Trời âm u,It's overcast,
cphrase_274,Nóng ẩm quá,It's so hot and humid,
cphrase_275,Trời se lạnh,It's a bit chilly,
cphrase_276,Mặc thêm áo ấm vào,Put on a warmer jacket,
cphrase_277,Tôi bị đau đầu,I have a headache,
cphrase_278,Tôi bị đau bụng,I have a stomachache,
cphrase_279,Tôi không khỏe,I'm not feeling well,
cphrase_28,Thật là tốt bụng,That's so kind of you,
cphrase_280,Tôi bị cảm,I have a cold,
cphrase_281,Tôi bị sốt,I have a fever,
cphrase_282,Tôi cần đi bác sĩ,I need to see a doctor,
cphrase_283,Tôi bị ho,I have a cough,
cphrase_284,Uống thuốc chưa?,Have you taken your medicine?,
cphrase_285,Nghỉ ngơi nhiều vào,Get plenty of rest,
cphrase_286,Mau khỏe nhé,Get well soon,
cphrase_287,Tôi bị dị ứng,I have allergies,
cphrase_288,Tôi cần thuốc giảm đau,I need pain medicine,
cphrase_289,Chỗ này đau,It hurts here,
cphrase_29,Tôi thành thật xin lỗi,I sincerely apologize,
cphrase_290,Tôi thấy chóng mặt,I feel dizzy,
cphrase_291,Tôi ngủ không đủ giấc,I didn't get enough sleep,
cphrase_292,Tôi cần đi khám,I need a checkup,
cphrase_293,Vết thương đang lành lại,The wound is healing,
cphrase_294,Tôi khỏe lại rồi,I've recovered,
cphrase_295,Đừng thức khuya quá,Don't stay up too late,
cphrase_296,Chăm sóc bản thân nhé,Take care of yourself,
cphrase_297,Tôi đang bận làm việc,I'm busy working,
cphrase_298,Hôm nay tôi phải làm thêm giờ,I have to work overtime today,
cphrase_299,Cuộc họp lúc mấy giờ?,What time is the meeting?,
cphrase_30,Bỏ qua cho tôi nhé,Please forgive me,
cphrase_300,Tôi cần nộp báo cáo,I need to submit a report,
cphrase_301,Deadline là khi nào?,When is the deadline?,
cphrase_302,Tôi đang học tiếng Việt,I'm learning Vietnamese,
cphrase_303,Tôi có bài kiểm tra ngày mai,I have a test tomorrow,
cphrase_304,Tôi cần ôn bài,I need to review my lessons,
cphrase_305,Sếp tôi rất tốt,My boss is very kind,
cphrase_306,Công việc rất bận rộn,Work is very busy,
cphrase_307,Tôi mới bắt đầu công việc mới,I just started a new job,
cphrase_308,Tôi xin nghỉ phép,I'm requesting time off,
cphrase_309,Dự án này khó quá,This project is so difficult,
cphrase_31,Vâng,Yes (formal),
cphrase_310,Tôi cần tập trung,I need to focus,
cphrase_311,Hạn nộp là thứ Sáu,The due date is Friday,
cphrase_312,Tôi đang tìm việc,I'm looking for a job,
cphrase_313,Buổi phỏng vấn thế nào?,How was the interview?,
cphrase_314,Tôi được thăng chức,I got promoted,
cphrase_315,Lớp học bắt đầu lúc mấy giờ?,What time does class start?,
cphrase_316,Tôi phải thi cuối kỳ,I have final exams,
cphrase_317,Điện thoại tôi hết pin,My phone is out of battery,
cphrase_318,Cho tôi xin số điện thoại,Can I get your phone number,
cphrase_319,Gọi cho tôi nhé,Give me a call,
cphrase_32,Dạ,Yes (polite particle),
cphrase_320,Tôi nhắn tin cho bạn rồi,I texted you,
cphrase_321,Wifi mật khẩu là gì?,What's the wifi password?,
cphrase_322,Điện thoại tôi bị hỏng,My phone is broken,
cphrase_323,Tôi không nghe rõ,I can't hear clearly,
cphrase_324,Mất kết nối rồi,The connection dropped,
cphrase_325,Sạc điện thoại giúp tôi được không?,Can you charge my phone for me?,
cphrase_326,Chụp ảnh giúp tôi được không?,Can you take a photo for me?,
cphrase_327,Gửi cho tôi qua tin nhắn,Send it to me by text,
cphrase_328,Tôi gọi lại sau nhé,I'll call you back later,
cphrase_329,Máy tính tôi bị treo,My computer is frozen,
cphrase_330,Bạn có Zalo không?,Do you have Zalo?,
cphrase_331,Kết bạn với tôi nhé,Add me as a friend,
cphrase_332,Tôi vừa đăng bài,I just posted something,
cphrase_333,Video này hay quá,This video is so good,
cphrase_335,Rẽ trái,Turn left,
cphrase_336,Rẽ phải,Turn right,
cphrase_337,Còn xa không?,Is it still far?,
cphrase_338,Gần đây thôi,It's nearby,
cphrase_339,Đi đường nào?,Which way do I go?,
cphrase_340,Cho tôi xuống đây,Let me off here,
cphrase_341,Tôi bị lạc đường,I'm lost,
cphrase_342,Trạm xe buýt ở đâu?,Where's the bus stop?,
cphrase_343,Bao lâu thì tới?,How long until we arrive?,
cphrase_344,Tôi cần gọi taxi,I need to call a taxi,
cphrase_345,Chỗ đậu xe ở đâu?,Where's the parking?,
cphrase_346,Đường này bị kẹt xe,This road has traffic,
cphrase_347,Đi theo tôi,Follow me,
cphrase_348,Đến nơi rồi,We've arrived,
cphrase_349,Còn mấy trạm nữa?,How many more stops?,
cphrase_35,Không được,Can't / not okay,
cphrase_350,Vé bao nhiêu tiền?,How much is the ticket?,
cphrase_351,Nói sao nhỉ...,How should I put it...,
cphrase_352,Ý tôi là...,What I mean is...,
cphrase_353,Thật ra thì...,Actually...,
cphrase_354,Nói chung là...,Overall...,
cphrase_355,Đúng vậy đó,That's exactly right,
cphrase_356,Chuyện là thế này,Here's the thing,
cphrase_357,Nói thật với bạn,To be honest with you,
cphrase_358,Tôi hiểu ý bạn rồi,I get what you mean,
cphrase_359,Vậy à,"Oh, I see",
cphrase_360,Thế à,Is that so,
cphrase_361,Ừ thì...,Well...,
cphrase_362,Để tôi nghĩ đã,Let me think about it,
cphrase_363,Nói tiếp đi,Keep going / go on,
cphrase_364,Vậy thì sao?,So what then?,
cphrase_365,Không có gì đặc biệt,Nothing special,
cphrase_366,Cũng bình thường thôi,Just okay / average,
cphrase_367,Tôi cũng nghĩ vậy,I think so too,
cphrase_368,Chắc là vậy,Probably so,
cphrase_369,Nghe có lý đó,That makes sense,
cphrase_37,Sai rồi,That's wrong,
cphrase_370,Kể tôi nghe đi,Tell me about it,
cphrase_371,Sao cũng được,Whatever works,
cphrase_372,Tuỳ bạn quyết định,It's your call,
cphrase_373,Nói đùa thôi,Just kidding,
cphrase_374,Thật không đó?,Are you serious?,
cphrase_375,Trời ơi,Oh my goodness,
cphrase_376,Ôi trời,Oh no / oh wow,
cphrase_377,Chán quá,So boring / ugh,
cphrase_378,Hay quá,So cool / interesting,
cphrase_379,Tuyệt vời,Wonderful,
cphrase_38,Chắc chắn,Definitely / for sure,
cphrase_380,Không thể tin được,Unbelievable,
cphrase_381,Bạn nên nghỉ ngơi,You should rest,
cphrase_382,Tôi nghĩ bạn nên thử,I think you should try it,
cphrase_383,Cẩn thận nhé,Be careful,
cphrase_384,Đừng lo lắng quá,Don't worry too much,
cphrase_385,Bạn nên đi khám,You should get checked out,
cphrase_386,Tốt hơn là nên...,It's better to...,
cphrase_387,Bạn có thể thử cách này,You could try this way,
cphrase_388,Đừng bỏ cuộc,Don't give up,
cphrase_389,Cố lên,Keep going / you can do it,
cphrase_39,Có lẽ,Maybe,
cphrase_390,Bình tĩnh lại,Calm down,
cphrase_391,Suy nghĩ kỹ trước khi quyết định,Think carefully before deciding,
cphrase_392,Đừng vội,Don't rush,
cphrase_393,Hãy tin tôi,Trust me,
cphrase_394,Bạn làm được mà,You can do it,
cphrase_395,Nên cẩn thận với người lạ,Be careful with strangers,
cphrase_396,Tôi thích cái này hơn,I like this one better,
cphrase_397,Tôi không thích lắm,I don't like it much,
cphrase_398,Cái nào cũng được,Either one is fine,
cphrase_399,Tôi thích màu xanh,I like the color blue,
cphrase_4,Hẹn gặp lại,See you again,
cphrase_400,Theo tôi thì...,In my opinion...,
cphrase_401,Tôi thấy hợp lý,I find it reasonable,
cphrase_402,Tôi không đồng tình,I don't agree with that,
cphrase_403,Cá nhân tôi thì thích cái kia hơn,Personally I prefer that one,
cphrase_404,Món này hợp khẩu vị tôi,This suits my taste,
cphrase_405,Không phải gu của tôi,Not my style,
cphrase_406,Nhà tôi ở gần đây,My house is nearby,
cphrase_407,Cho tôi vào nhà,Let me come in,
cphrase_408,Cứ tự nhiên như ở nhà,Make yourself at home,
cphrase_409,Phòng tôi ở tầng hai,My room is on the second floor,
cphrase_41,Tôi đồng ý,I agree,
cphrase_410,Nhà tôi có ba phòng ngủ,My house has three bedrooms,
cphrase_411,Tôi mới chuyển nhà,I just moved,
cphrase_412,Bếp ở đằng kia,The kitchen is over there,
cphrase_413,Cửa bị khóa rồi,The door is locked,
cphrase_414,Đèn bị hỏng,The light is broken,
cphrase_415,Máy giặt đang chạy,The washing machine is running,
cphrase_416,Cuối tuần này rảnh không?,Are you free this weekend?,
cphrase_417,Đi chơi không?,Want to hang out?,
cphrase_418,Mình hẹn gặp lúc mấy giờ?,What time shall we meet?,
cphrase_419,Gặp ở đâu?,Where should we meet?,
cphrase_42,Tôi không đồng ý,I disagree,
cphrase_420,Bạn có đi không?,Are you coming?,
cphrase_421,Tôi không đi được,I can't make it,
cphrase_422,Chắc chắn tôi sẽ đến,I'll definitely be there,
cphrase_423,Hẹn bạn lần sau nhé,Let's plan for next time,
cphrase_424,Đi ăn tối không?,Want to grab dinner?,
cphrase_425,Cùng đi xem phim không?,Want to watch a movie together?,
cphrase_426,Tôi nhớ bạn,I miss you,
cphrase_427,Tôi yêu bạn,I love you,
cphrase_428,Tôi tự hào về bạn,I'm proud of you,
cphrase_429,Cảm ơn vì đã ở bên tôi,Thanks for being there for me,
cphrase_430,Tôi luôn ủng hộ bạn,I always support you,
cphrase_431,"Đừng lo, có tôi đây","Don't worry, I'm here",
cphrase_432,Tôi rất trân trọng bạn,I really appreciate you,
cphrase_433,Chúc mừng bạn nhé,Congratulations,
cphrase_434,Ồ!,Oh!,
cphrase_435,Wow!,Wow!,
cphrase_436,Thật sao?,Really?,
cphrase_437,Không thể nào!,No way!,
cphrase_438,Đúng rồi đó!,That's right!,
cphrase_439,Trời đất ơi!,Oh my goodness!,
cphrase_44,Cũng được,That works / fine either way,
cphrase_440,Tôi quên mất rồi,I completely forgot,
cphrase_441,Để tôi nhớ lại xem,Let me try to remember,
cphrase_442,Tôi vừa nhớ ra,I just remembered,
cphrase_443,Bạn nói lại được không?,Can you say that again?,
cphrase_444,Nói chậm lại giúp tôi,Please speak more slowly,
cphrase_446,Nghĩa là gì vậy?,What does that mean?,
cphrase_447,Bạn viết được không?,Can you write it down?,
cphrase_448,Từ này tiếng Việt là gì?,What's this word in Vietnamese?,
cphrase_449,Tôi đang cố gắng,I'm trying my best,
cphrase_45,Tất nhiên rồi,Of course,
cphrase_450,Sắp xong rồi,Almost done,
cphrase_451,"Chờ chút, gần xong rồi","Wait a bit, almost finished",
cphrase_452,Tôi làm được rồi,I did it,
cphrase_453,Thử lại lần nữa,Try again,
cphrase_454,Không vấn đề gì,No problem at all,
cphrase_455,Bạn ăn sáng chưa?,Have you had breakfast?,
cphrase_456,Tôi vừa ăn xong,I just finished eating,
cphrase_457,Bạn có anh chị em không?,Do you have siblings?,
cphrase_458,Tôi là con một,I'm an only child,
cphrase_459,Bạn đã kết hôn chưa?,Are you married?,
cphrase_46,Không đời nào,No way,
cphrase_460,Tôi còn độc thân,I'm still single,
cphrase_461,Bạn có con chưa?,Do you have kids?,
cphrase_462,Cuối tuần bạn thường làm gì?,What do you usually do on weekends?,
cphrase_463,Sở thích của bạn là gì?,What are your hobbies?,
cphrase_464,Bạn thích đọc sách không?,Do you like reading?,
cphrase_465,Bạn đã đi Việt Nam bao giờ chưa?,Have you ever been to Vietnam?,
cphrase_466,Đây là lần đầu tôi đến đây,This is my first time here,
cphrase_467,Tôi sống ở đây được hai năm rồi,I've lived here for two years,
cphrase_468,Bạn học tiếng Việt bao lâu rồi?,How long have you studied Vietnamese?,
cphrase_469,Tiếng Việt khó không?,Is Vietnamese hard?,
cphrase_47,Chuẩn luôn,Exactly right (informal),
cphrase_470,Phát âm tiếng Việt khó lắm,Vietnamese pronunciation is really hard,
cphrase_471,Bạn nói tiếng Việt giỏi quá,Your Vietnamese is so good,
cphrase_472,Tôi vẫn đang học,I'm still learning,
cphrase_473,"Cảm ơn, bạn quá khen rồi","Thanks, you're too kind",
cphrase_474,Tôi cần luyện tập nhiều hơn,I need to practice more,
cphrase_475,Đừng ngại nói sai,Don't be afraid to make mistakes,
cphrase_476,Tôi sẽ cố gắng hơn,I'll try harder,
cphrase_477,"Từ từ thôi, không vội","Take it slow, no rush",
cphrase_478,Bạn nói lại chậm hơn được không?,Can you say it again more slowly?,
cphrase_479,Tôi ghi chú lại rồi,I've noted it down,
cphrase_480,Để tôi tra từ điển,Let me check the dictionary,
cphrase_481,Câu này nghĩa là gì?,What does this sentence mean?,
cphrase_482,Đọc giúp tôi được không?,Can you read it for me?,
cphrase_483,Viết cho tôi xem,Write it so I can see,
cphrase_484,Tôi thích cách bạn giải thích,I like how you explain things,
cphrase_485,Nghe hợp lý đấy,That sounds reasonable,
cphrase_486,Tôi cần thời gian suy nghĩ,I need time to think,
cphrase_487,Có gì mới không?,What's new?,
cphrase_488,Không có gì mới cả,Nothing new,
cphrase_489,Dạo này bận không?,Busy lately?,
cphrase_49,Đúng không?,Right? / is that correct?,
cphrase_490,Cuộc sống dạo này thế nào?,How's life been lately?,
cphrase_491,Mọi thứ đều ổn,Everything's fine,
cphrase_492,Có gì tôi giúp được không?,Is there anything I can help with?,
cphrase_493,Cứ hỏi tôi bất cứ lúc nào,Feel free to ask me anytime,
cphrase_494,Rất vui khi nói chuyện với bạn,Great talking with you,
cphrase_496,Nói chuyện sau nhé,Let's talk later,
cphrase_497,Giữ liên lạc nhé,Stay in touch,
cphrase_498,Chúc bạn ngủ ngon,Sleep well,
cphrase_499,Ngày mai gặp lại,See you tomorrow,
cphrase_5,Chào buổi sáng,Good morning,
cphrase_500,Rất tiếc phải chia tay,Sad to say goodbye,
cphrase_51,Ok vậy,Okay then,
cphrase_52,Được thôi,"Sure, that's fine",
cphrase_53,Hoàn toàn đồng ý,Totally agree,
cphrase_54,Tôi nghĩ vậy,I think so,
cphrase_55,Tôi không nghĩ vậy,I don't think so,
cphrase_56,Bạn tên gì?,What's your name?,
cphrase_57,Tôi tên là...,My name is...,
cphrase_58,Bạn khỏe không?,How are you?,
cphrase_59,Bạn đến từ đâu?,Where are you from?,
cphrase_6,Chào buổi tối,Good evening,
cphrase_60,Bạn bao nhiêu tuổi?,How old are you?,
cphrase_61,Cái này là gì?,What is this?,
cphrase_62,Đây là đâu?,Where is this?,
cphrase_63,Bây giờ là mấy giờ?,What time is it now?,
cphrase_64,Khi nào bạn rảnh?,When are you free?,
cphrase_65,Tại sao vậy?,Why is that?,
cphrase_66,Ai vậy?,Who is that?,
cphrase_67,Cái nào tốt hơn?,Which one is better?,
cphrase_68,Bạn làm nghề gì?,What do you do for work?,
cphrase_69,Bạn sống ở đâu?,Where do you live?,
cphrase_7,Ngủ ngon,Good night / sleep well,
cphrase_70,Bạn nói được tiếng Anh không?,Can you speak English?,
cphrase_71,Bạn hiểu không?,Do you understand?,
cphrase_72,Cái này bao nhiêu tiền?,How much is this?,
cphrase_73,Bạn muốn gì?,What do you want?,
cphrase_74,Bạn cần gì không?,Do you need anything?,
cphrase_75,Có chuyện gì vậy?,What's going on?,
cphrase_76,Bạn ổn không?,Are you okay?,
cphrase_77,Bạn đang làm gì vậy?,What are you doing?,
cphrase_78,Chuyện gì đã xảy ra?,What happened?,
cphrase_79,Bạn nghĩ sao?,What do you think?,
cphrase_8,Đi cẩn thận nhé,Travel safe,
cphrase_80,Cái đó dùng để làm gì?,What's that used for?,
cphrase_81,Bạn thích cái nào?,Which one do you like?,
cphrase_83,Có ai ở nhà không?,Is anyone home?,
cphrase_84,Bạn có thời gian không?,Do you have time?,
cphrase_85,Sao lại như vậy?,Why is it like that?,
cphrase_86,Cho tôi xin,Please give me,
cphrase_88,Bạn có thể giúp tôi không?,Can you help me?,
cphrase_89,Tôi có thể giúp gì không?,Can I help with anything?,
cphrase_9,Về nhà an toàn nhé,Get home safe,
cphrase_90,Cho tôi mượn cái này,Let me borrow this,
cphrase_91,Tôi có thể ngồi đây không?,Can I sit here?,
cphrase_92,Đợi tôi một chút,Wait for me a moment,
cphrase_93,Bạn đi trước đi,Go ahead of me,
cphrase_94,Để tôi làm cho,Let me do it,
cphrase_95,Cho tôi xem được không?,Can I take a look?,
cphrase_96,Bạn muốn uống gì không?,Would you like something to drink?,
cphrase_97,Tôi mời bạn,It's my treat / I invite you,
cphrase_98,Đi cùng tôi nhé,Come with me,
cphrase_99,Bạn giúp tôi việc này được không?,Can you help me with this?,
lesson_l1_0,Chào anh. Anh khỏe không?,Hello. How are you?,
lesson_l1_1,"Chào em. Anh khỏe, cảm ơn em.","Hello. I am fine, thank you.",
lesson_l1_2,Tạm biệt anh.,Goodbye.,
lesson_l1_3,Tạm biệt em.,Goodbye.,
lesson_l1_v2,em,you (to a younger person),
lesson_l1_v3,khỏe,healthy / fine,
lesson_l1_v6,chị,you (to a woman),
lesson_l1_v9,tạm biệt,goodbye,
lesson_l10_0,"Chào bạn, bạn tên là gì?","Hello, what is your name?",
lesson_l10_1,Mình là Anna. Còn bạn?,I am Anna. And you?,
lesson_l10_2,Mình là Nam. Bạn đến từ đâu?,I am Nam. Where do you come from?,
lesson_l10_v0,chào,hello,
lesson_l10_v1,tên,name,
lesson_l10_v2,gì,what,
lesson_l10_v3,còn bạn,and you?,
lesson_l10_v4,đâu,where,
lesson_l10_v6,là,to be,
lesson_l10_v7,mình,I / me,
lesson_l10_v8,đến từ,to come from,
lesson_l10_v9,Mỹ,America,
lesson_l11_0,Chào bạn. Bạn đang tìm gì à?,Hello. Are you looking for something?,
lesson_l11_1,"Vâng. Xin lỗi anh, anh giúp tôi được không?","Yes. Excuse me, can you help me?",
lesson_l11_2,Được. Bạn cần gì?,Okay. What do you need?,
lesson_l11_3,Trạm xe buýt ở đâu ạ?,Where is the bus stop?,
lesson_l11_4,Ở đằng kia.,Over there.,
lesson_l11_v1,đang,currently (present continuous),
lesson_l11_v10,tìm,to look for,
lesson_l11_v12,anh,you (respectful to a male stranger),
lesson_l11_v13,tôi,I / me,
lesson_l11_v14,được,okay / yes,
lesson_l11_v15,trạm xe buýt,bus stop,
lesson_l11_v16,ạ,polite ending particle,
lesson_l11_v3,xin lỗi,excuse me / sorry,
lesson_l11_v4,giúp,to help,
lesson_l11_v5,được không,can you? / is it possible?,
lesson_l11_v6,cần,to need,
lesson_l11_v7,ở đâu,where,
lesson_l11_v8,đằng kia,over there,
lesson_l12_0,Bạn từ đâu đến?,Where are you from?,
lesson_l12_1,Mình từ Đà Nẵng đến.,I am from Da Nang.,
lesson_l12_2,Vậy bây giờ bạn sống ở đâu?,Then where do you live now?,
lesson_l12_3,Mình sống ở Hà Nội. Còn bạn?,I live in Hanoi. And you?,
lesson_l12_v1,từ,from,
lesson_l12_v10,sống,to live,
lesson_l12_v11,bây giờ,now,
lesson_l12_v13,Đà Nẵng,Da Nang,
lesson_l12_v14,Sài Gòn,Saigon,
lesson_l12_v3,ở,in / at,
lesson_l12_v4,vậy,so / then,
lesson_l12_v5,còn,as for,
lesson_l12_v6,Hà Nội,Hanoi,
lesson_l12_v7,Hồ Chí Minh,Ho Chi Minh City,
lesson_l12_v9,đến,to come,
lesson_l13_0,"Xin lỗi, bạn có nói tiếng Anh không?","Excuse me, do you speak English?",
lesson_l13_1,"Có, một chút.","Yes, a little.",
lesson_l13_2,Tốt quá. Tôi không nói tiếng Việt.,Great. I don't speak Vietnamese.,
lesson_l13_3,Không sao.,No problem.,
lesson_l13_v1,nói,to speak,
lesson_l13_v10,tiếng Việt,Vietnamese,
lesson_l13_v2,có,yes,
lesson_l13_v3,một chút,a little,
lesson_l13_v5,không sao,no problem,
lesson_l13_v7,tiếng Anh,English,
lesson_l13_v9,tốt quá,great,
lesson_l14_1,Mình tên là Kim. Còn bạn?,My name is Kim. And you?,
lesson_l14_2,Mình tên là Hà.,My name is Ha.,
lesson_l14_3,Tên bạn viết thế nào?,How is your name written?,
lesson_l14_4,"H, A, và dấu huyền.","H, A, and the falling tone.",
lesson_l14_5,"Mình hiểu rồi. Tên mình viết là K, I, M.","I understand. My name is written K, I, M.",
lesson_l14_v1,thế nào,how,
lesson_l14_v10,dấu hỏi,asking tone,
lesson_l14_v11,dấu nặng,heavy tone,
lesson_l14_v2,đánh vần,to spell,
lesson_l14_v3,dấu,tone mark,
lesson_l14_v4,dấu sắc,rising tone,
lesson_l14_v5,dấu ngã,tumbling tone,
lesson_l14_v6,viết,to write,
lesson_l14_v7,hiểu,to understand,
lesson_l14_v8,chữ cái,letter (alphabet),
lesson_l14_v9,dấu huyền,falling tone,
lesson_l15_0,Xin chào. Bạn đang đợi số mấy?,Hello. What number are you waiting for?,
lesson_l15_1,"Xin lỗi, bây giờ là số mấy?","Excuse me, what number is it now?",
lesson_l15_2,Bây giờ là số bốn mươi lăm.,It is number forty-five right now.,
lesson_l15_3,"Dạ, là tôi.","Yes, that is me.",
lesson_l15_4,"Xin hỏi, bạn bao nhiêu tuổi?","May I ask, how old are you?",
lesson_l15_5,Tôi ba mươi hai tuổi.,I am thirty-two years old.,
lesson_l15_v0,số,number,
lesson_l15_v1,đợi,to wait,
lesson_l15_v10,xin hỏi,may I ask,
lesson_l15_v11,tuổi,years old / age,
lesson_l15_v2,dạ,yes (polite),
lesson_l15_v3,bao nhiêu,how many / how much,
lesson_l15_v5,ba mươi hai,thirty-two,
lesson_l15_v7,lăm,five (in compound numbers),
lesson_l15_v8,mấy,how many / what,
lesson_l16_0,Hôm nay là thứ Sáu. Bạn muốn đi xem phim không?,Today is Friday. Do you want to go see a movie?,
lesson_l16_1,Hôm qua mình xem phim rồi. Chúng ta đi cà phê đi.,I already watched a movie yesterday. Let's go for coffee.,
lesson_l16_2,Được. Hôm nay chúng ta đi nhé?,Okay. Shall we go today?,
lesson_l16_3,Hôm nay mình bận. Ngày mai là thứ Bảy. Ngày mai đi nhé.,Today I am busy. Tomorrow is Saturday. Let's go tomorrow.,
lesson_l16_v0,hôm nay,today,
lesson_l16_v1,ngày mai,tomorrow,
lesson_l16_v10,thứ Sáu,Friday,
lesson_l16_v11,Chủ nhật,Sunday,
lesson_l16_v12,cà phê,coffee,
lesson_l16_v2,thứ Ba,Tuesday,
lesson_l16_v3,thứ Năm,Thursday,
lesson_l16_v4,thứ Bảy,Saturday,
lesson_l16_v5,xem phim,to watch a movie,
lesson_l16_v6,bận,busy,
lesson_l16_v7,hôm qua,yesterday,
lesson_l16_v8,thứ Hai,Monday,
lesson_l16_v9,thứ Tư,Wednesday,
lesson_l17_1,Được. Bây giờ là mấy giờ rồi?,Okay. What time is it now?,
lesson_l17_2,Bây giờ là hai giờ.,It is two o'clock now.,
lesson_l17_3,Mấy giờ mình gặp nhau?,What time are we meeting?,
lesson_l17_4,Ba giờ rưỡi nhé.,"Three thirty, okay?",
lesson_l17_v0,mấy giờ,what time,
lesson_l17_v1,giờ,o'clock / hour,
lesson_l17_v10,gặp nhau,to meet,
lesson_l17_v11,nhé,okay? / let's (particle),
lesson_l17_v13,rồi,already,
lesson_l17_v2,chiều nay,this afternoon,
lesson_l17_v3,uống,to drink,
lesson_l17_v8,rưỡi,half past,
lesson_l18_0,"Xin chào, bạn cần gì ạ?","Hello, what do you need?",
lesson_l18_1,"Xin lỗi, nước suối ở đâu ạ?","Excuse me, where is the bottled water?",
lesson_l18_2,"Dạ, nước suối ở bên kia ạ.",The bottled water is over there.,
lesson_l18_3,Ở đây có bánh mì không ạ?,Do you have bread here?,
lesson_l18_4,"Có ạ, bánh mì ở đây.","Yes, the bread is right here.",
lesson_l18_v10,ở đây,here,
lesson_l18_v11,bánh mì,bread,
lesson_l18_v12,sữa,milk,
lesson_l18_v2,nước suối,bottled water,
lesson_l18_v3,ở bên kia,over there,
lesson_l18_v4,có ... không,do you have...?,
lesson_l18_v6,trái cây,fruit,
lesson_l19_0,Tổng cộng là tám mươi nghìn đồng.,The total is eighty thousand dong.,
lesson_l19_1,Thanh toán bằng thẻ được không?,Can I pay by card?,
lesson_l19_2,Được ạ. Xin vui lòng nhập mã pin.,Yes. Please enter your PIN.,
lesson_l19_3,Xong rồi. Cảm ơn.,Done. Thank you.,
lesson_l19_v1,nghìn đồng,thousand dong,
lesson_l19_v10,xin vui lòng,please,
lesson_l19_v11,mã pin,PIN code,
lesson_l19_v2,bằng,by / using,
lesson_l19_v4,nhập,to enter / to input,
lesson_l19_v5,xong rồi,done / finished,
lesson_l19_v8,thanh toán,to pay,
lesson_l2_0,"Chào bạn, bạn cần gì?","Hello, what do you need?",
lesson_l2_2,Nước của bạn đây.,Here is your water.,
lesson_l2_3,Cảm ơn nha.,Thanks!,
lesson_l2_v0,chào bạn,hello,
lesson_l2_v9,nha,casual particle,
lesson_l20_0,"Chào cháu. Cam hôm nay rất tươi, cháu mua gì?","Hello. The oranges are very fresh today, what are you buying?",
lesson_l20_1,Cô bán cho cháu một cân cam ạ.,"Auntie, please sell me one kilo of oranges.",
lesson_l20_2,Của cháu đây. Cháu mua thêm gì không?,Here is yours. Are you buying anything else?,
lesson_l20_3,Thế thôi ạ. Tất cả là bao nhiêu tiền ạ?,That's all. How much is the total?,
lesson_l20_4,Bốn mươi nghìn một cân.,Forty thousand for one kilo.,
lesson_l20_5,Cô bớt cho cháu một chút được không ạ?,Can you give me a little discount?,
lesson_l20_6,"Được rồi, ba mươi lăm nghìn nhé.","Alright, thirty-five thousand then.",
lesson_l20_v0,một cân,one kilo,
lesson_l20_v1,tươi,fresh,
lesson_l20_v10,tất cả,total,
lesson_l20_v11,nghìn,thousand,
lesson_l20_v15,cô,auntie,
lesson_l20_v2,bao nhiêu tiền,how much money,
lesson_l20_v3,bớt,to discount,
lesson_l20_v7,cháu,I (to an older person),
lesson_l20_v8,thêm,more,
lesson_l20_v9,cam,orange,
lesson_l21_0,Xin chào. Bạn cần giúp gì ạ?,Hello. Do you need help?,
lesson_l21_1,Chào bạn. Tôi muốn lấy gói hàng.,Hello. I want to pick up a package.,
lesson_l21_2,Vâng. Mã đơn hàng của bạn là gì?,Yes. What is your order code?,
lesson_l21_5,Cảm ơn bạn.,Thank you.,
lesson_l21_v0,gói hàng,package,
lesson_l21_v1,mã,code,
lesson_l21_v10,muốn,to want,
lesson_l21_v2,mã đơn hàng,order code,
lesson_l21_v4,của,of (possessive),
lesson_l21_v6,đây,here,
lesson_l21_v7,lấy,to pick up,
lesson_l21_v8,đơn hàng,order,
lesson_l22_0,Tổng cộng là một trăm nghìn ạ.,The total is one hundred thousand.,
lesson_l22_1,Đây là năm trăm nghìn.,Here is five hundred thousand.,
lesson_l22_2,Quý khách có tiền lẻ không ạ?,Do you have small change?,
lesson_l22_3,Tôi không có. Cho tôi xin tiền thừa nhé.,I don't have any. Please give me the change back.,
lesson_l22_v10,trăm,hundred,
lesson_l22_v11,quý khách,customer (formal),
lesson_l22_v13,không có,don't have,
lesson_l22_v2,tiền thừa,change back,
lesson_l22_v3,năm trăm nghìn,five hundred thousand,
lesson_l22_v5,cho tôi xin,please give me,
lesson_l22_v6,đây là,here is,
lesson_l22_v8,tiền lẻ,small change,
lesson_l23_0,"Chào bạn, bạn cần giúp gì không?","Hello, do you need help?",
lesson_l23_1,Cái đồng hồ này bị hỏng. Tôi muốn trả lại.,This watch is broken. I want to return it.,
lesson_l23_2,Xin lỗi bạn. Bạn muốn đổi cái mới không?,Sorry. Do you want to exchange for a new one?,
lesson_l23_3,Tôi không muốn đổi. Tôi muốn hoàn tiền.,I don't want to exchange. I want a refund.,
lesson_l23_4,Dạ được. Bạn có hóa đơn không?,"Yes, okay. Do you have the receipt?",
lesson_l23_5,Đây là hóa đơn của tôi.,Here is my receipt.,
lesson_l23_v1,bị hỏng,broken,
lesson_l23_v11,cửa hàng,store,
lesson_l23_v2,đổi,to exchange,
lesson_l23_v3,hoàn tiền,refund,
lesson_l23_v4,bị lỗi,defective,
lesson_l23_v5,thẻ tín dụng,credit card,
lesson_l23_v6,đồng hồ,watch,
lesson_l23_v7,trả lại,to return,
lesson_l23_v8,cái mới,new one,
lesson_l24_0,Xin chào! Quý khách cần tìm gì ạ?,Hello! What are you looking for?,
lesson_l24_1,Tôi mặc thử cái áo này được không?,Can I try this shirt on?,
lesson_l24_2,"Vâng, được ạ. Phòng thử đồ ở đằng kia.",Yes. The fitting room is over there.,
lesson_l24_3,Áo này hơi nhỏ. Có cỡ lớn hơn không?,This shirt is a bit small. Do you have a larger size?,
lesson_l24_4,"Vâng, có ạ. Xin đợi một chút.",Yes. Please wait a moment.,
lesson_l24_v0,mặc thử,to try on,
lesson_l24_v10,nhỏ,small,
lesson_l24_v11,lớn hơn,larger,
lesson_l24_v14,rộng,loose,
lesson_l24_v2,hơi,a bit / slightly,
lesson_l24_v3,cỡ,size,
lesson_l24_v4,đợi một chút,to wait a moment,
lesson_l24_v6,chật,tight,
lesson_l24_v7,vừa,to fit / just right,
lesson_l24_v8,cái áo,shirt,
lesson_l24_v9,phòng thử đồ,fitting room,
lesson_l25_0,Xin chào. Bạn uống gì ạ?,Hello. What would you like to drink?,
lesson_l25_1,Cho mình một cốc cà phê sữa đá.,"I'd like an iced milk coffee, please.",
lesson_l25_2,Bạn uống ở đây hay mang về ạ?,For here or to go?,
lesson_l25_3,Mình mang về. Bao nhiêu tiền?,To go. How much is it?,
lesson_l25_4,"Dạ, ba mươi nghìn ạ.","That will be thirty thousand, please.",
lesson_l25_v11,cho mình,I would like (give me),
lesson_l25_v12,cà phê sữa đá,iced milk coffee,
lesson_l25_v13,hay,or,
lesson_l25_v17,trà,tea,
lesson_l25_v18,đá,ice,
lesson_l25_v2,một cốc,one cup / glass,
lesson_l25_v4,mang về,to go / take away,
lesson_l25_v7,cà phê đen,black coffee,
lesson_l25_v8,nóng,hot,
lesson_l26_0,"Chào bạn, bạn muốn gọi món gì?","Hello, what would you like to order?",
lesson_l26_1,Cho tôi một bát phở bò.,I would like a bowl of beef pho.,
lesson_l26_2,Bạn uống gì không?,Would you like anything to drink?,
lesson_l26_3,Cho tôi một cốc cà phê sữa đá.,I would like a glass of iced milk coffee.,
lesson_l26_v0,cho tôi,give me,
lesson_l26_v12,cơm tấm,broken rice,
lesson_l26_v2,phở bò,beef pho,
lesson_l26_v3,cốc,glass / cup,
lesson_l26_v5,trà đá,iced tea,
lesson_l26_v6,đĩa,plate,
lesson_l26_v7,gọi món,to order food,
lesson_l26_v8,bát,bowl,
lesson_l27_0,"Xin chào, quý khách muốn gọi món gì ạ?","Hello, what would you like to order?",
lesson_l27_1,Cho tôi bún thịt nướng. Món này có lạc không?,I will have grilled pork noodles. Does this dish have peanuts?,
lesson_l27_2,Dạ có ạ. Món này có nhiều lạc.,"Yes, it does. This dish has a lot of peanuts.",
lesson_l27_3,Tôi không ăn được lạc. Xin đừng cho lạc.,I cannot eat peanuts. Please do not add peanuts.,
lesson_l27_4,"Dạ vâng, bún thịt nướng không lạc ạ.","Yes, understood. Grilled pork noodles without peanuts.",
lesson_l27_v0,lạc,peanut,
lesson_l27_v1,bún thịt nướng,grilled pork noodles,
lesson_l27_v10,cho,to add,
lesson_l27_v12,hải sản,seafood,
lesson_l27_v13,ăn chay,vegetarian,
lesson_l27_v2,món,dish,
lesson_l27_v3,đừng,do not,
lesson_l27_v4,nhiều,a lot,
lesson_l27_v5,dị ứng,allergy,
lesson_l27_v6,bột ngọt,MSG,
lesson_l27_v7,đậu phộng,peanut (Southern),
lesson_l27_v9,không ăn được,cannot eat,
lesson_l28_0,Quý khách có muốn dùng thêm gì không ạ?,Would you like to order anything else?,
lesson_l28_1,"Không, cảm ơn em. Cho tính tiền nhé!","No, thank you. The bill, please!",
lesson_l28_2,Tổng cộng là ba trăm nghìn ạ.,The total is three hundred thousand.,
lesson_l28_3,Trả bằng thẻ được không em?,Can I pay by card?,
lesson_l28_4,Được ạ. Quý khách đợi một chút nhé.,Yes. Please wait a moment.,
lesson_l28_v1,cho tính tiền,"the bill, please",
lesson_l28_v3,trả,to pay,
lesson_l28_v4,trả bằng thẻ,to pay by card,
lesson_l28_v7,dùng thêm,to order more,
lesson_l29_0,"Chào bạn, bạn muốn ăn gì ạ?","Hello, what would you like to eat?",
lesson_l29_1,Cái này là món gì?,What is this dish?,
lesson_l29_2,"Dạ, đó là bún chả.",That is bun cha.,
lesson_l29_3,Cho tôi một suất bún chả nhé.,Please give me one portion of bun cha.,
lesson_l29_v0,cái này,this one,
lesson_l29_v13,phở,pho,
lesson_l29_v14,cái kia,that one,
lesson_l29_v3,suất,portion,
lesson_l29_v5,đó,that,
lesson_l29_v7,thực đơn,menu,
lesson_l29_v9,bún chả,bun cha,
lesson_l3_0,Nhà vệ sinh ở kia. Em hiểu chưa?,The bathroom is over there. Do you understand?,
lesson_l3_2,Đi thẳng nhé. Em có hiểu không?,Just go straight. Do you understand?,
lesson_l3_3,"Dạ có, em hiểu ạ. Cảm ơn anh.","Yes, I understand. Thank you.",
lesson_l3_v0,Dạ có,yes (polite),
lesson_l3_v2,nhà vệ sinh,bathroom,
lesson_l3_v3,đi thẳng,to go straight,
lesson_l3_v4,chưa,yet,
lesson_l3_v5,Dạ không,no (polite),
lesson_l3_v7,ở kia,over there,
lesson_l30_0,"Chào bạn, bạn uống gì ạ?","Hello, what would you like to drink?",
lesson_l30_1,Cho tôi một cốc trà đá và một chai nước suối.,Give me a glass of iced tea and a bottle of mineral water.,
lesson_l30_2,Vâng ạ. Bạn dùng ở đây hay mang đi?,Yes. Will you have it here or take it away?,
lesson_l30_3,Mang đi. Tính tiền cho tôi nhé.,Take away. The bill please.,
lesson_l30_4,Tổng cộng là hai mươi lăm nghìn ạ.,The total is twenty-five thousand.,
lesson_l30_v10,dùng ở đây,to have it here,
lesson_l30_v11,mang đi,to take away,
lesson_l30_v6,hai mươi lăm,twenty-five,
lesson_l30_v9,chai,bottle,
lesson_l31_0,"Chào bạn, bạn bị sao ạ?","Hello, what's wrong?",
lesson_l31_1,Tôi bị đau ở đây.,It hurts here.,
lesson_l31_2,"Vâng, đây là thuốc cho bạn.","Yes, here is medicine for you.",
lesson_l31_3,Thuốc này uống thế nào ạ?,How do I take this medicine?,
lesson_l31_4,Uống hai viên sau khi ăn.,Take two pills after eating.,
lesson_l31_v0,bị sao,what's wrong,
lesson_l31_v10,nhà thuốc,pharmacy,
lesson_l31_v11,đau bụng,stomachache,
lesson_l31_v3,viên,pill / tablet,
lesson_l31_v5,đau đầu,headache,
lesson_l31_v6,đau,pain / to hurt,
lesson_l31_v7,thuốc,medicine,
lesson_l31_v9,sau khi,after,
lesson_l32_0,Chào anh. Anh cần khám bệnh ạ?,Hello. Do you need to see a doctor?,
lesson_l32_1,Chào chị. Tôi muốn khám bệnh.,Hello. I want to see a doctor.,
lesson_l32_2,Dạ được. Anh cho tôi xem hộ chiếu nhé.,"Yes, okay. Please let me see your passport.",
lesson_l32_3,Đây là hộ chiếu của tôi.,Here is my passport.,
lesson_l32_4,Cảm ơn anh. Anh vui lòng ngồi đợi.,Thank you. Please sit and wait.,
lesson_l32_5,Cảm ơn chị.,Thank you.,
lesson_l32_v0,khám bệnh,to see a doctor,
lesson_l32_v10,ngồi,to sit,
lesson_l32_v11,xem,to see,
lesson_l32_v12,phòng khám,clinic,
lesson_l32_v3,vui lòng,please,
lesson_l32_v5,dạ được,"yes, okay",
lesson_l32_v6,bác sĩ,doctor,
lesson_l32_v7,hộ chiếu,passport,
lesson_l33_0,Chào anh. Anh cần giúp gì ạ?,Hello. How can I help you?,
lesson_l33_1,Chào chị. Tôi muốn đặt lịch khám với bác sĩ.,Hello. I want to make an appointment with a doctor.,
lesson_l33_2,Vâng. Ba giờ chiều nay được không ạ?,Yes. Is three o'clock this afternoon okay?,
lesson_l33_3,Ba giờ tôi bận rồi. Bốn giờ rưỡi được không?,I am busy at three. Is four thirty okay?,
lesson_l33_4,Dạ được. Hẹn anh lúc bốn giờ rưỡi chiều nay.,"Yes, that works. See you at four thirty this afternoon.",
lesson_l33_v0,đặt lịch khám,to make a doctor's appointment,
lesson_l33_v10,bốn giờ rưỡi,four thirty,
lesson_l33_v11,bệnh viện,hospital,
lesson_l33_v12,sáng nay,this morning,
lesson_l33_v13,y tá,nurse,
lesson_l33_v2,hẹn,to have an appointment,
lesson_l33_v3,ba giờ,three o'clock,
lesson_l34_0,"Chào anh, anh bị sao vậy?","Hello, what is wrong?",
lesson_l34_1,"Chào bác sĩ, tôi bị đau bụng lắm ạ.","Hello doctor, my stomach hurts a lot.",
lesson_l34_2,Anh bị đau bao lâu rồi?,How long have you been in pain?,
lesson_l34_3,Tôi bị đau ba ngày rồi ạ.,I have been in pain for three days already.,
lesson_l34_4,Anh có bị sốt không?,Do you have a fever?,
lesson_l34_5,"Dạ có, tôi cũng bị sốt ạ.","Yes, I also have a fever.",
lesson_l34_v10,ngày,day,
lesson_l34_v11,cũng,also,
lesson_l34_v12,ho,cough,
lesson_l34_v2,lắm,a lot,
lesson_l34_v4,sốt,fever,
lesson_l34_v6,mệt,tired,
lesson_l34_v9,bao lâu,how long,
lesson_l35_0,Cấp cứu một một năm xin nghe. Bạn cần giúp gì?,Emergency one one five listening. What help do you need?,
lesson_l35_1,Cứu tôi với! Gọi xe cấp cứu giúp tôi!,Help me! Call an ambulance for me!,
lesson_l35_2,"Được rồi, hãy bình tĩnh. Địa chỉ của bạn là gì?","Alright, please stay calm. What is your address?",
lesson_l35_3,"Số mười hai, đường Lê Lợi.","Number twelve, Le Loi street.",
lesson_l35_v0,cứu,to save / to rescue,
lesson_l35_v1,xe cấp cứu,ambulance,
lesson_l35_v11,cấp cứu,emergency,
lesson_l35_v2,địa chỉ,address,
lesson_l35_v3,đường,street,
lesson_l35_v4,bình tĩnh,calm,
lesson_l35_v5,cảnh sát,police,
lesson_l35_v6,gọi,to call,
lesson_l35_v9,hãy,please (imperative),
lesson_l36_0,"Chào bạn, bạn đau ở đâu?","Hello, where does it hurt?",
lesson_l36_1,"Chào bác sĩ, tôi bị đau răng.","Hello doctor, I have a toothache.",
lesson_l36_2,Bạn há miệng ra nhé.,Please open your mouth.,
lesson_l36_3,Đau quá. Bác sĩ cho tôi thuốc tê nhé.,"It hurts a lot. Please give me anesthesia, doctor.",
lesson_l36_4,"Được, tôi sẽ tiêm thuốc tê.","Okay, I will inject anesthesia.",
lesson_l36_v1,răng,tooth,
lesson_l36_v10,đau quá,it hurts a lot,
lesson_l36_v11,nhổ răng,to extract a tooth,
lesson_l36_v2,miệng,mouth,
lesson_l36_v3,thuốc tê,anesthesia / numbing medicine,
lesson_l36_v4,cho tôi ... nhé,please give me ...,
lesson_l36_v5,khám răng,dental checkup,
lesson_l36_v7,bị đau răng,to have a toothache,
lesson_l36_v8,há miệng,to open one's mouth,
lesson_l36_v9,tiêm,to inject,
lesson_l37_0,Chào anh. Anh cần mua gì?,Hello. What do you need to buy?,
lesson_l37_1,Chào chị. Tôi muốn mua thuốc theo đơn này.,Hello. I want to buy medicine according to this prescription.,
lesson_l37_2,"Vâng, thuốc của anh đây ạ.","Yes, here is your medicine.",
lesson_l37_3,Thuốc này mỗi ngày uống mấy viên?,How many pills of this medicine do I take a day?,
lesson_l37_4,"Mỗi ngày uống hai viên, sau bữa ăn.","Take two pills a day, after meals.",
lesson_l37_5,Cảm ơn chị. Hết bao nhiêu tiền?,Thank you. How much is it?,
lesson_l37_v1,theo,according to,
lesson_l37_v11,sau,after,
lesson_l37_v12,trước,before,
lesson_l37_v5,bữa ăn,meal,
lesson_l37_v6,hết bao nhiêu tiền,how much is it in total,
lesson_l37_v7,đơn thuốc,prescription,
lesson_l37_v9,mỗi ngày,every day,
lesson_l38_0,Chào anh. Anh cần làm gì ạ?,Hello. What do you need to do?,
lesson_l38_1,Tôi cần xin visa. Cần những giấy tờ gì?,I need to apply for a visa. What documents are needed?,
lesson_l38_2,Anh cần nộp hộ chiếu và hai ảnh.,You need to submit a passport and two photos.,
lesson_l38_3,Tôi có đủ rồi. Nộp hồ sơ ở đâu?,I have everything. Where do I submit the application?,
lesson_l38_4,Anh nộp ở quầy số năm nhé.,Please submit it at counter number five.,
lesson_l38_v0,xin visa,to apply for a visa,
lesson_l38_v1,nộp,to submit,
lesson_l38_v10,lệ phí,fee,
lesson_l38_v11,gia hạn,to extend,
lesson_l38_v2,ảnh,photo,
lesson_l38_v3,quầy,counter,
lesson_l38_v4,đơn xin,application form,
lesson_l38_v5,thị thực,visa (formal),
lesson_l38_v6,giấy tờ,documents,
lesson_l38_v8,hồ sơ,application file,
lesson_l38_v9,đủ,enough,
lesson_l39_0,Chào anh. Anh cần giúp gì không?,Hello. Do you need any help?,
lesson_l39_1,Vâng. Tôi không hiểu tờ đơn này.,Yes. I don't understand this form.,
lesson_l39_2,Anh không hiểu chỗ nào?,Which part do you not understand?,
lesson_l39_3,Chỗ này nghĩa là gì?,What does this part mean?,
lesson_l39_4,Chỗ đó là địa chỉ của anh.,That part is your address.,
lesson_l39_5,Cảm ơn chị nhiều.,Thank you very much.,
lesson_l39_v1,tờ đơn,form,
lesson_l39_v10,họ tên,full name,
lesson_l39_v2,nghĩa là gì,what does it mean,
lesson_l39_v4,chữ ký,signature,
lesson_l39_v5,ngày sinh,date of birth,
lesson_l39_v7,chỗ,part / place,
lesson_l39_v9,điền,to fill out,
lesson_l4_0,"Chào chị, tổng cộng là năm mươi nghìn ạ.","Hello, the total is fifty thousand.",
lesson_l4_1,"Xin lỗi, tôi nói tiếng Việt không tốt.","Sorry, I don't speak Vietnamese well.",
lesson_l4_2,"Dạ, năm mươi nghìn ạ.","Yes, fifty thousand.",
lesson_l4_3,Xin chị nói chậm lại.,Please speak more slowly.,
lesson_l4_v3,tốt,well,
lesson_l4_v4,lại,again,
lesson_l4_v8,chậm,slow,
lesson_l4_v9,xin,please,
lesson_l40_0,Xin chào quý khách. Tôi có thể giúp gì cho quý khách ạ?,Hello. How can I help you?,
lesson_l40_1,Tôi muốn mở tài khoản ngân hàng.,I want to open a bank account.,
lesson_l40_2,Dạ vâng. Quý khách có mang theo hộ chiếu không ạ?,Yes. Do you have your passport with you?,
lesson_l40_3,"Có, hộ chiếu đây. Tôi cần giấy tờ gì nữa không?","Yes, here is the passport. Do I need any other documents?",
lesson_l40_4,Ngân hàng cần thêm visa hoặc thẻ cư trú ạ.,The bank also needs a visa or residence card.,
lesson_l40_5,Tôi có thẻ cư trú. Đây nhé.,I have a residence card. Here you go.,
lesson_l40_v0,ngân hàng,bank,
lesson_l40_v1,mở,to open,
lesson_l40_v12,hoặc,or,
lesson_l40_v13,nữa,else,
lesson_l40_v2,thẻ cư trú,residence card,
lesson_l40_v4,mang theo,to bring along,
lesson_l40_v7,tài khoản,account,
lesson_l40_v9,visa,visa,
lesson_l41_0,"Xin chào, bạn cần mua gì ạ?","Hello, what do you need to buy?",
lesson_l41_1,Tôi muốn mua sim có mạng.,I want to buy a SIM with internet.,
lesson_l41_2,"Dạ, chúng tôi có gói một tháng.","Yes, we have a one-month package.",
lesson_l41_3,Tuyệt vời. Gói một tháng giá bao nhiêu?,Great. How much is the one-month package?,
lesson_l41_4,"Dạ, hai trăm nghìn đồng ạ. Xin hộ chiếu của bạn.","Yes, two hundred thousand dong. Your passport, please.",
lesson_l41_v10,một tháng,one month,
lesson_l41_v11,hai trăm,two hundred,
lesson_l41_v13,tuyệt vời,great,
lesson_l41_v2,gói,package,
lesson_l41_v3,giá bao nhiêu,how much,
lesson_l41_v9,sim có mạng,data SIM,
lesson_l42_0,"Chào anh, em cần hộ chiếu để đăng ký ạ.","Hello, I need your passport to register.",
lesson_l42_2,"Dạ, khách sạn phải đăng ký với công an.","Yes, the hotel must register with the police.",
lesson_l42_3,Khi nào tôi lấy lại được hộ chiếu?,When can I get the passport back?,
lesson_l42_4,Sáng mai em sẽ trả lại cho anh ạ.,Tomorrow morning I will return it to you.,
lesson_l42_5,"Được, ngày mai tôi sẽ lấy.","Okay, I will get it tomorrow.",
lesson_l42_v1,khách sạn,hotel,
lesson_l42_v2,khi nào,when,
lesson_l42_v5,phải,must,
lesson_l42_v6,đăng ký,to register,
lesson_l42_v7,công an,police,
lesson_l42_v8,lấy lại,to get back,
lesson_l42_v9,sáng mai,tomorrow morning,
lesson_l43_0,"Chào anh, anh cần giúp gì ạ?","Hello sir, how can I help you?",
lesson_l43_1,Chào chị. Tôi muốn gửi bưu kiện này đi Mỹ.,Hello. I want to send this parcel to America.,
lesson_l43_2,Vâng. Anh muốn gửi thường hay gửi nhanh ạ?,Yes. Do you want to send standard or express?,
lesson_l43_3,Gửi thường. Phí gửi là bao nhiêu tiền?,Standard. How much is the shipping fee?,
lesson_l43_4,Phí gửi là năm trăm nghìn đồng ạ.,The shipping fee is five hundred thousand dong.,
lesson_l43_v0,gửi,to send,
lesson_l43_v12,bưu điện,post office,
lesson_l43_v2,gửi nhanh,express shipping,
lesson_l43_v4,năm trăm,five hundred,
lesson_l43_v6,thư,letter,
lesson_l43_v7,bưu kiện,parcel,
lesson_l43_v8,gửi thường,standard shipping,
lesson_l43_v9,phí gửi,shipping fee,
lesson_l44_1,"Xin lỗi, tôi lấy số ở đâu?","Excuse me, where do I take a number?",
lesson_l44_2,Máy lấy số ở đằng kia ạ.,The ticket machine is over there.,
lesson_l44_3,Cảm ơn. Tôi đợi ở quầy nào?,Thank you. Which counter do I wait at?,
lesson_l44_4,Anh đợi ở quầy số ba nhé.,Please wait at counter number three.,
lesson_l44_v1,lấy số,to take a number,
lesson_l44_v10,ở đằng kia,over there,
lesson_l44_v12,số ba,number three,
lesson_l44_v13,đến lượt,to be one's turn,
lesson_l44_v4,nào,which,
lesson_l44_v5,xếp hàng,to line up,
lesson_l44_v9,máy,machine,
lesson_l45_1,Chào bạn. Tôi cần tìm lớp tiếng Việt.,Hello. I need to find a Vietnamese class.,
lesson_l45_2,Vâng. Bạn muốn học buổi sáng hay buổi tối?,Yes. Do you want to study in the morning or evening?,
lesson_l45_3,Tôi cần học lớp buổi tối.,I need to take an evening class.,
lesson_l45_v10,buổi tối,evening,
lesson_l45_v12,buổi chiều,afternoon,
lesson_l45_v13,giáo viên,teacher,
lesson_l45_v3,buổi sáng,morning,
lesson_l45_v8,lớp,class,
lesson_l45_v9,học,to study,
lesson_l46_0,Căn hộ này có đầy đủ nội thất ạ.,This apartment is fully furnished.,
lesson_l46_1,Giá thuê một tháng là bao nhiêu?,How much is the rent per month?,
lesson_l46_2,Giá thuê là mười triệu đồng một tháng ạ.,The rent is ten million dong a month.,
lesson_l46_3,Giá đó bao gồm điện và nước chưa?,Does that price include electricity and water?,
lesson_l46_4,Tiền điện và tiền nước tính riêng ạ.,Electricity and water are calculated separately.,
lesson_l46_5,Căn hộ rất đẹp. Tôi sẽ thuê.,The apartment is very nice. I will rent it.,
lesson_l46_v0,căn hộ,apartment,
lesson_l46_v1,đầy đủ,fully / complete,
lesson_l46_v10,bao gồm,to include,
lesson_l46_v12,tiền nước,water bill,
lesson_l46_v2,thuê,to rent,
lesson_l46_v3,triệu,million,
lesson_l46_v4,điện,electricity,
lesson_l46_v5,tiền điện,electricity bill,
lesson_l46_v6,tính riêng,calculated separately,
lesson_l46_v7,nội thất,furniture,
lesson_l46_v8,giá thuê,rent,
lesson_l46_v9,tháng,month,
lesson_l47_0,Đây là hợp đồng thuê nhà.,Here is the rental contract.,
lesson_l47_1,Tiền cọc là bao nhiêu ạ?,How much is the deposit?,
lesson_l47_2,Tiền cọc là một tháng tiền nhà.,The deposit is one month of rent.,
lesson_l47_3,Khi nào tôi có thể chuyển vào ạ?,When can I move in?,
lesson_l47_4,Ngày mai anh có thể chuyển vào.,You can move in tomorrow.,
lesson_l47_5,"Tốt quá, tôi sẽ ký hợp đồng.","Great, I will sign the contract.",
lesson_l47_v0,hợp đồng,contract,
lesson_l47_v1,tiền cọc,deposit,
lesson_l47_v10,chủ nhà,landlord,
lesson_l47_v11,phòng,room,
lesson_l47_v5,chìa khóa,key,
lesson_l47_v6,thuê nhà,to rent a house,
lesson_l47_v7,tiền nhà,rent,
lesson_l47_v8,chuyển vào,to move in,
lesson_l47_v9,ký,to sign,
lesson_l48_0,"Xin chào, lễ tân xin nghe.","Hello, reception listening.",
lesson_l48_1,Chào bạn. Điều hòa phòng tôi bị hỏng.,Hello. The air conditioner in my room is broken.,
lesson_l48_2,"Dạ, quý khách ở phòng số mấy ạ?","Yes, what room are you in?",
lesson_l48_3,Phòng ba không hai. Bạn gọi thợ giúp tôi nhé.,Room three zero two. Please call a repairman for me.,
lesson_l48_4,"Vâng ạ, thợ sẽ lên ngay bây giờ.","Yes, a repairman will come up right now.",
lesson_l48_v0,lễ tân,reception,
lesson_l48_v11,tivi,TV,
lesson_l48_v12,tủ lạnh,refrigerator,
lesson_l48_v13,sửa,to fix,
lesson_l48_v3,thợ,repairman,
lesson_l48_v4,ngay bây giờ,right now,
lesson_l48_v5,đèn,light,
lesson_l48_v6,nước nóng,hot water,
lesson_l48_v7,điều hòa,air conditioner,
lesson_l49_2,Xin lỗi anh. Chúng tôi sẽ sửa ngay.,I apologize. We will fix it right away.,
lesson_l49_3,Bao lâu thì sửa xong?,How long until it is fixed?,
lesson_l49_4,Khoảng ba mươi phút nữa ạ.,In about thirty minutes.,
lesson_l49_v10,khoảng,about,
lesson_l49_v13,chờ,to wait,
lesson_l49_v2,ngay,right away,
lesson_l49_v3,xong,finished,
lesson_l49_v4,phút,minute,
lesson_l49_v5,hỏng,broken,
lesson_l49_v6,máy lạnh,air conditioner,
lesson_l5_0,Cho tôi đi qua nhé.,"Let me pass, please.",
lesson_l5_1,Xin lỗi!,Sorry!,
lesson_l5_3,"Xin lỗi, ga tàu ở đâu?","Excuse me, where is the train station?",
lesson_l5_v1,ga tàu,train station,
lesson_l5_v4,đi qua,to pass,
lesson_l50_0,Chào chị. Em ở nhà bên cạnh.,Hello. I live next door.,
lesson_l50_1,Chào em. Chị là Lan. Rất vui được gặp em.,Hello. I am Lan. Nice to meet you.,
lesson_l50_2,Em tên là Tom. Em vẫn đang học tiếng Việt.,My name is Tom. I am still learning Vietnamese.,
lesson_l50_3,Tiếng Việt của em rất tốt!,Your Vietnamese is very good!,
lesson_l50_4,Cảm ơn chị ạ.,Thank you.,
lesson_l50_v10,vẫn,still,
lesson_l50_v2,rất vui,very happy,
lesson_l50_v8,bên cạnh,next door / next to,
lesson_l50_v9,gặp,to meet,
lesson_l51_0,Chào bạn. Hôm nay trời đẹp quá nhỉ!,"Hello. The weather is so nice today, isn't it!",
lesson_l51_1,Trời rất mát. Bạn đi làm à?,It's very cool. Are you going to work?,
lesson_l51_2,Đúng rồi. Mình đi làm đây.,That's right. I'm heading to work now.,
lesson_l51_3,Đi cẩn thận nhé. Hẹn gặp lại!,Drive safely. See you later!,
lesson_l51_v1,đẹp,beautiful / nice,
lesson_l51_v10,cẩn thận,careful / carefully,
lesson_l51_v11,đúng rồi,that's right,
lesson_l51_v3,nắng,sunny,
lesson_l51_v4,đi làm,to go to work,
lesson_l51_v5,hẹn gặp lại,see you later,
lesson_l51_v6,trời,sky / weather,
lesson_l51_v7,mát,cool (weather),
lesson_l51_v8,lạnh,cold (weather),
lesson_l51_v9,mưa,rain,
lesson_l52_0,Chào bạn. Mình có việc muốn nhờ bạn.,Hi. I have a favor to ask you.,
lesson_l52_1,Chào bạn. Bạn cần giúp gì vậy?,Hi. What do you need help with?,
lesson_l52_2,Bạn có cái kéo không? Cho mình mượn một lát nhé.,Do you have scissors? Please let me borrow them for a moment.,
lesson_l52_3,Có chứ. Bạn đợi mình một chút.,Sure. Wait for me a moment.,
lesson_l52_4,Cảm ơn bạn nhiều nhé.,Thank you very much.,
lesson_l52_5,Không có gì đâu.,It's nothing.,
lesson_l52_v0,việc,matter / work,
lesson_l52_v10,cái bút,pen,
lesson_l52_v11,cái ô,umbrella,
lesson_l52_v2,cái kéo,scissors,
lesson_l52_v3,một lát,a moment,
lesson_l52_v5,cục sạc,charger,
lesson_l52_v6,nhờ,to ask for a favor,
lesson_l52_v8,mượn,to borrow,
lesson_l53_0,Chào bạn. Bạn đang tìm việc gì?,Hello. What job are you looking for?,
lesson_l53_1,Chào anh. Tôi đang tìm việc làm giáo viên.,Hello. I am looking for a job as a teacher.,
lesson_l53_2,Bạn có kinh nghiệm làm việc chưa?,Do you have work experience yet?,
lesson_l53_3,Rồi ạ. Tôi đã làm việc ở một trường học hai năm.,Yes. I worked at a school for two years.,
lesson_l53_4,Rất tốt. Bạn có thể bắt đầu làm việc khi nào?,Very good. When can you start working?,
lesson_l53_5,Tôi có thể bắt đầu vào tuần sau.,I can start next week.,
lesson_l53_v0,tìm việc,to look for a job,
lesson_l53_v1,kinh nghiệm,experience,
lesson_l53_v10,trường học,school,
lesson_l53_v11,tuần sau,next week,
lesson_l53_v12,công ty,company,
lesson_l53_v13,lương,salary,
lesson_l53_v2,làm việc,to work,
lesson_l53_v5,phỏng vấn,interview,
lesson_l53_v6,nhân viên,employee,
lesson_l53_v7,việc làm,job,
lesson_l53_v9,bắt đầu,to start,
lesson_l54_0,"Chào em, chào mừng em đến công ty. Hôm nay em bắt đầu làm việc nhỉ?","Hello, welcome to the company. You start working today, right?",
lesson_l54_1,"Chào chị. Vâng, hôm nay em bắt đầu làm việc ạ.","Hello. Yes, today I start working.",
lesson_l54_2,Để chị hướng dẫn nhé. Em muốn hỏi gì trước?,Let me guide you. What do you want to ask first?,
lesson_l54_3,Bàn làm việc của em ở đâu ạ?,Where is my desk?,
lesson_l54_4,Bàn làm việc của em ở đây.,Your desk is here.,
lesson_l54_5,Còn nhà vệ sinh và phòng ăn ở đâu ạ?,And where are the restroom and the pantry?,
lesson_l54_6,"Ở đằng kia, cuối hành lang.","Over there, at the end of the hallway.",
lesson_l54_7,"Dạ vâng, em cảm ơn chị ạ.","Yes, thank you.",
lesson_l54_v10,hướng dẫn,to guide,
lesson_l54_v11,bàn làm việc,desk,
lesson_l54_v13,phòng ăn,pantry,
lesson_l54_v14,cuối,end,
lesson_l54_v7,hành lang,hallway,
lesson_l54_v9,chào mừng,welcome,
lesson_l55_0,"Alo, sếp đây. Có chuyện gì thế em?","Hello, boss here. What's the matter?",
lesson_l55_1,Chào sếp. Hôm nay em bị ốm ạ.,Hello boss. Today I am sick.,
lesson_l55_2,Thế à? Em mệt lắm không?,Is that so? Are you very sick?,
lesson_l55_3,Em bị sốt. Em cần xin nghỉ một ngày ạ.,I have a fever. I need a day off.,
lesson_l55_4,Được rồi. Em ở nhà nghỉ ngơi đi.,Alright. Stay home and rest.,
lesson_l55_v0,sếp,boss,
lesson_l55_v11,một ngày,one day,
lesson_l55_v12,được rồi,alright,
lesson_l55_v13,nghỉ ngơi,to rest,
lesson_l55_v14,đau họng,to have a sore throat,
lesson_l55_v15,có chuyện gì,what's the matter,
lesson_l55_v2,bị sốt,to have a fever,
lesson_l55_v3,xin nghỉ,to ask for time off,
lesson_l55_v5,ở nhà,to stay home,
lesson_l55_v7,uống thuốc,to take medicine,
lesson_l55_v8,bị ốm,to be sick,
lesson_l56_0,"Chào chị, chị cần giúp gì ạ?","Hello, how can I help you?",
lesson_l56_1,"Chào em, chị muốn đăng ký học cho con.","Hello, I want to register my child for school.",
lesson_l56_2,"Dạ, bé mấy tuổi rồi ạ?","Yes, how old is the child?",
lesson_l56_3,Cháu năm tuổi. Cần những giấy tờ gì?,He is five years old. What documents are needed?,
lesson_l56_4,Chị cần nộp giấy khai sinh của bé ạ.,You need to submit the child's birth certificate.,
lesson_l56_v11,giấy khai sinh,birth certificate,
lesson_l56_v13,nhập học,to enroll,
lesson_l56_v2,bé,little child,
lesson_l56_v3,năm tuổi,five years old,
lesson_l56_v8,con,child,
lesson_l56_v9,mấy tuổi,how old,
lesson_l57_0,Chào chị. Mời chị ngồi.,Hello. Please sit down.,
lesson_l57_1,Chào cô. Con tôi dạo này học thế nào ạ?,Hello teacher. How is my child studying lately?,
lesson_l57_2,"Cháu học tốt, nhưng hơi chậm môn Toán.","They study well, but are a bit slow in Math.",
lesson_l57_3,Cháu có cần giúp đỡ thêm không ạ?,Do they need extra help?,
lesson_l57_4,Có ạ. Tôi sẽ giúp cháu thêm ở lớp.,Yes. I will help them more in class.,
lesson_l57_v10,nhưng,but,
lesson_l57_v4,môn Toán,Math,
lesson_l57_v5,giúp đỡ,to help,
lesson_l57_v6,ở lớp,in class,
lesson_l57_v7,cô giáo,female teacher,
lesson_l57_v8,dạo này,lately,
lesson_l58_0,Đồ ăn trông ngon quá.,The food looks so good.,
lesson_l58_1,Đúng vậy. Chúc bạn ngon miệng nhé!,That's right. Enjoy your meal!,
lesson_l58_2,Cảm ơn bạn. Cuối tuần này bạn làm gì?,Thank you. What are you doing this weekend?,
lesson_l58_3,Mình đi xem phim. Còn bạn thì sao?,I'm going to see a movie. How about you?,
lesson_l58_4,Mình ở nhà nghỉ ngơi thôi.,I'm just staying home to rest.,
lesson_l58_v0,đồ ăn,food,
lesson_l58_v1,ngon,delicious,
lesson_l58_v2,chúc ngon miệng,enjoy your meal,
lesson_l58_v3,làm gì,to do what,
lesson_l58_v4,còn bạn thì sao,how about you,
lesson_l58_v7,trông,to look / to appear,
lesson_l58_v8,đúng vậy,that's right,
lesson_l58_v9,cuối tuần,weekend,
lesson_l59_0,"Chào bạn, xin mời lên xe.","Hello, please get on the bus.",
lesson_l59_1,"Xin lỗi, xe buýt này có đi sân bay không?","Excuse me, does this bus go to the airport?",
lesson_l59_2,"Có, xe này đi sân bay.","Yes, this bus goes to the airport.",
lesson_l59_3,Cho tôi một vé. Bao nhiêu tiền?,Give me one ticket. How much is it?,
lesson_l59_4,Mười nghìn đồng.,Ten thousand dong.,
lesson_l59_v0,xe buýt,bus,
lesson_l59_v13,trung tâm,center,
lesson_l59_v14,xin mời,please (inviting),
lesson_l59_v5,bến xe,bus station,
lesson_l59_v6,lên xe,to get on (a vehicle),
lesson_l59_v7,này,this,
lesson_l59_v8,sân bay,airport,
lesson_l59_v9,vé,ticket,
lesson_l6_0,Xin chào ạ.,Hello.,
lesson_l6_1,"Xin lỗi, nhà vệ sinh ở đâu ạ?","Excuse me, where is the restroom?",
lesson_l6_3,Cảm ơn.,Thank you.,
lesson_l60_0,"Chào anh, anh cần gì ạ?","Hello, what do you need?",
lesson_l60_1,Anh muốn nạp tiền Grab.,I want to top up my Grab.,
lesson_l60_2,"Dạ, anh nạp bao nhiêu ạ?","Yes, how much are you topping up?",
lesson_l60_3,Hai trăm nghìn. Quẹt thẻ được không em?,Two hundred thousand. Can I pay by card?,
lesson_l60_4,Dạ được ạ. Mời anh quẹt thẻ.,"Yes, you can. Please swipe your card.",
lesson_l60_v0,nạp tiền,to top up,
lesson_l60_v4,mời,please / to invite,
lesson_l60_v5,chuyển khoản,bank transfer,
lesson_l60_v6,số dư,balance,
lesson_l60_v7,quẹt thẻ,to swipe a card,
lesson_l61_0,"Chào bạn, đi xe ôm không?","Hello, want a motorbike taxi?",
lesson_l61_1,Vâng. Cho tôi đến chợ Đồng Xuân.,Yes. Please take me to Dong Xuan market.,
lesson_l61_2,"Được rồi, lên xe đi.","Alright, get on the bike.",
lesson_l61_3,"Anh ơi, dừng lại ở đây nhé.","Excuse me, please stop here.",
lesson_l61_4,Tới nơi rồi. Của bạn là năm mươi nghìn.,We're here. Your total is fifty thousand.,
lesson_l61_5,Gửi anh tiền. Cảm ơn anh.,Here is the money. Thank you.,
lesson_l61_v0,xe ôm,motorbike taxi,
lesson_l61_v12,mũ bảo hiểm,helmet,
lesson_l61_v2,dừng lại,to stop,
lesson_l61_v3,tới nơi,to arrive at the destination,
lesson_l61_v7,chợ,market,
lesson_l62_0,"Xin chào, tiệm tóc xin nghe ạ.","Hello, hair salon here.",
lesson_l62_1,"Chào bạn, tôi muốn đặt lịch cắt tóc.","Hello, I want to book a haircut appointment.",
lesson_l62_2,Bạn muốn đến vào thứ mấy ạ?,What day of the week do you want to come?,
lesson_l62_3,Thứ Sáu tuần này có được không?,Is this Friday okay?,
lesson_l62_4,Thứ Sáu hết chỗ rồi ạ. Thứ Bảy được không?,Friday is fully booked. Is Saturday okay?,
lesson_l62_5,"Được, vậy tôi đặt thứ Bảy nhé.","Okay, then I'll book Saturday.",
lesson_l62_v0,tiệm tóc,hair salon,
lesson_l62_v1,cắt tóc,to cut hair,
lesson_l62_v2,tuần này,this week,
lesson_l62_v7,đặt lịch,to book an appointment,
lesson_l62_v8,thứ mấy,what day of the week,
lesson_l62_v9,hết chỗ,fully booked,
lesson_l7_0,"Dạ, chào bạn. Bạn cần gì ạ?",Hello. What do you need?,
lesson_l7_1,Cái này bao nhiêu tiền ạ?,How much is this?,
lesson_l7_2,"Dạ, năm mươi nghìn đồng.",Fifty thousand dong.,
lesson_l7_3,Gửi em tiền ạ.,Here is the money.,
lesson_l7_4,"Dạ, em cảm ơn ạ.",Thank you.,
lesson_l8_0,Xin chào quý khách. Quý khách muốn uống gì ạ?,Hello. What would you like to drink?,
lesson_l8_1,Cho tôi hai cốc cà phê và ba cốc trà.,Give me two cups of coffee and three cups of tea.,
lesson_l8_2,"Vâng, hai cốc cà phê và ba cốc trà. Quý khách có ăn gì không ạ?","Yes, two cups of coffee and three cups of tea. Would you like anything to eat?",
lesson_l8_3,Cho tôi thêm một cái bánh ngọt.,Give me one pastry too.,
lesson_l8_v3,cái,object (classifier),
lesson_l8_v9,bánh ngọt,pastry,
lesson_l9_0,"Chào anh, mình đi đường nào ạ?","Hello, which way are we going?",
lesson_l9_2,Vâng. Rồi rẽ trái à?,Yes. Then turn left?,
lesson_l9_3,"Không, rẽ phải ạ.","No, turn right.",
lesson_l9_v0,đường nào,which way,
lesson_l9_v1,rẽ trái,to turn left,
lesson_l9_v4,à,question particle,
lesson_l9_v6,rẽ phải,to turn right,
lesson_t1_0,"Chào anh, quán mình có nhiều món nướng lắm ạ. Anh muốn ăn gì ạ?","Hello, our restaurant has lots of grilled dishes. What would you like to eat?",
lesson_t1_1,Cho tôi một phần bò nướng và một phần tôm nướng nhé.,Give me one order of grilled beef and one order of grilled shrimp.,
lesson_t1_2,Dạ được. Anh có muốn uống bia không ạ?,Sure. Would you like to drink beer?,
lesson_t1_3,"Có, cho tôi một chai bia nữa.","Yes, give me a bottle of beer too.",
lesson_t1_v0,nướng,to grill,
lesson_t1_v1,bò,beef,
lesson_t1_v2,tôm,shrimp,
lesson_t1_v3,phần,portion / order,
lesson_t1_v4,bia,beer,
lesson_t1_v6,quán,restaurant / shop,
lesson_t10_0,"Xin chào, tôi tên là Minh. Còn bạn tên gì?","Hello, my name is Minh. And what's your name?",
lesson_t10_1,"Chào Minh, tôi tên là Lan. Rất vui được gặp bạn.","Hi Minh, my name is Lan. Very nice to meet you.",
lesson_t10_2,Bạn đến từ đâu vậy?,Where are you from?,
lesson_t10_3,"Tôi đến từ Hà Nội, còn bạn?","I'm from Hanoi, and you?",
lesson_t10_v1,rất vui được gặp bạn,nice to meet you,
lesson_t10_v3,quê,hometown,
lesson_t10_v4,giới thiệu,to introduce,
lesson_t11_0,"Em ơi, cho anh tính tiền nha.","Excuse me, can I get the bill please.",
lesson_t11_1,"Dạ được ạ, anh chờ em một chút.","Sure, please wait a moment.",
lesson_t11_2,Tổng cộng bao nhiêu tiền vậy em?,How much is the total?,
lesson_t11_3,"Dạ, tổng cộng là ba trăm nghìn đồng ạ.",The total is three hundred thousand dong.,
lesson_t11_v7,trăm nghìn,hundred thousand,
lesson_t12_1,Mình tên là Lan. Còn bạn?,My name is Lan. And you?,
lesson_t12_2,Mình là Minh. Mình là người Mỹ.,I am Minh. I am American.,
lesson_t12_3,Rất vui được gặp bạn.,Very nice to meet you.,
lesson_t12_v2,người,person,
lesson_t12_v4,vui,happy / glad,
lesson_t13_0,"Chào anh chị, mình có đặt bàn trước không ạ?","Hello, do you have a table reservation?",
lesson_t13_1,"Dạ không, tụi em muốn ngồi bàn cho hai người.","No, we would like a table for two.",
lesson_t13_2,"Dạ được, anh chị muốn ngồi trong nhà hay ngoài trời ạ?","Sure, would you like to sit inside or outside?",
lesson_t13_3,"Cho tụi em ngồi ngoài trời nha, gần cửa sổ.","Let us sit outside, near the window please.",
lesson_t13_v0,đặt bàn,to reserve a table,
lesson_t13_v2,bàn,table,
lesson_t13_v3,trong nhà,inside,
lesson_t13_v4,ngoài trời,outside / outdoors,
lesson_t13_v5,cửa sổ,window,
lesson_t13_v6,gần,near,
lesson_t13_v7,hai người,two people,
lesson_t14_0,Tháng sau bạn có đi du lịch không?,Are you traveling next month?,
lesson_t14_1,"Có, mình sẽ đi Đà Nẵng với gia đình.","Yes, I will go to Da Nang with my family.",
lesson_t14_2,Bạn sẽ đi mấy ngày?,How many days will you go for?,
lesson_t14_3,Mình sẽ đi khoảng năm ngày.,I will go for about five days.,
lesson_t14_v0,du lịch,to travel / travel,
lesson_t14_v1,tháng sau,next month,
lesson_t14_v2,gia đình,family,
lesson_t14_v7,chuyến đi,trip,
lesson_t15_0,Cuối tuần này bạn định làm gì?,What are you planning to do this weekend?,
lesson_t15_1,Mình định đi xem phim với bạn bè.,I'm planning to go watch a movie with friends.,
lesson_t15_2,"Nghe hay đó, mấy giờ bạn đi?","Sounds fun, what time are you going?",
lesson_t15_3,"Khoảng bảy giờ tối, bạn muốn đi cùng không?","Around seven in the evening, do you want to come along?",
lesson_t15_v1,định,to plan / intend to,
lesson_t15_v3,bạn bè,friends,
lesson_t15_v5,tối,evening / night,
lesson_t15_v6,đi cùng,to go along / go together,
lesson_t16_0,"Xin lỗi, cho tôi hỏi đường đến chợ Bến Thành đi thế nào ạ?","Excuse me, could you tell me how to get to Ben Thanh Market?",
lesson_t16_1,"Dạ, anh đi thẳng đường này, đến ngã tư thì rẽ trái.","Sure, go straight down this street, and turn left at the intersection.",
lesson_t16_2,Rẽ trái rồi đi bao xa nữa ạ?,"After turning left, how much farther do I go?",
lesson_t16_3,Đi khoảng năm trăm mét là tới nơi.,Go about five hundred meters and you'll arrive.,
lesson_t16_v4,ngã tư,intersection,
lesson_t16_v5,xa,far,
lesson_t17_0,Tại sao bạn học tiếng Việt vậy?,Why are you learning Vietnamese?,
lesson_t17_1,Vì mình muốn nói chuyện với bạn bè người Việt.,Because I want to talk with Vietnamese friends.,
lesson_t17_2,Còn mình thì học vì mình thích văn hóa Việt Nam.,"As for me, I'm learning because I like Vietnamese culture.",
lesson_t17_3,Học tiếng Việt khó nhưng rất thú vị.,Learning Vietnamese is hard but very interesting.,
lesson_t17_v0,tại sao,why,
lesson_t17_v3,vì,because,
lesson_t17_v4,văn hóa,culture,
lesson_t17_v5,khó,difficult,
lesson_t17_v6,thú vị,interesting,
lesson_t17_v7,nói chuyện,to talk / converse,
lesson_t18_0,Bạn thích ăn món gì nhất?,What dish do you like to eat the most?,
lesson_t18_1,Mình thích ăn phở nhất. Còn bạn?,I like pho the most. What about you?,
lesson_t18_2,Mình thích bún chả và gỏi cuốn.,I like bun cha and spring rolls.,
lesson_t18_3,"Nghe ngon quá, mai đi ăn chung nhé!","That sounds delicious, let's go eat together tomorrow!",
lesson_t18_v0,món ăn,dish / food,
lesson_t18_v3,gỏi cuốn,fresh spring rolls,
lesson_t18_v5,thích,to like,
lesson_t18_v6,nhất,most,
lesson_t18_v7,ăn chung,to eat together,
lesson_t19_0,Gia đình bạn có mấy người?,How many people are in your family?,
lesson_t19_1,"Gia đình mình có bốn người: bố mẹ, mình và em gái.","My family has four people: mom, dad, me, and my younger sister.",
lesson_t19_2,Bạn có anh chị em nào khác không?,Do you have any other siblings?,
lesson_t19_3,"Không, mình chỉ có một em gái thôi.","No, I only have one younger sister.",
lesson_t19_v1,bố,father / dad,
lesson_t19_v2,mẹ,mother / mom,
lesson_t19_v3,anh chị em,siblings,
lesson_t19_v4,em gái,younger sister,
lesson_t19_v5,anh trai,older brother,
lesson_t19_v7,mấy người,how many people,
lesson_t2_1,Cho tôi một ly cà phê sữa đá nhé.,Give me a glass of iced milk coffee.,
lesson_t2_2,"Dạ, chị có muốn thêm đường không ạ?","Sure, would you like extra sugar?",
lesson_t2_3,"Không, cảm ơn. Vậy đủ rồi.","No, thank you. That's enough.",
lesson_t20_0,"Chào chị, chị muốn uống gì ạ?","Hello, what would you like to drink?",
lesson_t20_1,Cho tôi một ly cà phê sữa đá.,Give me an iced milk coffee.,
lesson_t20_2,"Dạ, chị có muốn ăn thêm bánh ngọt không?",Would you also like to eat a pastry?,
lesson_t20_3,"Có, cho tôi một cái bánh croissant nữa nhé.","Yes, give me a croissant too.",
lesson_t20_v1,ly,cup / glass,
lesson_t21_1,Mình thích đọc sách và nghe nhạc. Còn bạn?,I like reading books and listening to music. And you?,
lesson_t21_2,"Mình thích chơi thể thao, nhất là đá bóng.","I like playing sports, especially soccer.",
lesson_t21_3,Nghe hay đó! Khi nào rảnh mình đi chơi cùng nhé.,That sounds fun! Let's hang out together sometime when we're free.,
lesson_t21_v1,rảnh,free (time),
lesson_t21_v3,đọc sách,to read books,
lesson_t21_v4,nghe nhạc,to listen to music,
lesson_t21_v5,chơi thể thao,to play sports,
lesson_t21_v6,đá bóng,soccer / football,
lesson_t21_v7,sở thích,hobby,
lesson_t22_0,Hôm nay thời tiết thế nào?,How is the weather today?,
lesson_t22_1,Trời nắng nhưng hơi nóng. Chiều nay có thể mưa.,It's sunny but a bit hot. It might rain this afternoon.,
lesson_t22_2,Mùa này ở đây mưa nhiều lắm phải không?,"It rains a lot here this season, doesn't it?",
lesson_t22_3,"Đúng rồi, mùa mưa thường kéo dài đến tháng mười.","That's right, the rainy season usually lasts until October.",
lesson_t22_v0,thời tiết,weather,
lesson_t22_v1,trời nắng,sunny,
lesson_t22_v4,mùa,season,
lesson_t22_v6,gió,wind,
lesson_t22_v7,mùa mưa,rainy season,
lesson_t23_0,"Xin lỗi, bạn có thể giúp mình một chút được không?","Excuse me, could you help me for a moment?",
lesson_t23_1,"Được chứ, bạn cần gì?","Sure, what do you need?",
lesson_t23_2,"Mình bị lạc đường, bạn biết bưu điện ở đâu không?","I'm lost, do you know where the post office is?",
lesson_t23_3,"Biết chứ, đi thẳng rồi rẽ trái là tới.","Sure, go straight then turn left and you'll get there.",
lesson_t23_v4,bị lạc đường,to be lost,
lesson_t24_0,"Chị ơi, cái áo này có size lớn hơn không?","Excuse me, does this shirt come in a bigger size?",
lesson_t24_1,"Dạ có, anh muốn màu gì ạ?","Yes, what color would you like?",
lesson_t24_2,"Cho mình màu xanh, mình cũng muốn thử luôn.","Give me the blue one, I'd also like to try it on.",
lesson_t24_3,"Dạ được, phòng thử đồ ở phía sau ạ.","Sure, the fitting room is in the back.",
lesson_t24_v0,áo,shirt / top,
lesson_t24_v1,size,size,
lesson_t24_v3,màu,color,
lesson_t24_v4,xanh,blue / green,
lesson_t24_v5,thử,to try on,
lesson_t24_v7,quần,pants,
lesson_t25_0,"Alo, mình muốn đặt lịch hẹn khám bệnh vào thứ Sáu được không?","Hello, I'd like to schedule a doctor's appointment for Friday, is that possible?",
lesson_t25_1,"Dạ được, anh muốn hẹn lúc mấy giờ ạ?","Yes, what time would you like the appointment?",
lesson_t25_2,Khoảng chín giờ sáng được không?,Would around 9am work?,
lesson_t25_3,"Dạ được, hẹn gặp anh vào chín giờ sáng thứ Sáu nhé.","Sure, see you at 9am on Friday.",
lesson_t25_v0,đặt lịch hẹn,to make an appointment,
lesson_t25_v3,lúc mấy giờ,at what time,
lesson_t25_v5,sáng,morning,
lesson_t25_v6,hẹn gặp,to meet up / appointment,
lesson_t25_v7,lịch,schedule,
lesson_t26_0,Nhà bạn ở đâu vậy?,Where is your house?,
lesson_t26_1,Nhà mình ở gần trung tâm thành phố.,My house is near the city center.,
lesson_t26_2,Nhà bạn có mấy phòng ngủ?,How many bedrooms does your house have?,
lesson_t26_3,Nhà mình có ba phòng ngủ và một phòng khách rộng.,My house has three bedrooms and a spacious living room.,
lesson_t26_v1,phòng ngủ,bedroom,
lesson_t26_v2,phòng khách,living room,
lesson_t26_v4,trung tâm thành phố,city center,
lesson_t27_0,Bạn làm nghề gì vậy?,What do you do for work?,
lesson_t27_1,"Mình là kỹ sư, làm việc ở một công ty phần mềm.","I'm an engineer, I work at a software company.",
lesson_t27_2,Công việc của bạn có bận không?,Is your job busy?,
lesson_t27_3,"Bận lắm, mình thường làm việc đến bảy giờ tối.","Very busy, I usually work until seven in the evening.",
lesson_t27_v0,nghề,job / profession,
lesson_t27_v1,kỹ sư,engineer,
lesson_t27_v3,phần mềm,software,
lesson_t27_v4,công việc,work / job,
lesson_t27_v7,đồng nghiệp,colleague,
lesson_t28_0,"Xin lỗi, xe buýt số mười đi đâu vậy?","Excuse me, where does bus number ten go?",
lesson_t28_1,Xe này đi đến trung tâm thành phố.,This bus goes to the city center.,
lesson_t28_2,Vé xe buýt giá bao nhiêu vậy?,How much is a bus ticket?,
lesson_t28_3,"Dạ, bảy ngàn đồng một vé thôi ạ.",It's just seven thousand dong per ticket.,
lesson_t28_v5,xuống xe,to get off (a vehicle),
lesson_t29_0,"Chào bác sĩ, tôi bị đau đầu và ho mấy ngày nay.","Hello doctor, I've had a headache and cough for a few days.",
lesson_t29_1,Chị có bị sốt không?,Do you have a fever?,
lesson_t29_2,"Dạ có, tôi bị sốt nhẹ từ hôm qua.","Yes, I've had a mild fever since yesterday.",
lesson_t29_3,"Chị nên uống nhiều nước và nghỉ ngơi, tôi sẽ kê thuốc cho chị.","You should drink lots of water and rest, I'll prescribe you some medicine.",
lesson_t29_v7,triệu chứng,symptom,
lesson_t3_0,"Chị ơi, bánh mì nóng nè, chị mua không?","Hey, hot bánh mì here, would you like to buy some?",
lesson_t3_1,"Dạ có, cho em một ổ bánh mì thịt nhé.","Yes, give me one bánh mì with meat.",
lesson_t3_2,Em có ăn cay không?,Do you eat spicy food?,
lesson_t3_3,"Dạ có, cho em nhiều ớt một chút.","Yes, give me a bit more chili.",
lesson_t3_v2,ổ,loaf (classifier for bread),
lesson_t3_v3,thịt,meat,
lesson_t3_v4,cay,spicy,
lesson_t3_v5,ớt,chili,
lesson_t30_0,"Bạn có vẻ buồn quá, có chuyện gì vậy?","You seem really sad, what's going on?",
lesson_t30_1,Mình vừa mất việc làm tuần trước.,I just lost my job last week.,
lesson_t30_2,"Ồ, mình rất tiếc khi nghe vậy. Bạn ổn không?","Oh, I'm really sorry to hear that. Are you okay?",
lesson_t30_3,"Cảm ơn bạn đã quan tâm, mình sẽ ổn thôi.","Thanks for caring, I'll be okay.",
lesson_t30_v0,buồn,sad,
lesson_t30_v1,tiếc,regret / sorry to hear,
lesson_t30_v2,quan tâm,to care / be concerned,
lesson_t30_v3,mất việc,to lose a job,
lesson_t30_v4,an ủi,to comfort,
lesson_t30_v6,ổn,okay / fine,
lesson_t30_v7,chuyện,matter / issue,
lesson_t31_0,"Chào chị, em muốn hỏi thuê phòng còn trống không ạ?","Hello, I'd like to ask if you have a room available to rent.",
lesson_t31_1,"Dạ còn, em muốn thuê phòng một người hay hai người?","Yes, we do. Do you want a room for one person or two people?",
lesson_t31_2,"Dạ một người thôi, giá bao nhiêu một tháng ạ?",Just one person. How much is it per month?,
lesson_t31_3,"Năm triệu một tháng, đã có nước và điện rồi ạ.","Five million per month, water and electricity are already included.",
lesson_t31_v2,còn trống,available / vacant,
lesson_t31_v7,đặt phòng,to book a room,
lesson_t32_0,"Chào chị, em muốn gửi bưu kiện này đi Hà Nội ạ.","Hello, I'd like to send this package to Hanoi.",
lesson_t32_1,"Dạ, chị muốn gửi nhanh hay gửi thường?",Would you like express or regular shipping?,
lesson_t32_2,"Cho em gửi nhanh, mất mấy ngày ạ?","Express shipping please, how many days will it take?",
lesson_t32_3,"Dạ khoảng hai ngày, tổng cộng năm mươi nghìn đồng ạ.","About two days, the total is fifty thousand dong.",
lesson_t32_v3,tem,stamp,
lesson_t32_v4,nhanh,fast / express,
lesson_t32_v5,thường,regular / normal,
lesson_t33_0,"Chào anh, em muốn mở tài khoản ngân hàng ạ.","Hello, I'd like to open a bank account.",
lesson_t33_1,"Dạ được, anh chị cho em xem chứng minh thư nhé.","Sure, could you show me your ID please.",
lesson_t33_2,"Dạ đây, em cũng muốn gửi tiền vào tài khoản luôn.",Here you go. I'd also like to deposit money into the account right away.,
lesson_t33_3,"Dạ, anh muốn gửi bao nhiêu tiền ạ?","Sure, how much money would you like to deposit?",
lesson_t33_v2,mở tài khoản,to open an account,
lesson_t33_v3,gửi tiền,to deposit money,
lesson_t33_v4,rút tiền,to withdraw money,
lesson_t33_v5,chứng minh thư,ID card,
lesson_t34_0,"Chào anh, hôm nay anh muốn cắt tóc kiểu gì ạ?","Hello, what style would you like your hair cut today?",
lesson_t34_1,"Cắt ngắn giúp em, hai bên với sau gáy nhé.","Cut it short please, the sides and the back of the neck.",
lesson_t34_2,"Dạ, anh có muốn gội đầu trước không?","Sure, would you like to wash your hair first?",
lesson_t34_3,"Dạ có, cảm ơn chị nhiều.","Yes please, thank you very much.",
lesson_t34_v1,tóc,hair,
lesson_t34_v2,ngắn,short,
lesson_t34_v3,dài,long,
lesson_t34_v4,gội đầu,to wash hair,
lesson_t34_v5,hai bên,the two sides,
lesson_t34_v6,sau gáy,back of the neck,
lesson_t34_v7,tiệm cắt tóc,hair salon,
lesson_t35_0,"Cho em hỏi, sữa tươi ở khu nào ạ?","Excuse me, which aisle is the fresh milk in?",
lesson_t35_1,"Dạ, sữa tươi ở khu bên kia, gần quầy rau.","The fresh milk is over there, near the vegetable section.",
lesson_t35_2,"Cảm ơn chị, cho em thanh toán luôn nhé.","Thank you, I'd like to check out now please.",
lesson_t35_3,"Dạ, tất cả là một trăm hai mươi nghìn đồng ạ.","Sure, that's a total of one hundred twenty thousand dong.",
lesson_t35_v0,siêu thị,supermarket,
lesson_t35_v1,sữa tươi,fresh milk,
lesson_t35_v2,khu,section / area,
lesson_t35_v4,rau,vegetables,
lesson_t35_v6,giỏ hàng,shopping basket,
lesson_t36_0,"Chị ơi, rau muống này bao nhiêu một bó?","Ma'am, how much is this water spinach per bunch?",
lesson_t36_1,"Mười lăm nghìn một bó em ơi, rau mới hái sáng nay đó.","Fifteen thousand a bunch, it was just picked this morning.",
lesson_t36_2,"Dạ, cho em hai bó với một ký cà chua nha.","Okay, give me two bunches and one kilo of tomatoes please.",
lesson_t36_3,"Được rồi, tất cả là năm mươi nghìn, em gửi tiền giúp chị nhé.","Alright, that's fifty thousand total, please hand me the money.",
lesson_t36_v0,rau muống,water spinach,
lesson_t36_v1,bó,bunch (classifier),
lesson_t36_v2,cà chua,tomato,
lesson_t36_v6,người bán,vendor / seller,
lesson_t36_v7,trả giá,to bargain / haggle,
lesson_t37_0,"Chào chị, em muốn đổi cái áo này vì nó bị rách.","Hello, I'd like to exchange this shirt because it's torn.",
lesson_t37_1,"Dạ, anh có giữ hóa đơn không ạ?",Do you still have the receipt?,
lesson_t37_2,"Dạ có, đây ạ. Em mua hôm qua.","Yes, here it is. I bought it yesterday.",
lesson_t37_3,"Được rồi ạ, để em đổi cho anh cái mới ngay.","Alright, let me exchange it for a new one right away.",
lesson_t37_v3,bị rách,to be torn,
lesson_t37_v4,lỗi,defect / fault,
lesson_t37_v6,bảo hành,warranty,
lesson_t38_0,"Chào chị, dạo này chị khỏe không?","Hi, how have you been lately?",
lesson_t38_1,"Khỏe, cảm ơn em. Còn em, đi làm về sớm vậy?","I'm well, thanks. And you, home from work early?",
lesson_t38_2,"Dạ, hôm nay công ty cho về sớm. Chị đang nấu gì mà thơm quá vậy?","Yeah, work let us go home early today. What are you cooking, it smells so good?",
lesson_t38_3,"Chị đang nấu canh chua, lát nữa qua ăn cùng cho vui nhé.","I'm making sour soup, come over and eat with us later, it'll be fun.",
lesson_t38_v2,hàng xóm,neighbor,
lesson_t38_v3,nấu ăn,to cook,
lesson_t38_v4,thơm,fragrant,
lesson_t38_v5,canh chua,sour soup,
lesson_t38_v6,đi làm về,to come home from work,
lesson_t38_v7,lát nữa,in a little while,
lesson_t39_0,"Chào bạn, mình là Lan, bạn là bạn của ai vậy?","Hi, I'm Lan, who's friend are you here with?",
lesson_t39_1,"Mình là Minh, bạn cùng lớp với Hùng. Ở đây vui quá ha.","I'm Minh, Hung's classmate. It's so fun here, huh.",
lesson_t39_2,"Ừ, đồ ăn cũng ngon nữa. Bạn muốn uống gì không?","Yeah, and the food is delicious too. Do you want something to drink?",
lesson_t39_3,"Cho mình một ly nước cam, cảm ơn bạn nha.","Give me a glass of orange juice, thanks.",
lesson_t39_v0,tiệc,party,
lesson_t39_v1,bạn cùng lớp,classmate,
lesson_t39_v2,làm quen,to get acquainted,
lesson_t39_v6,nước cam,orange juice,
lesson_t39_v7,khách,guest,
lesson_t4_0,"Alo, tôi muốn đặt bàn cho tối nay ạ.","Hello, I'd like to reserve a table for tonight.",
lesson_t4_1,"Dạ được, anh muốn đặt cho mấy giờ ạ?","Sure, what time would you like to reserve for?",
lesson_t4_2,"Cho tôi bàn lúc bảy giờ, khoảng bốn người.","A table at seven o'clock, about four people.",
lesson_t4_3,"Dạ, em đã đặt bàn cho anh rồi ạ.","Okay, I've reserved the table for you.",
lesson_t4_v1,tối nay,tonight,
lesson_t4_v3,lúc,at (a time),
lesson_t40_0,Áo dài của chị đẹp quá!,Your áo dài is so beautiful!,
lesson_t40_1,"Cảm ơn em, chị mới mua tuần trước đó.","Thank you, I just bought it last week.",
lesson_t40_2,Màu này hợp với chị lắm luôn.,This color really suits you.,
lesson_t40_3,"Em quá khen rồi, cảm ơn em nhiều nha.","You're too kind, thank you so much.",
lesson_t40_v1,khen,to compliment / praise,
lesson_t40_v2,hợp,to suit / match,
lesson_t40_v4,áo dài,traditional Vietnamese dress,
lesson_t40_v5,giỏi,skilled / good at,
lesson_t40_v6,dễ thương,cute / lovely,
lesson_t40_v7,quá khen,to over-praise / be too kind,
lesson_t41_0,"Xin lỗi, mình đến trễ quá.","Sorry, I'm really late.",
lesson_t41_1,"Không sao đâu, mình mới tới thôi.","It's totally fine, I just got here myself.",
lesson_t41_2,Mình xin lỗi vì đã làm bạn phải chờ lâu.,I'm sorry for making you wait so long.,
lesson_t41_3,"Đừng lo, lần sau nhớ đi sớm hơn nhé.","Don't worry, just remember to leave earlier next time.",
lesson_t41_v1,trễ,late,
lesson_t41_v4,lần sau,next time,
lesson_t41_v5,sớm,early,
lesson_t41_v7,làm phiền,to bother / trouble,
lesson_t42_0,Cuối tuần này bạn có rảnh không?,Are you free this weekend?,
lesson_t42_1,"Có, mình rảnh. Có chuyện gì vậy?","Yes, I'm free. What's up?",
lesson_t42_2,Mình muốn mời bạn đi xem phim với mình.,I want to invite you to watch a movie with me.,
lesson_t42_3,Nghe hay đó! Mấy giờ mình gặp nhau?,That sounds great! What time should we meet?,
lesson_t42_v5,đi chơi,to go out / hang out,
lesson_t42_v6,tham gia,to join / participate,
lesson_t43_0,Bạn đang viết gì vậy?,What are you writing?,
lesson_t43_1,Mình đang viết bưu thiếp gửi cho gia đình ở Việt Nam.,I'm writing a postcard to send to my family in Vietnam.,
lesson_t43_2,Bạn viết gì trong đó?,What did you write in it?,
lesson_t43_3,"Mình viết ""Con nhớ mọi người nhiều lắm, mong sớm được về thăm nhà.""","I wrote, ""I miss everyone so much, I hope to come home and visit soon.""",
lesson_t43_v0,bưu thiếp,postcard,
lesson_t43_v3,nhớ,to miss,
lesson_t43_v5,thăm,to visit,
lesson_t44_0,Dạo này bạn có xem phim gì hay không?,Have you watched any good movies lately?,
lesson_t44_1,"Có, mình mới xem một bộ phim Hàn rất cảm động.","Yes, I just watched a really touching Korean movie.",
lesson_t44_2,Phim đó tên gì vậy?,What's that movie called?,
lesson_t44_3,"Mình quên tên rồi, nhưng diễn viên đóng rất hay.","I forgot the name, but the actors performed really well.",
lesson_t44_v0,phim,movie / film,
lesson_t44_v2,bộ phim,a movie (with classifier),
lesson_t44_v3,diễn viên,actor / actress,
lesson_t44_v4,cảm động,touching / moving,
lesson_t44_v5,hài hước,funny / humorous,
lesson_t44_v6,tập phim,episode,
lesson_t44_v7,chương trình,program / show,
lesson_t45_0,Bạn đang đọc cuốn sách gì vậy?,What book are you reading?,
lesson_t45_1,Mình đang đọc một cuốn tiểu thuyết rất thú vị.,I'm reading a really interesting novel.,
lesson_t45_2,Sách đó nói về chuyện gì?,What's that book about?,
lesson_t45_3,Nó kể về cuộc sống của một cô gái trẻ ở Hà Nội.,It's about the life of a young woman in Hanoi.,
lesson_t45_v0,sách,book,
lesson_t45_v1,đọc,to read,
lesson_t45_v2,cuốn,classifier for books,
lesson_t45_v3,tiểu thuyết,novel,
lesson_t45_v5,tác giả,author,
lesson_t45_v6,truyện,story,
lesson_t45_v7,bài báo,article,
lesson_t46_0,"Chào bạn, tối nay bạn có muốn đi tập gym không?","Hey, do you want to go to the gym tonight?",
lesson_t46_1,"Có chứ! Mình muốn tập chạy bộ trước, rồi tập tạ.","Of course! I want to jog first, then lift weights.",
lesson_t46_2,Bạn thích chơi thể thao gì nhất?,What sport do you like to play the most?,
lesson_t46_3,"Mình thích đá bóng, nhưng dạo này mình tập yoga nhiều hơn.","I like soccer, but lately I've been doing more yoga.",
lesson_t46_v0,tập gym,to work out at the gym,
lesson_t46_v1,chạy bộ,to jog / run,
lesson_t46_v2,tập tạ,to lift weights,
lesson_t46_v3,thể thao,sports,
lesson_t46_v5,yoga,yoga,
lesson_t46_v7,tập thể dục,to exercise,
lesson_t47_0,Ước mơ của bạn trong tương lai là gì?,What is your dream for the future?,
lesson_t47_1,Mình muốn trở thành một bác sĩ giỏi.,I want to become a good doctor.,
lesson_t47_2,Bạn sẽ làm gì để đạt được ước mơ đó?,What will you do to achieve that dream?,
lesson_t47_3,Mình sẽ học chăm chỉ và không bao giờ bỏ cuộc.,I will study hard and never give up.,
lesson_t47_v0,ước mơ,dream,
lesson_t47_v1,tương lai,future,
lesson_t47_v2,trở thành,to become,
lesson_t47_v4,đạt được,to achieve,
lesson_t47_v5,mục tiêu,goal,
lesson_t47_v6,chăm chỉ,hardworking / diligent,
lesson_t47_v7,bỏ cuộc,to give up,
lesson_t48_0,Hôm nay của bạn thế nào?,How was your day today?,
lesson_t48_1,"Hôm nay mình khá bận, nhưng mình cảm thấy vui vì hoàn thành được nhiều việc.","Today I was quite busy, but I feel happy because I finished a lot of things.",
lesson_t48_2,Bạn đã làm những gì vậy?,What did you do exactly?,
lesson_t48_3,"Mình đi làm, tập thể dục, rồi viết nhật ký trước khi đi ngủ.","I went to work, exercised, then wrote in my journal before going to sleep.",
lesson_t48_v2,cảm thấy,to feel,
lesson_t48_v3,hoàn thành,to complete / finish,
lesson_t48_v4,nhật ký,diary / journal,
lesson_t49_0,Bạn đang viết thư cho gia đình à?,Are you writing a letter to your family?,
lesson_t49_1,"Ừ, mình muốn báo tin mình vừa tìm được việc làm mới.","Yeah, I want to share the news that I just found a new job.",
lesson_t49_2,Vậy bạn nên hỏi thăm sức khỏe của bố mẹ nữa.,Then you should also ask about your parents' health.,
lesson_t49_3,"Đúng rồi, mình sẽ hỏi thăm và gửi lời chúc sức khỏe cho cả nhà.","Right, I'll ask about them and send health wishes to the whole family.",
lesson_t49_v0,viết thư,to write a letter,
lesson_t49_v2,báo tin,to give news,
lesson_t49_v4,hỏi thăm,to ask after / check on,
lesson_t49_v5,sức khỏe,health,
lesson_t49_v6,bố mẹ,parents,
lesson_t49_v7,gửi lời chúc,to send wishes,
lesson_t5_0,Anh đã biết ăn món gì chưa ạ?,Have you decided what to eat yet?,
lesson_t5_1,"Chưa, quán mình có món gì ngon không?","Not yet, does this restaurant have anything delicious?",
lesson_t5_2,"Dạ, phở bò ở đây rất nổi tiếng, anh nên thử.","Yes, the beef pho here is very famous, you should try it.",
lesson_t5_3,Vậy cho tôi một tô phở bò nhé.,Then give me a bowl of beef pho.,
lesson_t5_v0,món ngon,delicious dish,
lesson_t5_v1,nổi tiếng,famous,
lesson_t5_v2,nên,should,
lesson_t5_v4,tô,bowl,
lesson_t5_v7,biết,to know,
lesson_t50_0,Nghe nói bạn vừa đạt được một thành tích lớn phải không?,"I heard you just achieved a big accomplishment, right?",
lesson_t50_1,"Đúng vậy, mình vừa hoàn thành cuộc thi marathon đầu tiên của mình.","That's right, I just finished my first marathon race.",
lesson_t50_2,Chúc mừng bạn! Bạn cảm thấy thế nào?,Congratulations! How do you feel?,
lesson_t50_3,Mình rất tự hào vì đã cố gắng hết mình.,I'm very proud because I gave it my all.,
lesson_t50_v0,thành tích,achievement,
lesson_t50_v2,cuộc thi,competition / race,
lesson_t50_v4,tự hào,proud,
lesson_t50_v5,cố gắng,to try hard,
lesson_t50_v6,chúc mừng,congratulations,
lesson_t50_v7,thành công,success,
lesson_t51_0,"Ở Việt Nam, khi vào nhà người khác mình phải làm gì trước?","In Vietnam, what do you have to do first when entering someone else's house?",
lesson_t51_1,Mình phải cởi giày trước khi vào nhà.,You have to take off your shoes before entering the house.,
lesson_t51_2,Còn khi ăn cơm với người lớn tuổi thì sao?,What about when eating with older people?,
lesson_t51_3,Mình nên mời người lớn tuổi ăn cơm trước để tỏ sự tôn trọng.,You should invite the elders to eat first to show respect.,
lesson_t51_v0,phong tục,custom,
lesson_t51_v1,cởi giày,to take off shoes,
lesson_t51_v2,người lớn tuổi,elderly person,
lesson_t51_v3,tôn trọng,to respect,
lesson_t51_v7,lịch sự,polite,
lesson_t52_0,Dạo này không khí ở thành phố ô nhiễm quá.,The air in the city has been so polluted lately.,
lesson_t52_1,"Ừ, mình nghĩ nên đi xe đạp thay vì đi xe máy.","Yeah, I think we should ride bikes instead of motorbikes.",
lesson_t52_2,Bạn có phân loại rác không?,Do you sort your trash?,
lesson_t52_3,"Có chứ, mình luôn tái chế nhựa và giấy.","Of course, I always recycle plastic and paper.",
lesson_t52_v0,ô nhiễm,pollution / polluted,
lesson_t52_v1,không khí,air,
lesson_t52_v2,môi trường,environment,
lesson_t52_v3,tái chế,to recycle,
lesson_t52_v4,rác,trash,
lesson_t52_v5,phân loại,to sort / classify,
lesson_t52_v6,nhựa,plastic,
lesson_t52_v7,xe đạp,bicycle,
lesson_t53_0,"Xin lỗi, tôi bị mất cái ví ở đây sáng nay.","Excuse me, I lost my wallet here this morning.",
lesson_t53_1,Anh có nhớ để nó ở đâu không?,Do you remember where you left it?,
lesson_t53_2,Hình như tôi để quên trên bàn ăn.,I think I left it on the dining table.,
lesson_t53_3,"Để tôi kiểm tra, có người vừa nộp lại một cái ví giống vậy.","Let me check, someone just turned in a wallet like that.",
lesson_t53_v0,mất,to lose,
lesson_t53_v1,tìm thấy,to find,
lesson_t53_v2,ví,wallet,
lesson_t53_v3,để quên,to leave behind / forget,
lesson_t53_v4,nộp lại,to turn in / hand over,
lesson_t53_v5,kiểm tra,to check,
lesson_t53_v6,đồ thất lạc,lost item,
lesson_t53_v7,giống,similar / alike,
lesson_t54_0,Bạn nấu phở như thế nào vậy?,How do you cook phở?,
lesson_t54_1,"Đầu tiên, mình hầm xương bò trong vài giờ để lấy nước dùng.","First, I simmer beef bones for several hours to get the broth.",
lesson_t54_2,Sau đó thì sao?,What comes after that?,
lesson_t54_3,"Sau đó mình cho bánh phở, thịt bò và rau thơm vào tô rồi chan nước dùng lên.","After that I put rice noodles, beef, and herbs into the bowl, then pour the broth over.",
lesson_t54_v0,nấu,to cook,
lesson_t54_v1,nước dùng,broth,
lesson_t54_v2,hầm,to simmer / stew,
lesson_t54_v3,gia vị,spices / seasoning,
lesson_t54_v4,bánh phở,rice noodles,
lesson_t54_v5,rau thơm,herbs,
lesson_t54_v6,công thức,recipe,
lesson_t54_v7,cho vào,to add / put in,
lesson_t55_0,Hồi nhỏ bạn thích chơi gì nhất?,What did you like to play most when you were little?,
lesson_t55_1,Mình hay trèo cây và bắt cá với mấy đứa bạn hàng xóm.,I often climbed trees and caught fish with my neighborhood friends.,
lesson_t55_2,Nghe vui quá! Bạn có kỷ niệm nào đáng nhớ không?,Sounds fun! Do you have any memorable memory?,
lesson_t55_3,"Có, một lần mình bị té xuống ao và ướt hết cả người, ai cũng cười.","Yes, once I fell into a pond and got completely soaked, everyone laughed.",
lesson_t55_v0,hồi nhỏ,when young / in childhood,
lesson_t55_v1,kỷ niệm,memory,
lesson_t55_v2,trèo cây,to climb a tree,
lesson_t55_v3,bạn hàng xóm,neighborhood friend,
lesson_t55_v4,té,to fall,
lesson_t55_v5,ao,pond,
lesson_t55_v6,đáng nhớ,memorable,
lesson_t55_v7,tuổi thơ,childhood,
lesson_t56_0,"Dạ, tổng đài kỹ thuật xin nghe. Anh gặp vấn đề gì ạ?","Hello, technical support speaking. What problem are you having?",
lesson_t56_1,Wifi nhà tôi bị mất mạng từ sáng nay rồi.,My home wifi has been down since this morning.,
lesson_t56_2,Anh đã thử tắt rồi mở lại modem chưa ạ?,Have you tried turning the modem off and back on?,
lesson_t56_3,"Rồi, nhưng vẫn không được. Chừng nào mới sửa xong?","Yes, but it still doesn't work. When will it be fixed?",
lesson_t56_v0,mạng,network / internet,
lesson_t56_v1,wifi,wifi,
lesson_t56_v2,modem,modem / router,
lesson_t56_v3,vấn đề,problem,
lesson_t56_v5,tắt,to turn off,
lesson_t56_v7,tổng đài,call center / hotline,
lesson_t57_0,"Chào chị, chị muốn nhận nuôi con vật nào ạ?","Hello, which animal would you like to adopt?",
lesson_t57_1,Tôi thích con mèo nhỏ màu trắng kia.,I like that small white cat over there.,
lesson_t57_2,"Con đó rất hiền, đã tiêm phòng đầy đủ rồi ạ.","That one is very gentle, and has already been fully vaccinated.",
lesson_t57_3,Vậy tôi cần làm thủ tục gì để nhận nuôi nó?,So what procedure do I need to complete to adopt it?,
lesson_t57_v0,nhận nuôi,to adopt (a pet),
lesson_t57_v1,con vật,animal,
lesson_t57_v2,mèo,cat,
lesson_t57_v3,chó,dog,
lesson_t57_v4,tiêm phòng,to vaccinate,
lesson_t57_v5,hiền,gentle / tame,
lesson_t57_v6,thủ tục,procedure / paperwork,
lesson_t57_v7,trại cứu hộ,animal shelter,
lesson_t58_0,"Chào bạn, bạn hãy giới thiệu một chút về bản thân.","Hello, please introduce yourself a little.",
lesson_t58_1,"Dạ, tôi tên Lan, tôi có ba năm kinh nghiệm làm marketing.","Yes, my name is Lan, I have three years of experience in marketing.",
lesson_t58_2,Tại sao bạn muốn làm việc ở công ty chúng tôi?,Why do you want to work at our company?,
lesson_t58_3,Vì tôi thấy công ty rất năng động và có nhiều cơ hội học hỏi.,Because I find the company very dynamic and full of learning opportunities.,
lesson_t58_v3,cơ hội,opportunity,
lesson_t58_v5,năng động,dynamic / energetic,
lesson_t58_v6,bản thân,oneself,
lesson_t58_v7,kỹ năng,skill,
lesson_t59_0,"Chào anh, xe của anh bị làm sao vậy?","Hello, what's wrong with your car?",
lesson_t59_1,Xe tôi bị kêu lạ ở bánh trước và phanh không ăn.,My car is making a strange noise at the front wheel and the brakes aren't working well.,
lesson_t59_2,Để tôi kiểm tra dầu phanh và lốp xe trước nhé.,Let me check the brake fluid and the tires first.,
lesson_t59_3,"Dạ được, sửa xong thì tốn khoảng bao nhiêu tiền ạ?","Okay, how much will it cost once it's fixed?",
lesson_t59_v0,xe,car / vehicle,
lesson_t59_v1,phanh,brake,
lesson_t59_v2,lốp xe,tire,
lesson_t59_v3,bánh xe,wheel,
lesson_t59_v5,dầu,oil / fluid,
lesson_t59_v6,sửa xe,to repair a car,
lesson_t59_v7,kêu lạ,to make a strange noise,
lesson_t6_0,"Chào bạn, bạn muốn ăn gì?","Hi, what do you want to eat?",
lesson_t6_1,"Mình bị dị ứng với hải sản, bạn có món nào không có hải sản không?","I'm allergic to seafood, do you have any dish without seafood?",
lesson_t6_2,"Dạ có, mình có món chay và món gà ạ.","Yes, we have vegetarian dishes and chicken dishes.",
lesson_t6_3,"Vậy cho mình một phần gà nhé, cảm ơn bạn.","Then give me one order of chicken, thank you.",
lesson_t6_v2,món chay,vegetarian dish,
lesson_t6_v3,gà,chicken,
lesson_t6_v7,kiêng,to avoid (a food),
lesson_t60_0,Bây giờ mọi người thái hành và tỏi cho thật nhỏ nhé.,Now everyone chop the onion and garlic very finely.,
lesson_t60_1,"Dạ, mình cho bao nhiêu muối vào là vừa ạ?",How much salt should we add to make it just right?,
lesson_t60_2,"Chỉ cần một muỗng nhỏ thôi, rồi nêm nếm lại sau.","Just one small spoon is enough, then taste and adjust it later.",
lesson_t60_3,"Dạ hiểu rồi, sau đó mình xào trong bao lâu ạ?","Got it, and after that how long should we stir-fry it?",
lesson_t60_v0,thái,to chop / slice,
lesson_t60_v1,hành,onion / scallion,
lesson_t60_v2,tỏi,garlic,
lesson_t60_v3,muối,salt,
lesson_t60_v4,xào,to stir-fry,
lesson_t60_v5,nêm nếm,to season / taste-adjust,
lesson_t60_v6,muỗng,spoon,
lesson_t61_0,"Chào chị, vé vào cửa bao nhiêu tiền ạ?","Hello, how much is the entrance ticket?",
lesson_t61_1,"Dạ, hai mươi nghìn một vé ạ.",Twenty thousand dong per ticket.,
lesson_t61_2,Bức tranh này của họa sĩ nào vậy chị?,Which artist is this painting by?,
lesson_t61_3,Đây là tranh của một họa sĩ nổi tiếng Việt Nam đó anh.,This is a painting by a famous Vietnamese artist.,
lesson_t61_v0,bảo tàng,museum,
lesson_t61_v2,tranh,painting,
lesson_t61_v3,họa sĩ,artist / painter,
lesson_t61_v4,triển lãm,exhibition,
lesson_t61_v5,tác phẩm,work of art,
lesson_t61_v6,nghệ thuật,art,
lesson_t61_v7,vào cửa,entrance / admission,
lesson_t62_0,Cái áo này giá bao nhiêu vậy chị?,How much is this shirt?,
lesson_t62_1,"Dạ, ba trăm nghìn một cái anh ơi.",Three hundred thousand dong each.,
lesson_t62_2,"Đắt quá, chị bớt chút được không?","That's too expensive, can you lower it a bit?",
lesson_t62_3,"Thôi được, hai trăm năm mươi nghìn cho anh nha.","Alright, two hundred fifty thousand for you.",
lesson_t62_v4,mặc cả,to bargain,
lesson_t63_0,"Sinh nhật bạn mình tuần sau, mình phải chuẩn bị gì đây?","Our friend's birthday is next week, what should we prepare?",
lesson_t63_1,Mình nghĩ nên đặt bánh kem và mua ít bóng bay trang trí.,I think we should order a cake and buy some balloons to decorate.,
lesson_t63_2,"Ừ hay đó, còn khách mời thì sao?","Yeah, good idea, what about the guests?",
lesson_t63_3,Để mình gửi thiệp mời cho mọi người ngay bây giờ.,Let me send invitations to everyone right now.,
lesson_t63_v0,sinh nhật,birthday,
lesson_t63_v1,bánh kem,cake,
lesson_t63_v2,bóng bay,balloon,
lesson_t63_v3,trang trí,to decorate,
lesson_t63_v4,khách mời,guest,
lesson_t63_v5,thiệp mời,invitation card,
lesson_t63_v6,chuẩn bị,to prepare,
lesson_t63_v7,tổ chức,to organize,
lesson_t64_0,"Chào anh, tối qua nhà anh ồn quá, em không ngủ được.","Hi, your place was too noisy last night, I couldn't sleep.",
lesson_t64_1,"Ôi, xin lỗi em nha, tối qua nhà anh có tiệc nhỏ.","Oh, sorry about that, we had a small party last night.",
lesson_t64_2,Anh có thể vặn nhạc nhỏ lại vào buổi tối được không?,Could you turn the music down in the evenings?,
lesson_t64_3,"Được chứ, anh sẽ chú ý hơn từ giờ.","Of course, I'll be more careful from now on.",
lesson_t64_v0,ồn,noisy,
lesson_t64_v1,yên tĩnh,quiet,
lesson_t64_v3,tiếng ồn,noise,
lesson_t64_v5,chú ý,to pay attention,
lesson_t64_v6,nhạc,music,
lesson_t64_v7,phàn nàn,to complain,
lesson_t65_0,"Chào chị, em muốn đặt lịch massage vào chiều mai ạ.","Hello, I'd like to book a massage for tomorrow afternoon.",
lesson_t65_1,"Dạ được, chị thích giờ nào, hai giờ hay bốn giờ chiều ạ?","Sure, which time do you prefer, 2pm or 4pm?",
lesson_t65_2,"Cho em hai giờ chiều nha, khoảng bao lâu vậy chị?","Two pm please, about how long does it take?",
lesson_t65_3,"Dạ, liệu trình một tiếng rưỡi, chị nhớ đến sớm mười phút nhé.","The treatment is an hour and a half, please arrive ten minutes early.",
lesson_t65_v1,massage,massage,
lesson_t65_v3,liệu trình,treatment / session,
lesson_t65_v4,thư giãn,to relax,
lesson_t65_v5,spa,spa,
lesson_t66_0,"Chào bạn, mình muốn luyện tập tiếng Việt, được không?","Hi, I want to practice Vietnamese, is that okay?",
lesson_t66_1,Được chứ! Mình cũng muốn học tiếng Anh với bạn.,Of course! I also want to learn English with you.,
lesson_t66_2,"Vậy mình nói tiếng Việt trước, bạn sửa lỗi cho mình nhé.","Then I'll speak Vietnamese first, please correct my mistakes.",
lesson_t66_3,"Ừ, nghe được lắm rồi, chỉ sai một chút thôi.","Sure, that sounded quite good, just a small mistake.",
lesson_t66_v0,luyện tập,to practice,
lesson_t66_v3,sửa lỗi,to correct mistakes,
lesson_t66_v6,nghe,to listen / hear,
lesson_t66_v7,sai,wrong / mistake,
lesson_t67_0,"Xin lỗi, chuyến bay của tôi có bị hoãn không?","Excuse me, is my flight delayed?",
lesson_t67_1,"Dạ đúng rồi, chuyến bay bị hoãn hai tiếng ạ.","Yes, that's right, the flight is delayed two hours.",
lesson_t67_2,Vậy tôi có thể đổi sang chuyến bay khác được không?,Then can I change to a different flight?,
lesson_t67_3,"Dạ được, anh cho tôi xem vé rồi em sắp xếp cho.","Yes, please show me your ticket and I'll arrange it for you.",
lesson_t67_v0,chuyến bay,flight,
lesson_t67_v1,hoãn,delayed,
lesson_t67_v5,cổng,gate,
lesson_t67_v6,sắp xếp,to arrange,
lesson_t68_0,"Chào chị, tôi muốn đăng ký thẻ tập gym.","Hello, I'd like to sign up for a gym membership.",
lesson_t68_1,"Dạ được, anh muốn đăng ký gói một tháng hay một năm ạ?","Sure, would you like a one-month or one-year package?",
lesson_t68_2,Cho tôi gói một tháng trước. Ở đây có hồ bơi không?,Give me the one-month package first. Is there a pool here?,
lesson_t68_3,"Dạ có, ngoài hồ bơi còn có phòng tắm hơi và lớp yoga nữa ạ.","Yes, besides the pool there's also a sauna and yoga classes.",
lesson_t68_v1,thẻ tập,gym membership card,
lesson_t68_v3,hồ bơi,swimming pool,
lesson_t68_v4,phòng tắm hơi,sauna,
lesson_t69_0,"Chào anh, tôi muốn làm thẻ thư viện.","Hello, I'd like to make a library card.",
lesson_t69_1,"Dạ, anh cho tôi xem chứng minh thư nhé.","Sure, please show me your ID card.",
lesson_t69_2,Đây ạ. Tôi có thể mượn bao nhiêu cuốn sách một lần?,Here it is. How many books can I borrow at once?,
lesson_t69_3,"Dạ, mỗi lần anh được mượn năm cuốn trong hai tuần ạ.",Each time you can borrow five books for two weeks.,
lesson_t69_v0,thẻ thư viện,library card,
lesson_t69_v5,tuần,week,
lesson_t69_v7,thư viện,library,
lesson_t7_0,"Chào bạn, bạn đi đâu vậy?","Hi, where are you going?",
lesson_t7_1,Mình đi đến chợ để mua rau.,I'm going to the market to buy vegetables.,
lesson_t7_2,"Vậy à, mình cũng đang đi chợ nè, đi chung không?","Oh really, I'm also going to the market, want to go together?",
lesson_t7_3,"Được, đi chung cho vui!","Sure, let's go together for fun!",
lesson_t7_v0,đi đâu,where are you going,
lesson_t7_v4,đi chung,to go together,
lesson_t70_0,Cứu tôi với! Bạn tôi bị ngất rồi!,Help me! My friend has fainted!,
lesson_t70_1,"Bình tĩnh, tôi gọi xe cấp cứu ngay đây.","Stay calm, I'll call an ambulance right now.",
lesson_t70_2,"Xin nhanh lên, anh ấy khó thở lắm.","Please hurry, he's having a lot of trouble breathing.",
lesson_t70_3,"Dạ, xe cấp cứu sẽ đến trong năm phút nữa, chị đừng lo.","Okay, the ambulance will arrive in five more minutes, don't worry.",
lesson_t70_v1,ngất,to faint,
lesson_t70_v3,khó thở,difficulty breathing,
lesson_t70_v7,lo,to worry,
lesson_t71_0,Đám cưới của em tổ chức vào ngày nào vậy?,When is your wedding going to be held?,
lesson_t71_1,"Dạ, tụi em định tổ chức vào tháng mười hai.",We're planning to hold it in December.,
lesson_t71_2,Em đã đặt nhà hàng chưa?,Have you booked the restaurant yet?,
lesson_t71_3,"Rồi ạ, em đặt nhà hàng tuần trước, còn thiệp mời thì tuần sau mới in.","Yes, I booked the restaurant last week, and the invitation cards will be printed next week.",
lesson_t71_v0,đám cưới,wedding,
lesson_t71_v2,nhà hàng,restaurant,
lesson_t71_v4,cô dâu,bride,
lesson_t71_v5,chú rể,groom,
lesson_t71_v7,đặt,to book / to reserve,
lesson_t72_0,"Chào anh, nhà em bị hư máy lạnh, anh sửa được không?","Hello, my air conditioner is broken, can you fix it?",
lesson_t72_1,"Được chị, máy lạnh bị hư gì vậy?","Sure, what's wrong with the air conditioner?",
lesson_t72_2,Nó không mát và có tiếng kêu lạ.,It's not cold and it makes a strange noise.,
lesson_t72_3,Để em kiểm tra rồi báo giá cho chị nhé.,Let me check it and then give you a price quote.,
lesson_t72_v1,hư,broken,
lesson_t72_v4,báo giá,to quote a price,
lesson_t72_v5,tiếng kêu,noise / sound,
lesson_t72_v6,ống nước,pipe,
lesson_t72_v7,thợ sửa,repair technician,
lesson_t73_0,Cuối tuần này có sự kiện cộng đồng ở công viên đó.,This weekend there's a community event at the park.,
lesson_t73_1,Vậy à? Có hoạt động gì vậy?,Really? What activities are there?,
lesson_t73_2,"Có dọn dẹp công viên và trồng cây, mọi người đều được mời tham gia.","There's park cleanup and tree planting, everyone is invited to join.",
lesson_t73_3,"Hay quá, mình muốn đăng ký làm tình nguyện viên.","That's great, I want to sign up to be a volunteer.",
lesson_t73_v0,sự kiện,event,
lesson_t73_v1,cộng đồng,community,
lesson_t73_v2,công viên,park,
lesson_t73_v3,tình nguyện viên,volunteer,
lesson_t73_v5,dọn dẹp,to clean up,
lesson_t73_v6,trồng cây,to plant trees,
lesson_t74_0,"Chào chú, nhà em bị dột khi trời mưa.","Hello, my place leaks when it rains.",
lesson_t74_1,Vậy hả? Để chú lên xem thử.,Really? Let me come up and take a look.,
lesson_t74_2,"Dạ, với lại vòi nước trong bếp cũng bị rò rỉ nữa ạ.","Also, the faucet in the kitchen is leaking too.",
lesson_t74_3,"Được, chú sẽ kêu thợ sửa tuần này.","Okay, I'll call a repair technician this week.",
lesson_t74_v0,dột,leaking (roof),
lesson_t74_v2,rò rỉ,to leak,
lesson_t74_v3,vòi nước,faucet,
lesson_t74_v4,sửa chữa,repair,
lesson_t74_v5,tiền thuê nhà,rent,
lesson_t74_v7,báo,to inform / report,
lesson_t75_0,Hôm nay mình học lái xe số sàn nhé.,Today let's practice driving a manual car.,
lesson_t75_1,"Dạ, em hơi lo, em chưa lái xe số sàn bao giờ.","Okay, I'm a bit nervous, I've never driven a manual car before.",
lesson_t75_2,"Không sao, em đạp côn từ từ rồi vào số một.","It's okay, press the clutch slowly and then shift into first gear.",
lesson_t75_3,"Dạ, em hiểu rồi, em thử nha.","Okay, I understand, I'll give it a try.",
lesson_t75_v0,lái xe,to drive,
lesson_t75_v1,số sàn,manual transmission,
lesson_t75_v2,đạp côn,to press the clutch,
lesson_t75_v3,vào số,to shift gears,
lesson_t75_v4,thắng,brake,
lesson_t75_v5,ga,gas pedal,
lesson_t75_v6,bằng lái,driver's license,
lesson_t75_v7,an toàn,safe,
lesson_t8_1,"Mình thích ăn phở, còn bạn thích gì?","I like eating pho, and what do you like?",
lesson_t8_2,Mình thích uống cà phê sữa đá lắm.,I really like drinking iced milk coffee.,
lesson_t8_3,"Ồ, mình cũng thích cà phê nữa!","Oh, I also like coffee too!",
lesson_t9_0,"Chào cô, cô bán trà gì ạ?","Hello ma'am, what tea do you sell?",
lesson_t9_1,"Cô có trà đá, trà chanh với trà sữa nè con.","I have iced tea, lemon tea, and milk tea, dear.",
lesson_t9_2,"Cho con một ly trà chanh, bao nhiêu tiền vậy cô?","Give me one cup of lemon tea, how much is it?",
lesson_t9_3,Mười lăm ngàn con nhé.,"Fifteen thousand dong, dear.",
lesson_t9_v2,trà chanh,lemon tea,
lesson_t9_v3,trà sữa,milk tea,
lesson_t9_v6,ngàn,thousand,
pack_p1_0,Tôi chỉ đi taxi có đồng hồ,I only take metered taxis,
pack_p1_1,Bao nhiêu km đến trung tâm?,How many km to downtown?,
pack_p1_2,Tôi đã đặt xe rồi,I already booked a ride,
pack_p10_0,Đợi tôi kiểm tra trên điện thoại,Let me check on my phone,
pack_p10_2,Cái này dịch đúng không?,Is this translated correctly?,
pack_p11_0,Chào cô / chú,Hello auntie / uncle,
pack_p11_1,Cảm ơn nhiều ạ,Thank you very much,
pack_p11_2,Dạ vâng ạ,Polite yes,
pack_p12_0,"Một, hai, ba","One, two, three",
pack_p12_1,Mười nghìn đồng,Ten thousand đồng,
pack_p12_2,Bao nhiêu cái?,How many?,
pack_p13_0,Máy lạnh bị hỏng,The AC is broken,
pack_p13_1,Anh sửa được không?,Can you fix it?,
pack_p13_2,Bao giờ xong?,When will it be done?,
pack_p14_0,Đi chậm thôi,Walk slowly,
pack_p14_1,Nhìn xe máy,Watch for motorbikes,
pack_p14_2,Qua đường cùng nhau,Cross together,
pack_p15_0,Cho tôi xem hộ chiếu,Show my passport,
pack_p15_1,Đăng ký sim ở đâu?,Where do I register the SIM?,
pack_p15_2,Số điện thoại của tôi là...,My phone number is...,
pack_p16_0,Tôi muốn mở tài khoản,I want to open an account,
pack_p16_1,Cần giấy tờ gì?,What documents are needed?,
pack_p16_2,Phí hàng tháng là bao nhiêu?,What's the monthly fee?,
pack_p17_0,Ngồi đâu cũng được,Any seat is fine,
pack_p17_1,Cho thêm chanh,Add more lime,
pack_p17_2,Ăn tại chỗ,Eat here,
pack_p18_1,Có thể trả bằng thẻ không?,Can I pay by card?,
pack_p18_2,Có wifi không?,Is there wifi?,
pack_p19_0,"Dạ, con chào",Polite southern greeting,
pack_p19_1,Hông sao đâu,No worries (southern slang),
pack_p19_2,Ngon dữ luôn,Really delicious (southern emphasis),
pack_p2_0,Tài xế đang ở đâu?,Where is the driver?,
pack_p2_1,Tôi huỷ chuyến này,I'm cancelling this trip,
pack_p2_2,Đánh giá 5 sao,Five star rating,
pack_p20_0,Đội mũ bảo hiểm,Wear a helmet,
pack_p20_1,Đi đúng làn đường,Stay in your lane,
pack_p20_2,Bấm còi trước khi rẽ,Honk before turning,
pack_p21_0,Một cà phê sữa đá,One iced milk coffee,
pack_p21_2,Cho thêm đá,More ice please,
pack_p22_0,Phố đi bộ ở đâu?,Where's the walking street?,
pack_p22_1,Đông người quá,So crowded,
pack_p23_0,Cho tôi một ly cà phê đen đá,One iced black coffee please,
pack_p23_1,Không đường,No sugar,
pack_p23_2,Mang đi,To go,
pack_p24_0,Vé xem hôm nay còn không?,Any tickets left for tonight?,
pack_p24_1,Bắt đầu lúc mấy giờ?,What time does it start?,
pack_p24_2,Chỗ ngồi ở đâu?,Where is my seat?,
pack_p25_0,Gửi xe ở đâu?,Where do I park?,
pack_p25_1,Bao nhiêu tiền giữ xe?,How much for parking?,
pack_p25_2,Cho tôi vé giữ xe,Give me the parking ticket,
pack_p26_0,Xe tôi bị thủng lốp,My tire is flat,
pack_p26_1,Sửa được không?,Can you fix it?,
pack_p27_1,Họp lúc mấy giờ?,What time's the meeting?,
pack_p27_2,Sếp đang bận,The boss is busy,
pack_p28_1,Tối nay rảnh không?,Free tonight?,
pack_p28_2,Đi đâu bây giờ?,Where to now?,
pack_p29_0,Cho tôi một phần,One portion please,
pack_p29_1,Không hành,No onions,
pack_p29_2,Gói mang về,Wrap it to go,
pack_p3_0,Tôi muốn mua sim chính hãng,I want an official SIM,
pack_p3_1,Có hoá đơn không?,Is there a receipt?,
pack_p3_2,Giá này đã bao gồm data chưa?,Does this include data?,
pack_p30_1,Cho tôi thuốc đau đầu,Headache medicine please,
pack_p30_2,Bao nhiêu viên một ngày?,How many pills a day?,
pack_p31_0,Tôi bị mất hộ chiếu,I lost my passport,
pack_p31_1,Tôi cần báo cáo với công an,I need to report to the police,
pack_p31_2,Đại sứ quán ở đâu?,Where's the embassy?,
pack_p33_0,Hâm nóng giúp tôi,Please heat this up,
pack_p33_1,Cho tôi một cái này,I'll take one of these,
pack_p33_2,Có túi không?,Do you have a bag?,
pack_p34_0,Bánh mì kèm gì?,What comes with the bánh mì?,
pack_p34_1,Cho thêm trứng,Add an egg,
pack_p34_2,Một combo sáng,One breakfast combo,
pack_p35_0,Đánh giày giúp tôi,Please shine my shoes,
pack_p35_2,Bao lâu xong?,How long will it take?,
pack_p36_0,Hẻm này đi đâu?,Where does this alley lead?,
pack_p36_1,Có lối ra không?,Is there an exit?,
pack_p36_2,Đường cụt hả?,Is this a dead end?,
pack_p37_0,Cho xem cái kia,Show me that one,
pack_p37_1,Giá tốt nhất là bao nhiêu?,What's your best price?,
pack_p37_2,Có bớt được không?,Any discount?,
pack_p38_0,Chị mặc áo chống nắng đẹp quá,Your sun-protection outfit looks great,
pack_p38_2,Tôi cần khẩu trang,I need a face mask,
pack_p39_0,Cho tôi một ly trà đá,One iced tea please,
pack_p39_1,Miễn phí hay có tính tiền?,Free or does it cost?,
pack_p39_2,Ngồi ghé chút được không?,Can I sit for a bit?,
pack_p4_0,Bến xe buýt ở đâu?,Where's the bus station?,
pack_p4_1,Ga tàu gần nhất,Nearest train station,
pack_p4_2,Lối ra là ở đâu?,Where's the exit?,
pack_p40_0,Một trăm phần trăm!,Bottoms up! (100%),
pack_p40_2,Tôi uống được ít thôi,I can only drink a little,
pack_p41_0,Có sách tiếng Anh không?,Any English books?,
pack_p41_1,Cho tôi xem quyển này,Let me see this one,
pack_p41_2,Giá bìa là bao nhiêu?,What's the cover price?,
pack_p42_0,Cho tôi một bình nước,One water jug please,
pack_p42_1,Giao tới nhà giúp tôi,Please deliver to my house,
pack_p42_2,Bình cũ đây,Here is the empty jug,
pack_p43_0,Trời sắp mưa rồi,It's about to rain,
pack_p43_1,Cho tôi mượn áo mưa,Can I borrow a raincoat?,
pack_p43_2,Đường bị ngập,The road is flooded,
pack_p44_1,Cho tôi thuốc hạ sốt,Fever medicine please,
pack_p44_2,Uống mấy lần một ngày?,How many times a day?,
pack_p45_0,Chúc mừng hạnh phúc!,Congratulations on your marriage!,
pack_p45_1,Bàn của tôi ở đâu?,Where is my table?,
pack_p45_2,Cảm ơn đã mời,Thank you for inviting me,
pack_p46_1,Tôi bị dị ứng đậu phộng,I'm allergic to peanuts,
pack_p46_2,Không bỏ hành được không?,Can you leave out onions?,
pack_p47_0,Giặt bao lâu xong?,How long to wash?,
pack_p47_1,Có ủi không?,Do you iron too?,
pack_p47_2,Bao nhiêu tiền một kí?,How much per kilo?,
pack_p48_0,Cho tôi một phần ốc,One portion of snails please,
pack_p48_1,Cay được không?,Can it be spicy?,
pack_p48_2,"Ngon quá, thêm phần nữa","So good, one more portion",
pack_p49_1,Tôi mua hai cái,I'll take two,
pack_p5_0,Giá này đã gồm thuế chưa?,Does this price include tax?,
pack_p5_1,Tôi có đặt phòng trước rồi,I already have a reservation,
pack_p5_2,Cho tôi xem giá trên đồng hồ,Show me the meter price,
pack_p50_0,Thang máy ở đâu?,Where's the elevator?,
pack_p50_1,Căn hộ ở tầng mấy?,What floor is the apartment on?,
pack_p50_2,Có ai ở đây không?,Is anyone home?,
pack_p51_0,Tôi muốn gội đầu dưỡng sinh,I'd like an herbal hair wash,
pack_p51_1,Nhẹ tay giúp tôi,Please be gentle,
pack_p51_2,Thư giãn quá,So relaxing,
pack_p52_0,Sửa giúp tôi cái này,Please fix this for me,
pack_p52_1,Bao giờ lấy được?,When can I pick it up?,
pack_p52_2,Ngắn bớt một chút,Shorten it a bit,
pack_p53_0,Quét mã QR ở đâu?,Where do I scan the QR code?,
pack_p53_2,Cho tôi hoá đơn,Receipt please,
pack_p54_0,Giao đến hẻm này,Deliver to this alley,
pack_p54_1,Gọi tôi khi tới nơi,Call me when you arrive,
pack_p54_2,Số nhà là...,The house number is...,
pack_p55_0,Cho tôi một phần bò bía,One portion of bò bía please,
pack_p55_1,Ngồi đây được không?,Can I sit here?,
pack_p55_2,Cho thêm tương ớt,More chili sauce please,
pack_p56_0,Vé một chiều bao nhiêu?,How much for one way?,
pack_p56_1,Bến tiếp theo là bến nào?,What's the next stop?,
pack_p56_2,Tàu chạy mấy giờ?,What time does the boat run?,
pack_p57_0,Trộn tất cả vào đây,Mix everything together,
pack_p57_1,Không rau thơm,No herbs,
pack_p57_2,Ngon lắm luôn,Really delicious,
pack_p58_0,Cầu này tên là gì?,What's this bridge called?,
pack_p58_1,Nhạc nước bắt đầu lúc mấy giờ?,What time does the water show start?,
pack_p58_2,Đứng đây chụp đẹp không?,Is this a good photo spot?,
pack_p59_0,Quán này bán gì?,What does this place sell?,
pack_p59_1,Cho tôi một phần há cảo,One portion of dumplings please,
pack_p59_2,Trà nóng giúp tôi,Hot tea please,
pack_p6_0,Vé một lượt bao nhiêu?,How much is a single ticket?,
pack_p6_1,Ga tiếp theo là ga nào?,What's the next station?,
pack_p6_2,Cửa soát vé ở đâu?,Where are the ticket gates?,
pack_p60_0,Tôi có thể vào không?,May I go in?,
pack_p60_1,Thắp nhang ở đâu?,Where do I light incense?,
pack_p60_2,"Cảm ơn, rất đẹp","Thank you, very beautiful",
pack_p61_0,Cho tôi một chè đậu xanh,One mung bean sweet soup please,
pack_p61_2,Thêm nước cốt dừa,Add coconut milk,
pack_p62_0,Cho tôi bánh mì và cà phê,Bánh mì and coffee please,
pack_p62_1,"Nhanh giúp tôi, tôi vội","Quickly please, I'm in a hurry",
pack_p62_2,Mang đi giúp tôi,To go please,
pack_p63_0,Chill thôi,Just relax,
pack_p63_1,Xỉu up xỉu down,over-the-top reaction (slang),
pack_p63_2,Trôi nổi lỗ đen,spacing out (slang),
pack_p64_0,Wifi ở đây mạnh không?,Is the wifi strong here?,
pack_p64_1,Tôi làm việc ở đây được không?,Can I work here?,
pack_p64_2,Có ổ cắm điện không?,Is there a power outlet?,
pack_p65_0,Con xin phép vào nhà,May I come in,
pack_p65_1,Đây là quà cho gia đình,This is a gift for the family,
pack_p65_2,Cảm ơn đã mời con,Thank you for inviting me,
pack_p66_0,Đây là bằng lái của tôi,This is my driver's license,
pack_p66_1,Tôi đã làm gì sai?,What did I do wrong?,
pack_p66_2,Cho tôi xem biên bản,Show me the report,
pack_p67_0,Người Bắc nói khác người Nam,Northerners speak differently from Southerners,
pack_p67_1,Ở đây gọi là gì?,What do you call this here?,
pack_p67_2,Tuỳ vùng miền thôi,It just depends on the region,
pack_p68_0,Dựng lều ở đâu được vậy?,Where should we set up the tent?,
pack_p68_1,Cắm trại ở đây an toàn không?,Is it safe to camp here?,
pack_p68_2,Giúp tôi dựng lều với,Help me set up the tent,
pack_p68_3,Túi ngủ của tôi đâu rồi?,Where's my sleeping bag?,
pack_p69_0,Ai nhóm lửa giúp mình không?,Can someone start the fire?,
pack_p69_1,Nướng thịt trên lửa được không?,Can we grill meat over the fire?,
pack_p69_2,Cẩn thận lửa cháy lớn quá,"Careful, the fire's getting too big",
pack_p69_3,Đồ ăn chín chưa vậy?,Is the food cooked yet?,
pack_p7_0,Xe tôi đặt đâu rồi?,Where's my ride?,
pack_p7_2,Cho tôi 2 phút,Give me 2 minutes,
pack_p70_0,Đường mòn này dẫn đi đâu?,Where does this trail lead?,
pack_p70_1,Còn bao xa nữa tới đỉnh?,How much farther to the top?,
pack_p70_2,Mang theo đủ nước chưa?,Did you bring enough water?,
pack_p70_3,Coi chừng trơn trượt,"Watch out, it's slippery",
pack_p71_0,Đường này đi được bằng xe không?,Can a vehicle get through this road?,
pack_p71_1,"Xe bị lún rồi, đẩy giúp với","The car is stuck, help push",
pack_p71_2,Trước khi đi kiểm tra lốp dự phòng nhé,Check the spare tire before we go,
pack_p71_3,Còn bao xa tới điểm cắm trại?,How much farther to the campsite?,
pack_p72_0,Có động vật nguy hiểm ở đây không?,Are there any dangerous animals here?,
pack_p72_1,Đừng cho tay vào bụi cây đó,Don't put your hand in that bush,
pack_p72_2,Tôi bị côn trùng đốt,I got bitten by an insect,
pack_p72_3,"Cất đồ ăn kỹ, tránh thu hút thú hoang",Store food carefully to avoid attracting wild animals,
pack_p73_0,Ai mang theo bếp ga không?,Did anyone bring a portable stove?,
pack_p73_1,Chia đồ ăn ra cho mọi người nhé,Split the food among everyone,
pack_p73_2,Rửa chén xong nhớ dọn rác nhé,"After washing dishes, remember to clean up the trash",
pack_p73_3,Còn ai thiếu đồ dùng gì không?,Is anyone missing any gear?,
pack_p8_2,Viết giúp tôi được không?,Could you write it down?,
pack_p9_0,Quán này có món gì ngon?,What's good here?,
pack_p9_1,Cho tôi món đặc biệt,The specialty please,
pack_p9_2,Cay vừa thôi,Medium spicy,
sos_business_0,Tôi muốn đặt lịch họp,I'd like to schedule a meeting,
sos_business_1,Deadline dự án là khi nào?,When's the project deadline?,
sos_business_10,Chúng tôi rất mong được hợp tác,We look forward to working together,
sos_business_11,Tôi cần chữ ký của anh/chị,I need your signature,
sos_business_12,Buổi họp này online hay trực tiếp?,Is this meeting online or in person?,
sos_business_13,Cảm ơn vì đã hợp tác hiệu quả,Thanks for the productive collaboration,
sos_business_2,Tôi cần gửi báo cáo,I need to send a report,
sos_business_3,Chúng ta cần thống nhất về giá,We need to agree on pricing,
sos_business_4,Xin lỗi vì trả lời trễ,Sorry for the late reply,
sos_business_5,Tôi sẽ xác nhận lại qua email,I'll confirm via email,
sos_business_6,Cuộc họp bắt đầu lúc mấy giờ?,What time does the meeting start?,
sos_business_7,Tôi cần thêm thông tin trước khi quyết định,I need more information before deciding,
sos_business_8,Hợp đồng này có thể điều chỉnh không?,Can this contract be adjusted?,
sos_business_9,Tôi xin phép nghỉ một ngày,I'd like to request a day off,
sos_dating_1,Mình xin số được không?,Can I get your number?,
sos_dating_10,Mình không rảnh hôm nay,I'm not free today,
sos_dating_11,Nói chuyện với bạn vui quá,Talking with you is fun,
sos_dating_13,Mình đùa thôi,I'm just kidding,
sos_dating_2,Bạn đẹp/đẹp trai quá,You're beautiful/handsome,
sos_dating_3,Mình hơi ngại,I'm a bit shy,
sos_dating_4,Bạn có người yêu chưa?,Do you have a partner?,
sos_dating_5,Mình thích bạn,I like you,
sos_dating_6,Hẹn gặp lại nhé,See you again,
sos_dating_7,Mình phải về rồi,I have to go now,
sos_dating_8,Cho mình xin lỗi,"I'm sorry, excuse me",
sos_everyday_11,Đây là địa chỉ của tôi,This is my address,
sos_everyday_12,Tôi không có tiền mặt,I don't have cash,
sos_everyday_13,Wifi ở đây là gì?,What's the wifi here?,
sos_everyday_2,Làm ơn nói chậm lại,Please speak slower,
sos_everyday_5,Gọi giúp tôi taxi được không?,Can you call me a taxi?,
sos_everyday_7,Tôi cần bác sĩ,I need a doctor,
sos_everyday_8,"Xin lỗi, làm phiền bạn","Excuse me, sorry to bother you",
sos_everyday_9,Tôi bị mất điện thoại,I lost my phone,
sos_factory_0,Tôi cần báo cáo sự cố,I need to report an issue,
sos_factory_1,Máy này bị hỏng,This machine is broken,
sos_factory_10,Chỗ này có nguy hiểm không?,Is this area dangerous?,
sos_factory_12,Lương được trả khi nào?,When is payroll?,
sos_factory_13,Cảm ơn vì đã hướng dẫn,Thanks for showing me,
sos_factory_2,Tôi cần thiết bị bảo hộ,I need safety equipment,
sos_factory_3,Ca làm việc bắt đầu lúc mấy giờ?,What time does the shift start?,
sos_factory_4,"Tôi bị đau, cần nghỉ","I'm hurt, I need a break",
sos_factory_5,Ai là quản lý ở đây?,Who's the supervisor here?,
sos_factory_6,Tôi không hiểu hướng dẫn,I don't understand the instructions,
sos_factory_7,Cần thêm nguyên liệu,We need more materials,
sos_factory_8,Đơn hàng này khi nào giao?,When is this order delivered?,
sos_factory_9,Tôi cần ký giấy tờ gì?,What paperwork do I need to sign?,
sos_fnb_0,Cho tôi xem thực đơn,Can I see the menu,
sos_fnb_1,Tôi bị dị ứng...,I'm allergic to...,
sos_fnb_10,Tôi không gọi món này,I didn't order this,
sos_fnb_11,Cho tôi gói mang về,Can I get this to go,
sos_fnb_12,Ở đây có Wifi không?,Is there wifi here?,
sos_fnb_4,Cho tôi thêm một cái nĩa,Can I get another fork,
sos_fnb_5,Món này có thịt không?,Does this dish have meat?,
sos_fnb_7,Có thể thanh toán bằng thẻ không?,Can I pay by card?,
sos_fnb_8,Cho tôi thêm nước,More water please,
sos_fnb_9,Món này nguội rồi,This dish is cold,
sos_health_1,Tôi bị đau ở đây,It hurts here,
sos_health_10,Tôi cần khám sức khoẻ,I need a check-up,
sos_health_11,Tôi quên mang bảo hiểm y tế,I forgot my health insurance,
sos_health_12,Vết thương này có cần khâu không?,Does this wound need stitches?,
sos_health_13,Tôi cảm thấy chóng mặt,I feel dizzy,
sos_health_3,Tôi bị dị ứng với...,I'm allergic to...,
sos_health_4,Cho tôi thuốc giảm đau,Pain reliever please,
sos_health_5,Bệnh viện gần nhất ở đâu?,Where's the nearest hospital?,
sos_health_6,Tôi cần gọi cấp cứu,I need to call an ambulance,
sos_health_7,Thuốc này uống mấy lần một ngày?,How many times a day do I take this?,
sos_health_9,Có bác sĩ nói tiếng Anh không?,Is there an English-speaking doctor?,
sos_housing_0,Tôi muốn thuê phòng này,I want to rent this room,
sos_housing_10,Hàng xóm ồn quá,The neighbors are too loud,
sos_housing_11,Tiền nhà tháng này con đã chuyển rồi,I've already transferred this month's rent,
sos_housing_12,Phòng này có cho nuôi thú cưng không?,Are pets allowed in this room?,
sos_housing_13,Tôi cần gia hạn hợp đồng,I need to extend the lease,
sos_housing_2,Tiền điện nước tính riêng hay gộp?,Are utilities separate or included?,
sos_housing_3,Tôi cần đặt cọc bao nhiêu?,How much deposit do I need?,
sos_housing_4,Hợp đồng thuê nhà ở đâu ký?,Where do I sign the lease?,
sos_housing_5,Wifi có sẵn trong phòng không?,Does the room already have wifi?,
sos_housing_6,Máy lạnh phòng này bị hỏng,The AC in this room is broken,
sos_housing_7,Tôi muốn trả phòng sớm,I'd like to move out early,
sos_housing_8,Chủ nhà có ở gần đây không?,Does the landlord live nearby?,
sos_housing_9,Tôi cần thêm một chìa khoá,I need an extra key,
sos_outdoors_0,Lều của tôi bị rách,My tent is torn,
sos_outdoors_1,Tôi cần thêm củi,I need more firewood,
sos_outdoors_10,Tôi cần sơ cứu,I need first aid,
sos_outdoors_11,Lửa trại đã tắt hết chưa?,Has the campfire been fully put out?,
sos_outdoors_12,Bao xa nữa tới trạm dừng chân?,How much farther to the rest stop?,
sos_outdoors_13,Nhớ mang theo bản đồ nhé,Remember to bring the map,
sos_outdoors_2,"Trời sắp mưa, dọn đồ vào lều đi","It's about to rain, bring the gear into the tent",
sos_outdoors_3,Xe bị lún trong bùn,The car is stuck in mud,
sos_outdoors_4,Tôi bị lạc đường mòn,I got lost on the trail,
sos_outdoors_5,"Cẩn thận, có rắn","Careful, there's a snake",
sos_outdoors_6,Bình nước của tôi hết rồi,My water bottle is empty,
sos_outdoors_7,Tôi bị muỗi cắn nhiều quá,I got bitten by a lot of mosquitoes,
sos_outdoors_8,Đèn pin của tôi hết pin,My flashlight is out of battery,
sos_outdoors_9,Có sóng điện thoại ở đây không?,Is there phone signal here?,
sos_travel_10,Đây có an toàn không?,Is this safe?,
sos_travel_11,Tôi cần sạc điện thoại,I need to charge my phone,
sos_travel_12,Có thể mặc cả không?,Can I bargain?,
sos_travel_2,Gọi giúp tôi cảnh sát,Call the police for me,
sos_travel_3,Tôi cần đổi tiền,I need to exchange money,
sos_travel_4,Vé này đi đâu?,Where does this ticket go?,
sos_travel_5,Chuyến bay của tôi bị hoãn,My flight is delayed,
sos_travel_6,Tôi cần một phòng,I need a room,
sos_travel_7,Giá này đã bao gồm gì?,What's included in this price?,
sos_travel_8,Xe buýt này có đi... không?,Does this bus go to...?,
sos_travel_9,Tôi bị say xe,I'm carsick,
word_3chff1000,3chff1000,,
word_a,a,,
word_á,á,,
word_a-lô,a-lô,,
word_a.,a.,,
word_aah,aah,,
word_aang,aang,,
word_aaron,aaron,,
word_about,about,,
word_ác,ác,,
word_adam,adam,,
word_ah,ah,,
word_àh,àh,,
word_ahh,ahh,,
word_ai,ai,,
word_ái,ái,,
word_al,al,,
word_alan,alan,,
word_albert,albert,,
word_alex,alex,,
word_alexander,alexander,,
word_alfred,alfred,,
word_ali,ali,,
word_alice,alice,,
word_all,all,,
word_allen,allen,,
word_alo,alo,,
word_alô,alô,,
word_alpha,alpha,,
word_am,am,,
word_ám,ám,,
word_âm,âm,,
word_ấm,ấm,,
word_ẩm,ẩm,,
word_amanda,amanda,,
word_amen,amen,,
word_amy,amy,,
word_an,an,,
word_án,án,,
word_ân,ân,,
word_ấn,ấn,,
word_ẩn,ẩn,,
word_and,and,,
word_andrew,andrew,,
word_andy,andy,,
word_ang,ang,,
word_angela,angela,,
word_angeles,angeles,,
word_ánh,ánh,,
word_ann,ann,,
word_anna,anna,,
word_annie,annie,,
word_ào,ào,,
word_ảo,ảo,,
word_áp,áp,,
word_are,are,,
word_arrow,arrow,,
word_arthur,arthur,,
word_as,as,,
word_ashley,ashley,,
word_at,at,,
word_âu,âu,,
word_avatar,avatar,,
word_aw,aw,,
word_ây,ây,,
word_ấy,ấy,,
word_b,b,,
word_bá,bá,,
word_bà,bà,,
word_bã,bã,,
word_bả,bả,,
word_baby,baby,,
word_bác,bác,,
word_bắc,bắc,,
word_bạc,bạc,,
word_bậc,bậc,,
word_bách,bách,,
word_bạch,bạch,,
word_back,back,,
word_bài,bài,,
word_bãi,bãi,,
word_bại,bại,,
word_bám,bám,,
word_bấm,bấm,,
word_bầm,bầm,,
word_bẩm,bẩm,,
word_ban,ban,,
word_bắn,bắn,,
word_bẩn,bẩn,,
word_bản,bản,,
word_bang,bang,,
word_bàng,bàng,,
word_băng,băng,,
word_bảng,bảng,,
word_banh,banh,,
word_bánh,bánh,,
word_bảnh,bảnh,,
word_bao,bao,,
word_bào,bào,,
word_bão,bão,,
word_bảo,bảo,,
word_bạo,bạo,,
word_bắp,bắp,,
word_bar,bar,,
word_barnes,barnes,,
word_barney,barney,,
word_barry,barry,,
word_bắt,bắt,,
word_bất,bất,,
word_bật,bật,,
word_báu,báu,,
word_bầu,bầu,,
word_bay,bay,,
word_bày,bày,,
word_bây,bây,,
word_bấy,bấy,,
word_bầy,bầy,,
word_bẫy,bẫy,,
word_bậy,bậy,,
word_be,be,,
word_bè,bè,,
word_bê,bê,,
word_bế,bế,,
word_bề,bề,,
word_bể,bể,,
word_bẻ,bẻ,,
word_bệ,bệ,,
word_ben,ben,,
word_bên,bên,,
word_bến,bến,,
word_bệnh,bệnh,,
word_benjamin,benjamin,,
word_bennet,bennet,,
word_béo,béo,,
word_bếp,bếp,,
word_berlin,berlin,,
word_beth,beth,,
word_betty,betty,,
word_bi,bi,,
word_bí,bí,,
word_bì,bì,,
word_bỉ,bỉ,,
word_bị,bị,,
word_bịa,bịa,,
word_bịch,bịch,,
word_biên,biên,,
word_biến,biến,,
word_biển,biển,,
word_biện,biện,,
word_biệt,biệt,,
word_biểu,biểu,,
word_big,big,,
word_bill,bill,,
word_billy,billy,,
word_binh,binh,,
word_bình,bình,,
word_bịt,bịt,,
word_black,black,,
word_blue,blue,,
word_blur12,blur12,,
word_bồ,bồ,,
word_bổ,bổ,,
word_bỏ,bỏ,,
word_bơ,bơ,,
word_bờ,bờ,,
word_bọ,bọ,,
word_bộ,bộ,,
word_bob,bob,,
word_bobby,bobby,,
word_bóc,bóc,,
word_bốc,bốc,,
word_bọc,bọc,,
word_bôi,bôi,,
word_bối,bối,,
word_bồi,bồi,,
word_bơi,bơi,,
word_bởi,bởi,,
word_bội,bội,,
word_bom,bom,,
word_bơm,bơm,,
word_bồn,bồn,,
word_bổn,bổn,,
word_bọn,bọn,,
word_bond,bond,,
word_bong,bong,,
word_bóng,bóng,,
word_bông,bông,,
word_bỗng,bỗng,,
word_bỏng,bỏng,,
word_bonnie,bonnie,,
word_bóp,bóp,,
word_bord0,bord0,,
word_boston,boston,,
word_bột,bột,,
word_boy,boy,,
word_brian,brian,,
word_brody,brody,,
word_brown,brown,,
word_bruce,bruce,,
word_bù,bù,,
word_bự,bự,,
word_búa,búa,,
word_bùa,bùa,,
word_bừa,bừa,,
word_bữa,bữa,,
word_bức,bức,,
word_bực,bực,,
word_buddy,buddy,,
word_bụi,bụi,,
word_bùm,bùm,,
word_bùn,bùn,,
word_bùng,bùng,,
word_bụng,bụng,,
word_buộc,buộc,,
word_bước,bước,,
word_buổi,buổi,,
word_buồm,buồm,,
word_bướm,bướm,,
word_buôn,buôn,,
word_buông,buông,,
word_buồng,buồng,,
word_búp,búp,,
word_but,but,,
word_bút,bút,,
word_bưu,bưu,,
word_buýt,buýt,,
word_by,by,,
word_bye,bye,,
word_c,c,,
word_ca,ca,,
word_cá,cá,,
word_cà,cà,,
word_cả,cả,,
word_cà-phê,cà-phê,,
word_các,các,,
word_cách,cách,,
word_caesar,caesar,,
word_cafe,cafe,,
word_cai,cai,,
word_cài,cài,,
word_cãi,cãi,,
word_cải,cải,,
word_california,california,,
word_cám,cám,,
word_căm,căm,,
word_cắm,cắm,,
word_câm,câm,,
word_cấm,cấm,,
word_cầm,cầm,,
word_cảm,cảm,,
word_camera,camera,,
word_cameron,cameron,,
word_can,can,,
word_cán,cán,,
word_căn,căn,,
word_cắn,cắn,,
word_cân,cân,,
word_cẩn,cẩn,,
word_cản,cản,,
word_cạn,cạn,,
word_cặn,cặn,,
word_cận,cận,,
word_canada,canada,,
word_càng,càng,,
word_căng,căng,,
word_cảng,cảng,,
word_canh,canh,,
word_cánh,cánh,,
word_cảnh,cảnh,,
word_cạnh,cạnh,,
word_cao,cao,,
word_cáo,cáo,,
word_cạo,cạo,,
word_cáp,cáp,,
word_cắp,cắp,,
word_cấp,cấp,,
word_cặp,cặp,,
word_cập,cập,,
word_carl,carl,,
word_carol,carol,,
word_carrie,carrie,,
word_carter,carter,,
word_castle,castle,,
word_cat,cat,,
word_cát,cát,,
word_cắt,cắt,,
word_cất,cất,,
word_catherine,catherine,,
word_cathy,cathy,,
word_cáu,cáu,,
word_câu,câu,,
word_cấu,cấu,,
word_cầu,cầu,,
word_cẩu,cẩu,,
word_cậu,cậu,,
word_cây,cây,,
word_cấy,cấy,,
word_cậy,cậy,,
word_ch,ch,,
word_ch00ffff,ch00ffff,,
word_cha,cha,,
word_chà,chà,,
word_chả,chả,,
word_chắc,chắc,,
word_chăm,chăm,,
word_chằm,chằm,,
word_châm,châm,,
word_chấm,chấm,,
word_chạm,chạm,,
word_chán,chán,,
word_chăn,chăn,,
word_chắn,chắn,,
word_chân,chân,,
word_chấn,chấn,,
word_chẩn,chẩn,,
word_chặn,chặn,,
word_chandler,chandler,,
word_chàng,chàng,,
word_chăng,chăng,,
word_chẳng,chẳng,,
word_chanh,chanh,,
word_chấp,chấp,,
word_charles,charles,,
word_charlie,charlie,,
word_charlotte,charlotte,,
word_chase,chase,,
word_chất,chất,,
word_chặt,chặt,,
word_châu,châu,,
word_cháy,cháy,,
word_chày,chày,,
word_chảy,chảy,,
word_chạy,chạy,,
word_che,che,,
word_chế,chế,,
word_chém,chém,,
word_chen,chen,,
word_chén,chén,,
word_chèo,chèo,,
word_chép,chép,,
word_chết,chết,,
word_chffffff,chffffff,,
word_chi,chi,,
word_chí,chí,,
word_chì,chì,,
word_chỉ,chỉ,,
word_chia,chia,,
word_chìa,chìa,,
word_chĩa,chĩa,,
word_chicago,chicago,,
word_chích,chích,,
word_chiếc,chiếc,,
word_chiếm,chiếm,,
word_chiên,chiên,,
word_chiến,chiến,,
word_chiêu,chiêu,,
word_chiếu,chiếu,,
word_chiều,chiều,,
word_chim,chim,,
word_chìm,chìm,,
word_chinh,chinh,,
word_chính,chính,,
word_chỉnh,chỉnh,,
word_chip,chip,,
word_chịu,chịu,,
word_chổ,chổ,,
word_chớ,chớ,,
word_chở,chở,,
word_choáng,choáng,,
word_choàng,choàng,,
word_chóc,chóc,,
word_chọc,chọc,,
word_chối,chối,,
word_chơi,chơi,,
word_chôm,chôm,,
word_chôn,chôn,,
word_chốn,chốn,,
word_chồn,chồn,,
word_chọn,chọn,,
word_chóng,chóng,,
word_chống,chống,,
word_chồng,chồng,,
word_chớp,chớp,,
word_chốt,chốt,,
word_chris,chris,,
word_christian,christian,,
word_chu,chu,,
word_chú,chú,,
word_chủ,chủ,,
word_chư,chư,,
word_chứ,chứ,,
word_chữ,chữ,,
word_chua,chua,,
word_chúa,chúa,,
word_chứa,chứa,,
word_chữa,chữa,,
word_chuẩn,chuẩn,,
word_chúc,chúc,,
word_chức,chức,,
word_chục,chục,,
word_chuck,chuck,,
word_chuckles,chuckles,,
word_chui,chui,,
word_chửi,chửi,,
word_chun,chun,,
word_chung,chung,,
word_chúng,chúng,,
word_chủng,chủng,,
word_chứng,chứng,,
word_chừng,chừng,,
word_chuộc,chuộc,,
word_chước,chước,,
word_chuối,chuối,,
word_chuỗi,chuỗi,,
word_chuồn,chuồn,,
word_chuông,chuông,,
word_chuồng,chuồng,,
word_chương,chương,,
word_chuột,chuột,,
word_chụp,chụp,,
word_chút,chút,,
word_chuy,chuy,,
word_chuyên,chuyên,,
word_chuyến,chuyến,,
word_chuyền,chuyền,,
word_chuyển,chuyển,,
word_cia,cia,,
word_cisco,cisco,,
word_city,city,,
word_claire,claire,,
word_clark,clark,,
word_clarke,clarke,,
word_clay,clay,,
word_clb,clb,,
word_co,co,,
word_cò,cò,,
word_cố,cố,,
word_cỗ,cỗ,,
word_cổ,cổ,,
word_cỏ,cỏ,,
word_cơ,cơ,,
word_cớ,cớ,,
word_cờ,cờ,,
word_cóc,cóc,,
word_coi,coi,,
word_còi,còi,,
word_côi,côi,,
word_cõi,cõi,,
word_cởi,cởi,,
word_cole,cole,,
word_cớm,cớm,,
word_come,come,,
word_côn,côn,,
word_cơn,cơn,,
word_còng,còng,,
word_công,công,,
word_cống,cống,,
word_cộng,cộng,,
word_connor,connor,,
word_cooper,cooper,,
word_cốt,cốt,,
word_cột,cột,,
word_could,could,,
word_coulson,coulson,,
word_cu,cu,,
word_cú,cú,,
word_cũ,cũ,,
word_củ,củ,,
word_cư,cư,,
word_cứ,cứ,,
word_cử,cử,,
word_cự,cự,,
word_cụ,cụ,,
word_cua,cua,,
word_cưa,cưa,,
word_cửa,cửa,,
word_cực,cực,,
word_cục,cục,,
word_cuddy,cuddy,,
word_cúi,cúi,,
word_cún,cún,,
word_cung,cung,,
word_cùng,cùng,,
word_cưng,cưng,,
word_cứng,cứng,,
word_cuộc,cuộc,,
word_cược,cược,,
word_cưới,cưới,,
word_cười,cười,,
word_cưỡi,cưỡi,,
word_cuộn,cuộn,,
word_cuồng,cuồng,,
word_cương,cương,,
word_cường,cường,,
word_cưỡng,cưỡng,,
word_cướp,cướp,,
word_cúp,cúp,,
word_cút,cút,,
word_cứt,cứt,,
word_cụt,cụt,,
word_cừu,cừu,,
word_cựu,cựu,,
word_d,d,,
word_đ,đ,,
word_da,da,,
word_dã,dã,,
word_đa,đa,,
word_đà,đà,,
word_đạc,đạc,,
word_đặc,đặc,,
word_dại,dại,,
word_đai,đai,,
word_đái,đái,,
word_đài,đài,,
word_đãi,đãi,,
word_đại,đại,,
word_daisy,daisy,,
word_dám,dám,,
word_dâm,dâm,,
word_dặm,dặm,,
word_đam,đam,,
word_đám,đám,,
word_đàm,đàm,,
word_đắm,đắm,,
word_đâm,đâm,,
word_đấm,đấm,,
word_đầm,đầm,,
word_đảm,đảm,,
word_dan,dan,,
word_dán,dán,,
word_dàn,dàn,,
word_dân,dân,,
word_dần,dần,,
word_dẫn,dẫn,,
word_dặn,dặn,,
word_đan,đan,,
word_đàn,đàn,,
word_đắn,đắn,,
word_đần,đần,,
word_đạn,đạn,,
word_dáng,dáng,,
word_dàng,dàng,,
word_dâng,dâng,,
word_dạng,dạng,,
word_đáng,đáng,,
word_đàng,đàng,,
word_đăng,đăng,,
word_đằng,đằng,,
word_đẳng,đẳng,,
word_đấng,đấng,,
word_đãng,đãng,,
word_đảng,đảng,,
word_danh,danh,,
word_dành,dành,,
word_đánh,đánh,,
word_daniel,daniel,,
word_danny,danny,,
word_dao,dao,,
word_dạo,dạo,,
word_đao,đao,,
word_đáo,đáo,,
word_đào,đào,,
word_đảo,đảo,,
word_đạo,đạo,,
word_dập,dập,,
word_đáp,đáp,,
word_đạp,đạp,,
word_đập,đập,,
word_dắt,dắt,,
word_đất,đất,,
word_đạt,đạt,,
word_dâu,dâu,,
word_đấu,đấu,,
word_đầu,đầu,,
word_đậu,đậu,,
word_dave,dave,,
word_david,david,,
word_davis,davis,,
word_day,day,,
word_dày,dày,,
word_dây,dây,,
word_dãy,dãy,,
word_dạy,dạy,,
word_dậy,dậy,,
word_đáy,đáy,,
word_đấy,đấy,,
word_đầy,đầy,,
word_đẩy,đẩy,,
word_đậy,đậy,,
word_đc,đc,,
word_de,de,,
word_dê,dê,,
word_dễ,dễ,,
word_đe,đe,,
word_đè,đè,,
word_đê,đê,,
word_đế,đế,,
word_đề,đề,,
word_để,để,,
word_đẽ,đẽ,,
word_đẻ,đẻ,,
word_đệ,đệ,,
word_dean,dean,,
word_debbie,debbie,,
word_đếch,đếch,,
word_đệch,đệch,,
word_đem,đem,,
word_đêm,đêm,,
word_đếm,đếm,,
word_đen,đen,,
word_đền,đền,,
word_dennis,dennis,,
word_đeo,đeo,,
word_đéo,đéo,,
word_dẹp,dẹp,,
word_derek,derek,,
word_đệt,đệt,,
word_đều,đều,,
word_đểu,đểu,,
word_di,di,,
word_dì,dì,,
word_dĩ,dĩ,,
word_dị,dị,,
word_đĩ,đĩ,,
word_địa,địa,,
word_dịch,dịch,,
word_đích,đích,,
word_địch,địch,,
word_điếc,điếc,,
word_điếm,điếm,,
word_điểm,điểm,,
word_diễn,diễn,,
word_diện,diện,,
word_điên,điên,,
word_điển,điển,,
word_diệp,diệp,,
word_điệp,điệp,,
word_diệt,diệt,,
word_diệu,diệu,,
word_điếu,điếu,,
word_điều,điều,,
word_điệu,điệu,,
word_dinh,dinh,,
word_dính,dính,,
word_đinh,đinh,,
word_đính,đính,,
word_đình,đình,,
word_đỉnh,đỉnh,,
word_dịp,dịp,,
word_đít,đít,,
word_địt,địt,,
word_dịu,dịu,,
word_dna,dna,,
word_do,do,,
word_dò,dò,,
word_dỗ,dỗ,,
word_dơ,dơ,,
word_dỡ,dỡ,,
word_dở,dở,,
word_đo,đo,,
word_đô,đô,,
word_đố,đố,,
word_đồ,đồ,,
word_đỗ,đỗ,,
word_đổ,đổ,,
word_đỏ,đỏ,,
word_đỡ,đỡ,,
word_độ,độ,,
word_đô-la,đô-la,,
word_doạ,doạ,,
word_dọa,dọa,,
word_đoan,đoan,,
word_đoán,đoán,,
word_đoàn,đoàn,,
word_đoạn,đoạn,,
word_doanh,doanh,,
word_đoạt,đoạt,,
word_doc,doc,,
word_dốc,dốc,,
word_dọc,dọc,,
word_đốc,đốc,,
word_độc,độc,,
word_dối,dối,,
word_dõi,dõi,,
word_dơi,dơi,,
word_dời,dời,,
word_dội,dội,,
word_đói,đói,,
word_đòi,đòi,,
word_đôi,đôi,,
word_đối,đối,,
word_đồi,đồi,,
word_đời,đời,,
word_đội,đội,,
word_don,don,,
word_dồn,dồn,,
word_dọn,dọn,,
word_đón,đón,,
word_đòn,đòn,,
word_đôn,đôn,,
word_đồn,đồn,,
word_đơn,đơn,,
word_đớn,đớn,,
word_độn,độn,,
word_dòng,dòng,,
word_đóng,đóng,,
word_đông,đông,,
word_đống,đống,,
word_động,động,,
word_đốt,đốt,,
word_đợt,đợt,,
word_đột,đột,,
word_doug,doug,,
word_down,down,,
word_dr.,dr.,,
word_du,du,,
word_dù,dù,,
word_dư,dư,,
word_dữ,dữ,,
word_dự,dự,,
word_dụ,dụ,,
word_dưa,dưa,,
word_dựa,dựa,,
word_đua,đua,,
word_đùa,đùa,,
word_đũa,đũa,,
word_đưa,đưa,,
word_đứa,đứa,,
word_dục,dục,,
word_đức,đức,,
word_đực,đực,,
word_đùi,đùi,,
word_dùm,dùm,,
word_dung,dung,,
word_dùng,dùng,,
word_dũng,dũng,,
word_dừng,dừng,,
word_dựng,dựng,,
word_dụng,dụng,,
word_đúng,đúng,,
word_đứng,đứng,,
word_đựng,đựng,,
word_đụng,đụng,,
word_dược,dược,,
word_đươc,đươc,,
word_dưới,dưới,,
word_đuôi,đuôi,,
word_đuối,đuối,,
word_đuổi,đuổi,,
word_dương,dương,,
word_dường,dường,,
word_dưỡng,dưỡng,,
word_đương,đương,,
word_dứt,dứt,,
word_đứt,đứt,,
word_duy,duy,,
word_duyên,duyên,,
word_e,e,,
word_ê,ê,,
word_ed,ed,,
word_eddie,eddie,,
word_edward,edward,,
word_el,el,,
word_elizabeth,elizabeth,,
word_ellen,ellen,,
word_êm,êm,,
word_email,email,,
word_emily,emily,,
word_emma,emma,,
word_ép,ép,,
word_eric,eric,,
word_ethan,ethan,,
word_evan,evan,,
word_fan,fan,,
word_fbi,fbi,,
word_feet,feet,,
word_felicity,felicity,,
word_felix,felix,,
word_finch,finch,,
word_fiona,fiona,,
word_fitz,fitz,,
word_flash,flash,,
word_florida,florida,,
word_for,for,,
word_foreman,foreman,,
word_francis,francis,,
word_frank,frank,,
word_fred,fred,,
word_from,from,,
word_fscx110,fscx110,,
word_fscx70,fscx70,,
word_fscy120,fscy120,,
word_g,g,,
word_gã,gã,,
word_gác,gác,,
word_gạch,gạch,,
word_gai,gai,,
word_gái,gái,,
word_gài,gài,,
word_gầm,gầm,,
word_game,game,,
word_gan,gan,,
word_gắn,gắn,,
word_găng,găng,,
word_gắng,gắng,,
word_gánh,gánh,,
word_gấp,gấp,,
word_garcia,garcia,,
word_gary,gary,,
word_gạt,gạt,,
word_gấu,gấu,,
word_gay,gay,,
word_gây,gây,,
word_gầy,gầy,,
word_gãy,gãy,,
word_gậy,gậy,,
word_gen,gen,,
word_george,george,,
word_get,get,,
word_ghé,ghé,,
word_ghê,ghê,,
word_ghế,ghế,,
word_ghen,ghen,,
word_ghép,ghép,,
word_ghét,ghét,,
word_ghi,ghi,,
word_gi,gi,,
word_gia,gia,,
word_già,già,,
word_giả,giả,,
word_giác,giác,,
word_giấc,giấc,,
word_giai,giai,,
word_giải,giải,,
word_giam,giam,,
word_giám,giám,,
word_giảm,giảm,,
word_gian,gian,,
word_gián,gián,,
word_giãn,giãn,,
word_giản,giản,,
word_giận,giận,,
word_giang,giang,,
word_giáng,giáng,,
word_giảng,giảng,,
word_giành,giành,,
word_giao,giao,,
word_giáo,giáo,,
word_giáp,giáp,,
word_giặt,giặt,,
word_giật,giật,,
word_giàu,giàu,,
word_giấu,giấu,,
word_giày,giày,,
word_giây,giây,,
word_giấy,giấy,,
word_giầy,giầy,,
word_gideon,gideon,,
word_giếng,giếng,,
word_giết,giết,,
word_gìn,gìn,,
word_giơ,giơ,,
word_giở,giở,,
word_giới,giới,,
word_giời,giời,,
word_giỡn,giỡn,,
word_giọng,giọng,,
word_giọt,giọt,,
word_giữ,giữ,,
word_giữa,giữa,,
word_giùm,giùm,,
word_giường,giường,,
word_go,go,,
word_gỗ,gỗ,,
word_gõ,gõ,,
word_gỡ,gỡ,,
word_góc,góc,,
word_gốc,gốc,,
word_god,god,,
word_gối,gối,,
word_gởi,gởi,,
word_gợi,gợi,,
word_gồm,gồm,,
word_gớm,gớm,,
word_gọn,gọn,,
word_gonna,gonna,,
word_good,good,,
word_góp,góp,,
word_gordon,gordon,,
word_got,got,,
word_gotham,gotham,,
word_grace,grace,,
word_grant,grant,,
word_grayson,grayson,,
word_green,green,,
word_greg,greg,,
word_gục,gục,,
word_gũi,gũi,,
word_gươm,gươm,,
word_gương,gương,,
word_guy,guy,,
word_h,h,,
word_h-san,h-san,,
word_ha,ha,,
word_há,há,,
word_hà,hà,,
word_hả,hả,,
word_hạ,hạ,,
word_hắc,hắc,,
word_hack,hack,,
word_hái,hái,,
word_hài,hài,,
word_hãi,hãi,,
word_hải,hải,,
word_hại,hại,,
word_ham,ham,,
word_hàm,hàm,,
word_hâm,hâm,,
word_hãm,hãm,,
word_hạm,hạm,,
word_han,han,,
word_hàn,hàn,,
word_hắn,hắn,,
word_hẳn,hẳn,,
word_hân,hân,,
word_hạn,hạn,,
word_hận,hận,,
word_hang,hang,,
word_hàng,hàng,,
word_hằng,hằng,,
word_hãng,hãng,,
word_hạng,hạng,,
word_hãnh,hãnh,,
word_hạnh,hạnh,,
word_hank,hank,,
word_hannah,hannah,,
word_hào,hào,,
word_hảo,hảo,,
word_hấp,hấp,,
word_happy,happy,,
word_harold,harold,,
word_harry,harry,,
word_harvey,harvey,,
word_hát,hát,,
word_hạt,hạt,,
word_hầu,hầu,,
word_hậu,hậu,,
word_have,have,,
word_he,he,,
word_hè,hè,,
word_hề,hề,,
word_hệ,hệ,,
word_helen,helen,,
word_hello,hello,,
word_hẻm,hẻm,,
word_hèn,hèn,,
word_henry,henry,,
word_heo,heo,,
word_hẹp,hẹp,,
word_her,her,,
word_here,here,,
word_hét,hét,,
word_hết,hết,,
word_hệt,hệt,,
word_hey,hey,,
word_hi,hi,,
word_hiếm,hiếm,,
word_hiểm,hiểm,,
word_hiến,hiến,,
word_hiển,hiển,,
word_hiện,hiện,,
word_hiếp,hiếp,,
word_hiệp,hiệp,,
word_hiếu,hiếu,,
word_hiệu,hiệu,,
word_hill,hill,,
word_him,him,,
word_hình,hình,,
word_hiro,hiro,,
word_his,his,,
word_hít,hít,,
word_hitler,hitler,,
word_hm,hm,,
word_hmm,hmm,,
word_hò,hò,,
word_hô,hô,,
word_hố,hố,,
word_hồ,hồ,,
word_hỗ,hỗ,,
word_hổ,hổ,,
word_hở,hở,,
word_họ,họ,,
word_hộ,hộ,,
word_hoa,hoa,,
word_hoá,hoá,,
word_hoà,hoà,,
word_hóa,hóa,,
word_hòa,hòa,,
word_hỏa,hỏa,,
word_họa,họa,,
word_hoạch,hoạch,,
word_hoài,hoài,,
word_hoại,hoại,,
word_hoan,hoan,,
word_hoàn,hoàn,,
word_hoạn,hoạn,,
word_hoang,hoang,,
word_hoàng,hoàng,,
word_hoảng,hoảng,,
word_hoành,hoành,,
word_hoạt,hoạt,,
word_hôi,hôi,,
word_hối,hối,,
word_hồi,hồi,,
word_hỏi,hỏi,,
word_hỡi,hỡi,,
word_hội,hội,,
word_holmes,holmes,,
word_hôm,hôm,,
word_hòn,hòn,,
word_hôn,hôn,,
word_hồn,hồn,,
word_hỗn,hỗn,,
word_hơn,hơn,,
word_hòng,hòng,,
word_hông,hông,,
word_hồng,hồng,,
word_hổng,hổng,,
word_họng,họng,,
word_họp,họp,,
word_hộp,hộp,,
word_hotch,hotch,,
word_house,house,,
word_how,how,,
word_howard,howard,,
word_hù,hù,,
word_hử,hử,,
word_hứa,hứa,,
word_huấn,huấn,,
word_huệ,huệ,,
word_huh,huh,,
word_hung,hung,,
word_hùng,hùng,,
word_hứng,hứng,,
word_hunter,hunter,,
word_hước,hước,,
word_huống,huống,,
word_hương,hương,,
word_hướng,hướng,,
word_hưởng,hưởng,,
word_hút,hút,,
word_hụt,hụt,,
word_hưu,hưu,,
word_hữu,hữu,,
word_huy,huy,,
word_huỷ,huỷ,,
word_hủy,hủy,,
word_huyền,huyền,,
word_huyết,huyết,,
word_huynh,huynh,,
word_hy,hy,,
word_hydra,hydra,,
word_i,i,,
word_ian,ian,,
word_ích,ích,,
word_if,if,,
word_im,im,,
word_in,in,,
word_internet,internet,,
word_iris,iris,,
word_is,is,,
word_it,it,,
word_ít,ít,,
word_j,j,,
word_jack,jack,,
word_jackson,jackson,,
word_jacob,jacob,,
word_jake,jake,,
word_james,james,,
word_jamie,jamie,,
word_jane,jane,,
word_jason,jason,,
word_jay,jay,,
word_jean,jean,,
word_jeff,jeff,,
word_jenny,jenny,,
word_jerry,jerry,,
word_jesse,jesse,,
word_jessica,jessica,,
word_jesus,jesus,,
word_jill,jill,,
word_jim,jim,,
word_jimmy,jimmy,,
word_jo,jo,,
word_joe,joe,,
word_joey,joey,,
word_john,john,,
word_johnny,johnny,,
word_johnson,johnson,,
word_jon,jon,,
word_jones,jones,,
word_jordan,jordan,,
word_joseph,joseph,,
word_josh,josh,,
word_judy,judy,,
word_julia,julia,,
word_julie,julie,,
word_just,just,,
word_justin,justin,,
word_k,k,,
word_kara,kara,,
word_karen,karen,,
word_kate,kate,,
word_katie,katie,,
word_kê,kê,,
word_kế,kế,,
word_kể,kể,,
word_kẻ,kẻ,,
word_kệ,kệ,,
word_kelly,kelly,,
word_kem,kem,,
word_kém,kém,,
word_kèm,kèm,,
word_ken,ken,,
word_kèn,kèn,,
word_kênh,kênh,,
word_kéo,kéo,,
word_kẹo,kẹo,,
word_kẹp,kẹp,,
word_két,két,,
word_kết,kết,,
word_kẹt,kẹt,,
word_kêu,kêu,,
word_kevin,kevin,,
word_kh,kh,,
word_khá,khá,,
word_khả,khả,,
word_khác,khác,,
word_khắc,khắc,,
word_khai,khai,,
word_khái,khái,,
word_khám,khám,,
word_khán,khán,,
word_khăn,khăn,,
word_khẩn,khẩn,,
word_kháng,kháng,,
word_khẳng,khẳng,,
word_khao,khao,,
word_khảo,khảo,,
word_khắp,khắp,,
word_khát,khát,,
word_khâu,khâu,,
word_khấu,khấu,,
word_khẩu,khẩu,,
word_khe,khe,,
word_khéo,khéo,,
word_khi,khi,,
word_khí,khí,,
word_khỉ,khỉ,,
word_khích,khích,,
word_khiên,khiên,,
word_khiến,khiến,,
word_khiển,khiển,,
word_khiếp,khiếp,,
word_khiết,khiết,,
word_khiêu,khiêu,,
word_khiếu,khiếu,,
word_khinh,khinh,,
word_kho,kho,,
word_khô,khô,,
word_khổ,khổ,,
word_khờ,khờ,,
word_khoa,khoa,,
word_khoá,khoá,,
word_khóa,khóa,,
word_khỏa,khỏa,,
word_khoác,khoác,,
word_khoai,khoai,,
word_khoái,khoái,,
word_khoan,khoan,,
word_khoản,khoản,,
word_khoang,khoang,,
word_khoảnh,khoảnh,,
word_khóc,khóc,,
word_khoe,khoe,,
word_khoẻ,khoẻ,,
word_khói,khói,,
word_khôi,khôi,,
word_khối,khối,,
word_khỏi,khỏi,,
word_khơi,khơi,,
word_khởi,khởi,,
word_khôn,khôn,,
word_khốn,khốn,,
word_khống,khống,,
word_khổng,khổng,,
word_khớp,khớp,,
word_khứ,khứ,,
word_khử,khử,,
word_khuẩn,khuẩn,,
word_khuất,khuất,,
word_khúc,khúc,,
word_khung,khung,,
word_khùng,khùng,,
word_khủng,khủng,,
word_khuôn,khuôn,,
word_khuya,khuya,,
word_khuyên,khuyên,,
word_khuyến,khuyến,,
word_ki,ki,,
word_kí,kí,,
word_kì,kì,,
word_kĩ,kĩ,,
word_kỉ,kỉ,,
word_kia,kia,,
word_kìa,kìa,,
word_kích,kích,,
word_kịch,kịch,,
word_kiếm,kiếm,,
word_kiềm,kiềm,,
word_kiểm,kiểm,,
word_kiệm,kiệm,,
word_kiên,kiên,,
word_kiến,kiến,,
word_kiện,kiện,,
word_kiếp,kiếp,,
word_kiệt,kiệt,,
word_kiêu,kiêu,,
word_kiểu,kiểu,,
word_kim,kim,,
word_kín,kín,,
word_king,king,,
word_kinh,kinh,,
word_kính,kính,,
word_kịp,kịp,,
word_kirk,kirk,,
word_km,km,,
word_know,know,,
word_ko,ko,,
word_kỳ,kỳ,,
word_kỹ,kỹ,,
word_kỷ,kỷ,,
word_kỵ,kỵ,,
word_kyle,kyle,,
word_l,l,,
word_la,la,,
word_lá,lá,,
word_lạ,lạ,,
word_lắc,lắc,,
word_lách,lách,,
word_lai,lai,,
word_lái,lái,,
word_lam,lam,,
word_làm,làm,,
word_lâm,lâm,,
word_lầm,lầm,,
word_lãm,lãm,,
word_lạm,lạm,,
word_lan,lan,,
word_làn,làn,,
word_lăn,lăn,,
word_lần,lần,,
word_lẫn,lẫn,,
word_lẩn,lẩn,,
word_lặn,lặn,,
word_lận,lận,,
word_lance,lance,,
word_lang,lang,,
word_làng,làng,,
word_lăng,lăng,,
word_lắng,lắng,,
word_lãng,lãng,,
word_lặng,lặng,,
word_lánh,lánh,,
word_lành,lành,,
word_lãnh,lãnh,,
word_lannister,lannister,,
word_lao,lao,,
word_láo,láo,,
word_lão,lão,,
word_lắp,lắp,,
word_lấp,lấp,,
word_lạp,lạp,,
word_lặp,lặp,,
word_lập,lập,,
word_larry,larry,,
word_lát,lát,,
word_lật,lật,,
word_lau,lau,,
word_lâu,lâu,,
word_lầu,lầu,,
word_lậu,lậu,,
word_laura,laura,,
word_laurel,laurel,,
word_lawrence,lawrence,,
word_lây,lây,,
word_lẫy,lẫy,,
word_lạy,lạy,,
word_lê,lê,,
word_lề,lề,,
word_lễ,lễ,,
word_lẽ,lẽ,,
word_lẻ,lẻ,,
word_lẹ,lẹ,,
word_lệ,lệ,,
word_lệch,lệch,,
word_lee,lee,,
word_len,len,,
word_lén,lén,,
word_lên,lên,,
word_lẻn,lẻn,,
word_lệnh,lệnh,,
word_leo,leo,,
word_lester,lester,,
word_let,let,,
word_lều,lều,,
word_lewis,lewis,,
word_li,li,,
word_lí,lí,,
word_liếm,liếm,,
word_liên,liên,,
word_liền,liền,,
word_liêng,liêng,,
word_liệt,liệt,,
word_liều,liều,,
word_liễu,liễu,,
word_liệu,liệu,,
word_like,like,,
word_lily,lily,,
word_lincoln,lincoln,,
word_linda,linda,,
word_linh,linh,,
word_lính,lính,,
word_lĩnh,lĩnh,,
word_lisa,lisa,,
word_little,little,,
word_líu,líu,,
word_ll,ll,,
word_lò,lò,,
word_lô,lô,,
word_lố,lố,,
word_lồ,lồ,,
word_lỗ,lỗ,,
word_lơ,lơ,,
word_lờ,lờ,,
word_lỡ,lỡ,,
word_lọ,lọ,,
word_lộ,lộ,,
word_loài,loài,,
word_loại,loại,,
word_loạn,loạn,,
word_loạt,loạt,,
word_lọc,lọc,,
word_logan,logan,,
word_lôi,lôi,,
word_lối,lối,,
word_lõi,lõi,,
word_lời,lời,,
word_lợi,lợi,,
word_lớn,lớn,,
word_lợn,lợn,,
word_lộn,lộn,,
word_london,london,,
word_long,long,,
word_lòng,lòng,,
word_lông,lông,,
word_lồng,lồng,,
word_lỏng,lỏng,,
word_look,look,,
word_los,los,,
word_lót,lót,,
word_lọt,lọt,,
word_lột,lột,,
word_lou,lou,,
word_louis,louis,,
word_love,love,,
word_lũ,lũ,,
word_lừa,lừa,,
word_lửa,lửa,,
word_lựa,lựa,,
word_luân,luân,,
word_luận,luận,,
word_luật,luật,,
word_lực,lực,,
word_lục,lục,,
word_lucas,lucas,,
word_lucy,lucy,,
word_lui,lui,,
word_lùi,lùi,,
word_luke,luke,,
word_lùn,lùn,,
word_lung,lung,,
word_lùng,lùng,,
word_lũng,lũng,,
word_lưng,lưng,,
word_lược,lược,,
word_lưới,lưới,,
word_lười,lười,,
word_lưỡi,lưỡi,,
word_luôn,luôn,,
word_lượn,lượn,,
word_lưỡng,lưỡng,,
word_lượng,lượng,,
word_lướt,lướt,,
word_lượt,lượt,,
word_lưu,lưu,,
word_lựu,lựu,,
word_luyện,luyện,,
word_lý,lý,,
word_lydia,lydia,,
word_m,m,,
word_ma,ma,,
word_má,má,,
word_mà,mà,,
word_mac,mac,,
word_mắc,mắc,,
word_mạc,mạc,,
word_mặc,mặc,,
word_mạch,mạch,,
word_maggie,maggie,,
word_mai,mai,,
word_mái,mái,,
word_mãi,mãi,,
word_mại,mại,,
word_make,make,,
word_malcolm,malcolm,,
word_man,man,,
word_màn,màn,,
word_mắn,mắn,,
word_mãn,mãn,,
word_mạn,mạn,,
word_mang,mang,,
word_màng,màng,,
word_manh,manh,,
word_mánh,mánh,,
word_mãnh,mãnh,,
word_mảnh,mảnh,,
word_mạnh,mạnh,,
word_manhattan,manhattan,,
word_manny,manny,,
word_mạo,mạo,,
word_mập,mập,,
word_marcus,marcus,,
word_maria,maria,,
word_marie,marie,,
word_mark,mark,,
word_marshall,marshall,,
word_martin,martin,,
word_marty,marty,,
word_mary,mary,,
word_mason,mason,,
word_mắt,mắt,,
word_mặt,mặt,,
word_mật,mật,,
word_matt,matt,,
word_matthew,matthew,,
word_mau,mau,,
word_máu,máu,,
word_mẫu,mẫu,,
word_max,max,,
word_may,may,,
word_mày,mày,,
word_mây,mây,,
word_maya,maya,,
word_me,me,,
word_mê,mê,,
word_mẽ,mẽ,,
word_mẻ,mẻ,,
word_megan,megan,,
word_mềm,mềm,,
word_men,men,,
word_mến,mến,,
word_mệnh,mệnh,,
word_merlyn,merlyn,,
word_mét,mét,,
word_mexico,mexico,,
word_mi,mi,,
word_mì,mì,,
word_mĩ,mĩ,,
word_mia,mia,,
word_miami,miami,,
word_michael,michael,,
word_michelle,michelle,,
word_miền,miền,,
word_miễn,miễn,,
word_miện,miện,,
word_miếng,miếng,,
word_miêu,miêu,,
word_mike,mike,,
word_miles,miles,,
word_miller,miller,,
word_minh,minh,,
word_mm,mm,,
word_mm-hmm,mm-hmm,,
word_mmm,mmm,,
word_mò,mò,,
word_mô,mô,,
word_mồ,mồ,,
word_mổ,mổ,,
word_mỏ,mỏ,,
word_mơ,mơ,,
word_mớ,mớ,,
word_mờ,mờ,,
word_mỡ,mỡ,,
word_mợ,mợ,,
word_mộ,mộ,,
word_móc,móc,,
word_mọc,mọc,,
word_mộc,mộc,,
word_moi,moi,,
word_môi,môi,,
word_mối,mối,,
word_mồi,mồi,,
word_mỗi,mỗi,,
word_mỏi,mỏi,,
word_mới,mới,,
word_mọi,mọi,,
word_molly,molly,,
word_mồm,mồm,,
word_mòn,mòn,,
word_môn,môn,,
word_mong,mong,,
word_móng,móng,,
word_mông,mông,,
word_mỏng,mỏng,,
word_mộng,mộng,,
word_monica,monica,,
word_more,more,,
word_morgan,morgan,,
word_moscow,moscow,,
word_moses,moses,,
word_mr,mr,,
word_mr.,mr.,,
word_mu,mu,,
word_mù,mù,,
word_mũ,mũ,,
word_mụ,mụ,,
word_múa,múa,,
word_mức,mức,,
word_mực,mực,,
word_mục,mục,,
word_mùi,mùi,,
word_mũi,mũi,,
word_mừng,mừng,,
word_muội,muội,,
word_mươi,mươi,,
word_muôn,muôn,,
word_muộn,muộn,,
word_music,music,,
word_mưu,mưu,,
word_my,my,,
word_mỹ,mỹ,,
word_n,n,,
word_na,na,,
word_nã,nã,,
word_nạ,nạ,,
word_nam,nam,,
word_nắm,nắm,,
word_nằm,nằm,,
word_nấm,nấm,,
word_nàn,nàn,,
word_nản,nản,,
word_nạn,nạn,,
word_nancy,nancy,,
word_nàng,nàng,,
word_năng,năng,,
word_nâng,nâng,,
word_nặng,nặng,,
word_náo,náo,,
word_não,não,,
word_nấp,nấp,,
word_nạp,nạp,,
word_nát,nát,,
word_nạt,nạt,,
word_nathan,nathan,,
word_nâu,nâu,,
word_nay,nay,,
word_nãy,nãy,,
word_nảy,nảy,,
word_né,né,,
word_nè,nè,,
word_nề,nề,,
word_ned,ned,,
word_need,need,,
word_ném,ném,,
word_nếm,nếm,,
word_nến,nến,,
word_nền,nền,,
word_neo,neo,,
word_nét,nét,,
word_nếu,nếu,,
word_never,never,,
word_new,new,,
word_ng,ng,,
word_nga,nga,,
word_ngã,ngã,,
word_ngạc,ngạc,,
word_ngai,ngai,,
word_ngài,ngài,,
word_ngại,ngại,,
word_ngắm,ngắm,,
word_ngầm,ngầm,,
word_ngậm,ngậm,,
word_ngăn,ngăn,,
word_ngân,ngân,,
word_ngẩn,ngẩn,,
word_ngang,ngang,,
word_ngành,ngành,,
word_ngào,ngào,,
word_ngạo,ngạo,,
word_ngập,ngập,,
word_ngắt,ngắt,,
word_ngầu,ngầu,,
word_ngẫu,ngẫu,,
word_ngây,ngây,,
word_ngh,ngh,,
word_nghệ,nghệ,,
word_nghèo,nghèo,,
word_nghi,nghi,,
word_nghĩ,nghĩ,,
word_nghỉ,nghỉ,,
word_nghị,nghị,,
word_nghĩa,nghĩa,,
word_nghịch,nghịch,,
word_nghiêm,nghiêm,,
word_nghiệm,nghiệm,,
word_nghiên,nghiên,,
word_nghiền,nghiền,,
word_nghiện,nghiện,,
word_nghiêng,nghiêng,,
word_nghiệp,nghiệp,,
word_nghiệt,nghiệt,,
word_ngô,ngô,,
word_ngớ,ngớ,,
word_ngờ,ngờ,,
word_ngộ,ngộ,,
word_ngoái,ngoái,,
word_ngoài,ngoài,,
word_ngoại,ngoại,,
word_ngoan,ngoan,,
word_ngốc,ngốc,,
word_ngọc,ngọc,,
word_ngôi,ngôi,,
word_ngơi,ngơi,,
word_ngợi,ngợi,,
word_ngón,ngón,,
word_ngôn,ngôn,,
word_ngọn,ngọn,,
word_ngọt,ngọt,,
word_ngột,ngột,,
word_ngu,ngu,,
word_ngũ,ngũ,,
word_ngủ,ngủ,,
word_ngư,ngư,,
word_ngữ,ngữ,,
word_ngự,ngự,,
word_ngựa,ngựa,,
word_ngực,ngực,,
word_ngục,ngục,,
word_ngửi,ngửi,,
word_ngưng,ngưng,,
word_ngừng,ngừng,,
word_ngược,ngược,,
word_ngươi,ngươi,,
word_nguồn,nguồn,,
word_ngưỡng,ngưỡng,,
word_nguy,nguy,,
word_ngụy,ngụy,,
word_nguyên,nguyên,,
word_nguyền,nguyền,,
word_nguyện,nguyện,,
word_nguyệt,nguyệt,,
word_nh,nh,,
word_nhá,nhá,,
word_nhã,nhã,,
word_nhắc,nhắc,,
word_nhấc,nhấc,,
word_nhai,nhai,,
word_nhắm,nhắm,,
word_nhằm,nhằm,,
word_nhầm,nhầm,,
word_nhảm,nhảm,,
word_nhắn,nhắn,,
word_nhân,nhân,,
word_nhấn,nhấn,,
word_nhẫn,nhẫn,,
word_nhãn,nhãn,,
word_nhận,nhận,,
word_nhàng,nhàng,,
word_nhánh,nhánh,,
word_nhạo,nhạo,,
word_nhát,nhát,,
word_nhạt,nhạt,,
word_nhặt,nhặt,,
word_nhật,nhật,,
word_nhau,nhau,,
word_nháy,nháy,,
word_nhảy,nhảy,,
word_nhạy,nhạy,,
word_nhẹ,nhẹ,,
word_nhện,nhện,,
word_nhét,nhét,,
word_nhi,nhi,,
word_nhí,nhí,,
word_nhì,nhì,,
word_nhỉ,nhỉ,,
word_nhị,nhị,,
word_nhích,nhích,,
word_nhiễm,nhiễm,,
word_nhiệm,nhiệm,,
word_nhiên,nhiên,,
word_nhiệt,nhiệt,,
word_nhiêu,nhiêu,,
word_nhiễu,nhiễu,,
word_nhìn,nhìn,,
word_nhịp,nhịp,,
word_nho,nho,,
word_nhổ,nhổ,,
word_nhỡ,nhỡ,,
word_nhở,nhở,,
word_nhóc,nhóc,,
word_nhồi,nhồi,,
word_nhóm,nhóm,,
word_nhốt,nhốt,,
word_nhu,nhu,,
word_như,như,,
word_nhuận,nhuận,,
word_nhúc,nhúc,,
word_nhục,nhục,,
word_nhúng,nhúng,,
word_những,những,,
word_nhược,nhược,,
word_nhường,nhường,,
word_nhượng,nhượng,,
word_nicholas,nicholas,,
word_nick,nick,,
word_niềm,niềm,,
word_niệm,niệm,,
word_niên,niên,,
word_night,night,,
word_nina,nina,,
word_ninh,ninh,,
word_nít,nít,,
word_no,no,,
word_nó,nó,,
word_nô,nô,,
word_nỗ,nỗ,,
word_nổ,nổ,,
word_nở,nở,,
word_nợ,nợ,,
word_nọ,nọ,,
word_nộ,nộ,,
word_noah,noah,,
word_nóc,nóc,,
word_nối,nối,,
word_nỗi,nỗi,,
word_nổi,nổi,,
word_nơi,nơi,,
word_nội,nội,,
word_non,non,,
word_nón,nón,,
word_nôn,nôn,,
word_nông,nông,,
word_nồng,nồng,,
word_norman,norman,,
word_not,not,,
word_nốt,nốt,,
word_now,now,,
word_nữ,nữ,,
word_nụ,nụ,,
word_nửa,nửa,,
word_núi,núi,,
word_nuôi,nuôi,,
word_nương,nương,,
word_nuốt,nuốt,,
word_nút,nút,,
word_nứt,nứt,,
word_o,o,,
word_ô,ô,,
word_ơ,ơ,,
word_óc,óc,,
word_ốc,ốc,,
word_of,of,,
word_oh,oh,,
word_ôi,ôi,,
word_ối,ối,,
word_ơi,ơi,,
word_ok,ok,,
word_okay,okay,,
word_oliver,oliver,,
word_ôm,ôm,,
word_ốm,ốm,,
word_on,on,,
word_ôn,ôn,,
word_ơn,ơn,,
word_one,one,,
word_ong,ong,,
word_ông,ông,,
word_ống,ống,,
word_ổng,ổng,,
word_ooh,ooh,,
word_or,or,,
word_our,our,,
word_out,out,,
word_over,over,,
word_ow,ow,,
word_oxy,oxy,,
word_p,p,,
word_pablo,pablo,,
word_palmer,palmer,,
word_paris,paris,,
word_park,park,,
word_parker,parker,,
word_patrick,patrick,,
word_paul,paul,,
word_pete,pete,,
word_peter,peter,,
word_ph,ph,,
word_pha,pha,,
word_phá,phá,,
word_phái,phái,,
word_phẩm,phẩm,,
word_phạm,phạm,,
word_phán,phán,,
word_phàn,phàn,,
word_phân,phân,,
word_phấn,phấn,,
word_phản,phản,,
word_phận,phận,,
word_phang,phang,,
word_pháo,pháo,,
word_pháp,pháp,,
word_phát,phát,,
word_phạt,phạt,,
word_phật,phật,,
word_phẫu,phẫu,,
word_phe,phe,,
word_phê,phê,,
word_phế,phế,,
word_phép,phép,,
word_phết,phết,,
word_phi,phi,,
word_phí,phí,,
word_phía,phía,,
word_phiên,phiên,,
word_phiến,phiến,,
word_phiền,phiền,,
word_phiêu,phiêu,,
word_phiếu,phiếu,,
word_phil,phil,,
word_phó,phó,,
word_phô,phô,,
word_phố,phố,,
word_phổ,phổ,,
word_phoebe,phoebe,,
word_phối,phối,,
word_phổi,phổi,,
word_phơi,phơi,,
word_phong,phong,,
word_phóng,phóng,,
word_phỏng,phỏng,,
word_phu,phu,,
word_phú,phú,,
word_phù,phù,,
word_phủ,phủ,,
word_phụ,phụ,,
word_phúc,phúc,,
word_phức,phức,,
word_phục,phục,,
word_phudeviet.org,phudeviet.org,,
word_phun,phun,,
word_phụng,phụng,,
word_phước,phước,,
word_phương,phương,,
word_piano,piano,,
word_pin,pin,,
word_pizza,pizza,,
word_potter,potter,,
word_qkk,qkk,,
word_qu,qu,,
word_qua,qua,,
word_quá,quá,,
word_quà,quà,,
word_quả,quả,,
word_quạ,quạ,,
word_quặc,quặc,,
word_quái,quái,,
word_quan,quan,,
word_quân,quân,,
word_quản,quản,,
word_quận,quận,,
word_quang,quang,,
word_quăng,quăng,,
word_quãng,quãng,,
word_quảng,quảng,,
word_quanh,quanh,,
word_quay,quay,,
word_quấy,quấy,,
word_quậy,quậy,,
word_que,que,,
word_queen,queen,,
word_quen,quen,,
word_quên,quên,,
word_quét,quét,,
word_quí,quí,,
word_quốc,quốc,,
word_quy,quy,,
word_quý,quý,,
word_quỳ,quỳ,,
word_quỹ,quỹ,,
word_quỷ,quỷ,,
word_quyên,quyên,,
word_quyến,quyến,,
word_quyền,quyền,,
word_quyển,quyển,,
word_quyết,quyết,,
word_r,r,,
word_ra,ra,,
word_rắc,rắc,,
word_rach,rach,,
word_rách,rách,,
word_rachel,rachel,,
word_radio,radio,,
word_ragnar,ragnar,,
word_rán,rán,,
word_rắn,rắn,,
word_ráng,ráng,,
word_ràng,ràng,,
word_rằng,rằng,,
word_ranh,ranh,,
word_rào,rào,,
word_rạp,rạp,,
word_rập,rập,,
word_rất,rất,,
word_râu,râu,,
word_ray,ray,,
word_rầy,rầy,,
word_raymond,raymond,,
word_re,re,,
word_rể,rể,,
word_rẽ,rẽ,,
word_rebecca,rebecca,,
word_red,red,,
word_reese,reese,,
word_reid,reid,,
word_rèn,rèn,,
word_rên,rên,,
word_rỉ,rỉ,,
word_richard,richard,,
word_rick,rick,,
word_riêng,riêng,,
word_right,right,,
word_riley,riley,,
word_ro,ro,,
word_rồ,rồ,,
word_rõ,rõ,,
word_rợ,rợ,,
word_robert,robert,,
word_robin,robin,,
word_robot,robot,,
word_rock,rock,,
word_roger,roger,,
word_roi,roi,,
word_rối,rối,,
word_rỗi,rỗi,,
word_rơi,rơi,,
word_rời,rời,,
word_rome,rome,,
word_ron,ron,,
word_rộn,rộn,,
word_rồng,rồng,,
word_rỗng,rỗng,,
word_rose,rose,,
word_ross,ross,,
word_rót,rót,,
word_rốt,rốt,,
word_rớt,rớt,,
word_roy,roy,,
word_rũ,rũ,,
word_rùa,rùa,,
word_rủa,rủa,,
word_rửa,rửa,,
word_rực,rực,,
word_rủi,rủi,,
word_run,run,,
word_rung,rung,,
word_rừng,rừng,,
word_ruồi,ruồi,,
word_rưởi,rưởi,,
word_ruột,ruột,,
word_rượu,rượu,,
word_rút,rút,,
word_ryan,ryan,,
word_s,s,,
word_s.h.i.e.l.d.,s.h.i.e.l.d.,,
word_sa,sa,,
word_sắc,sắc,,
word_sạch,sạch,,
word_sam,sam,,
word_sắm,sắm,,
word_sammy,sammy,,
word_san,san,,
word_sàn,sàn,,
word_săn,săn,,
word_sẵn,sẵn,,
word_sân,sân,,
word_sản,sản,,
word_sạn,sạn,,
word_sandwich,sandwich,,
word_sang,sang,,
word_sàng,sàng,,
word_sánh,sánh,,
word_sảnh,sảnh,,
word_santa,santa,,
word_sao,sao,,
word_sáo,sáo,,
word_sắp,sắp,,
word_sập,sập,,
word_sara,sara,,
word_sarah,sarah,,
word_sát,sát,,
word_sắt,sắt,,
word_sâu,sâu,,
word_saul,saul,,
word_savage,savage,,
word_say,say,,
word_scarlett,scarlett,,
word_scofield,scofield,,
word_scotland,scotland,,
word_scott,scott,,
word_sẻ,sẻ,,
word_sean,sean,,
word_séc,séc,,
word_see,see,,
word_sẹo,sẹo,,
word_sét,sét,,
word_seth,seth,,
word_sex,sex,,
word_shaw,shaw,,
word_she,she,,
word_sherlock,sherlock,,
word_shh,shh,,
word_show,show,,
word_sĩ,sĩ,,
word_sỉ,sỉ,,
word_siêu,siêu,,
word_simon,simon,,
word_sinh,sinh,,
word_sir,sir,,
word_smith,smith,,
word_snow,snow,,
word_so,so,,
word_sô,sô,,
word_sổ,sổ,,
word_sơ,sơ,,
word_sờ,sờ,,
word_sở,sở,,
word_sợ,sợ,,
word_sọ,sọ,,
word_soạn,soạn,,
word_soát,soát,,
word_sóc,sóc,,
word_sốc,sốc,,
word_soi,soi,,
word_sói,sói,,
word_sôi,sôi,,
word_sợi,sợi,,
word_son,son,,
word_sơn,sơn,,
word_song,song,,
word_sóng,sóng,,
word_sòng,sòng,,
word_sông,sông,,
word_sót,sót,,
word_spartacus,spartacus,,
word_spock,spock,,
word_st.,st.,,
word_star,star,,
word_stark,stark,,
word_starling,starling,,
word_steve,steve,,
word_stone,stone,,
word_su,su,,
word_sư,sư,,
word_sứ,sứ,,
word_sử,sử,,
word_sự,sự,,
word_súc,súc,,
word_sức,sức,,
word_sung,sung,,
word_súng,súng,,
word_sừng,sừng,,
word_sưởi,sưởi,,
word_sườn,sườn,,
word_sương,sương,,
word_sướng,sướng,,
word_suốt,suốt,,
word_súp,súp,,
word_sụp,sụp,,
word_susan,susan,,
word_sưu,sưu,,
word_suy,suy,,
word_suýt,suýt,,
word_suỵt,suỵt,,
word_sỹ,sỹ,,
word_sylar,sylar,,
word_t,t,,
word_ta,ta,,
word_tá,tá,,
word_tà,tà,,
word_tả,tả,,
word_tạ,tạ,,
word_tác,tác,,
word_tắc,tắc,,
word_tặc,tặc,,
word_tách,tách,,
word_tai,tai,,
word_tái,tái,,
word_tài,tài,,
word_tải,tải,,
word_tại,tại,,
word_take,take,,
word_tam,tam,,
word_tăm,tăm,,
word_tắm,tắm,,
word_tâm,tâm,,
word_tấm,tấm,,
word_tầm,tầm,,
word_tạm,tạm,,
word_tan,tan,,
word_tán,tán,,
word_tàn,tàn,,
word_tân,tân,,
word_tấn,tấn,,
word_tần,tần,,
word_tản,tản,,
word_tận,tận,,
word_tang,tang,,
word_tàng,tàng,,
word_tăng,tăng,,
word_tầng,tầng,,
word_tảng,tảng,,
word_tạng,tạng,,
word_tặng,tặng,,
word_tao,tao,,
word_táo,táo,,
word_tào,tào,,
word_tạo,tạo,,
word_tạp,tạp,,
word_tập,tập,,
word_tát,tát,,
word_tất,tất,,
word_tật,tật,,
word_tàu,tàu,,
word_tầu,tầu,,
word_tẩu,tẩu,,
word_taxi,taxi,,
word_tay,tay,,
word_tây,tây,,
word_tẩy,tẩy,,
word_taylor,taylor,,
word_tè,tè,,
word_tê,tê,,
word_tế,tế,,
word_tể,tể,,
word_tệ,tệ,,
word_team,team,,
word_ted,ted,,
word_teddy,teddy,,
word_terry,terry,,
word_texas,texas,,
word_th,th,,
word_tha,tha,,
word_thà,thà,,
word_thả,thả,,
word_thác,thác,,
word_thắc,thắc,,
word_thách,thách,,
word_thạch,thạch,,
word_thai,thai,,
word_thải,thải,,
word_tham,tham,,
word_thám,thám,,
word_thâm,thâm,,
word_thầm,thầm,,
word_thẩm,thẩm,,
word_thảm,thảm,,
word_thậm,thậm,,
word_than,than,,
word_thắn,thắn,,
word_thân,thân,,
word_thần,thần,,
word_thận,thận,,
word_thang,thang,,
word_thăng,thăng,,
word_thằng,thằng,,
word_thẳng,thẳng,,
word_thanh,thanh,,
word_thánh,thánh,,
word_thành,thành,,
word_thank,thank,,
word_thao,thao,,
word_tháo,tháo,,
word_thảo,thảo,,
word_tháp,tháp,,
word_thấp,thấp,,
word_thập,thập,,
word_that,that,,
word_thắt,thắt,,
word_thất,thất,,
word_thật,thật,,
word_thấu,thấu,,
word_thay,thay,,
word_thây,thây,,
word_thấy,thấy,,
word_thầy,thầy,,
word_thảy,thảy,,
word_the,the,,
word_thê,thê,,
word_thế,thế,,
word_thề,thề,,
word_thể,thể,,
word_thea,thea,,
word_thèm,thèm,,
word_then,then,,
word_thép,thép,,
word_there,there,,
word_thét,thét,,
word_they,they,,
word_thi,thi,,
word_thí,thí,,
word_thì,thì,,
word_thị,thị,,
word_thiên,thiên,,
word_thiện,thiện,,
word_thiêng,thiêng,,
word_thiếp,thiếp,,
word_thiệp,thiệp,,
word_thiết,thiết,,
word_thiệt,thiệt,,
word_thiêu,thiêu,,
word_thiếu,thiếu,,
word_thiểu,thiểu,,
word_thiệu,thiệu,,
word_thỉnh,thỉnh,,
word_thịnh,thịnh,,
word_think,think,,
word_this,this,,
word_thỉu,thỉu,,
word_thô,thô,,
word_thổ,thổ,,
word_thỏ,thỏ,,
word_thơ,thơ,,
word_thờ,thờ,,
word_thở,thở,,
word_thoả,thoả,,
word_thỏa,thỏa,,
word_thoái,thoái,,
word_thoải,thoải,,
word_thoại,thoại,,
word_thoáng,thoáng,,
word_thoảng,thoảng,,
word_thoát,thoát,,
word_thói,thói,,
word_thôi,thôi,,
word_thối,thối,,
word_thổi,thổi,,
word_thời,thời,,
word_thomas,thomas,,
word_thông,thông,,
word_thống,thống,,
word_thu,thu,,
word_thú,thú,,
word_thù,thù,,
word_thủ,thủ,,
word_thứ,thứ,,
word_thự,thự,,
word_thụ,thụ,,
word_thua,thua,,
word_thưa,thưa,,
word_thừa,thừa,,
word_thuần,thuần,,
word_thuận,thuận,,
word_thuật,thuật,,
word_thúc,thúc,,
word_thức,thức,,
word_thực,thực,,
word_thuế,thuế,,
word_thung,thung,,
word_thùng,thùng,,
word_thủng,thủng,,
word_thuộc,thuộc,,
word_thước,thước,,
word_thương,thương,,
word_thưởng,thưởng,,
word_thượng,thượng,,
word_thuỷ,thuỷ,,
word_thủy,thủy,,
word_thụy,thụy,,
word_thuyền,thuyền,,
word_thuyết,thuyết,,
word_ti,ti,,
word_tí,tí,,
word_tỉ,tỉ,,
word_tị,tị,,
word_tia,tia,,
word_tỉa,tỉa,,
word_tích,tích,,
word_tịch,tịch,,
word_tiềm,tiềm,,
word_tiệm,tiệm,,
word_tiên,tiên,,
word_tiến,tiến,,
word_tiễn,tiễn,,
word_tiện,tiện,,
word_tiếng,tiếng,,
word_tiếp,tiếp,,
word_tiết,tiết,,
word_tiệt,tiệt,,
word_tiêu,tiêu,,
word_tiểu,tiểu,,
word_tim,tim,,
word_tím,tím,,
word_time,time,,
word_tin,tin,,
word_tín,tín,,
word_tinh,tinh,,
word_tính,tính,,
word_tình,tình,,
word_tĩnh,tĩnh,,
word_tỉnh,tỉnh,,
word_to,to,,
word_tò,tò,,
word_tố,tố,,
word_tổ,tổ,,
word_tỏ,tỏ,,
word_tớ,tớ,,
word_tờ,tờ,,
word_toa,toa,,
word_toà,toà,,
word_tòa,tòa,,
word_tỏa,tỏa,,
word_tọa,tọa,,
word_toán,toán,,
word_toàn,toàn,,
word_tốc,tốc,,
word_tộc,tộc,,
word_toi,toi,,
word_tồi,tồi,,
word_tới,tới,,
word_tội,tội,,
word_tom,tom,,
word_tóm,tóm,,
word_tởm,tởm,,
word_tommy,tommy,,
word_tôn,tôn,,
word_tốn,tốn,,
word_tồn,tồn,,
word_tổn,tổn,,
word_tông,tông,,
word_tống,tống,,
word_tổng,tổng,,
word_tony,tony,,
word_tr,tr,,
word_tra,tra,,
word_trá,trá,,
word_trặc,trặc,,
word_trách,trách,,
word_trai,trai,,
word_trái,trái,,
word_trải,trải,,
word_trại,trại,,
word_trầm,trầm,,
word_trạm,trạm,,
word_trán,trán,,
word_tràn,tràn,,
word_trân,trân,,
word_trấn,trấn,,
word_trần,trần,,
word_trận,trận,,
word_trang,trang,,
word_tráng,tráng,,
word_trăng,trăng,,
word_trắng,trắng,,
word_trạng,trạng,,
word_tránh,tránh,,
word_trao,trao,,
word_trào,trào,,
word_trật,trật,,
word_trẻ,trẻ,,
word_trên,trên,,
word_treo,treo,,
word_trèo,trèo,,
word_trêu,trêu,,
word_tri,tri,,
word_trí,trí,,
word_trì,trì,,
word_trị,trị,,
word_trích,trích,,
word_triển,triển,,
word_triết,triết,,
word_triều,triều,,
word_trinh,trinh,,
word_trình,trình,,
word_tro,tro,,
word_trò,trò,,
word_trở,trở,,
word_trợ,trợ,,
word_trọ,trọ,,
word_trói,trói,,
word_trôi,trôi,,
word_trộm,trộm,,
word_tròn,tròn,,
word_trốn,trốn,,
word_trơn,trơn,,
word_trọn,trọn,,
word_trộn,trộn,,
word_trong,trong,,
word_trống,trống,,
word_trồng,trồng,,
word_trọng,trọng,,
word_trú,trú,,
word_trừ,trừ,,
word_trữ,trữ,,
word_trụ,trụ,,
word_trưa,trưa,,
word_trúc,trúc,,
word_trực,trực,,
word_trục,trục,,
word_trùm,trùm,,
word_trung,trung,,
word_trúng,trúng,,
word_trùng,trùng,,
word_trưng,trưng,,
word_trứng,trứng,,
word_trừng,trừng,,
word_truồng,truồng,,
word_trương,trương,,
word_trường,trường,,
word_trưởng,trưởng,,
word_trượng,trượng,,
word_trượt,trượt,,
word_truy,truy,,
word_truyền,truyền,,
word_tu,tu,,
word_tù,tù,,
word_tủ,tủ,,
word_tư,tư,,
word_tứ,tứ,,
word_tử,tử,,
word_tự,tự,,
word_tụ,tụ,,
word_tuân,tuân,,
word_túc,túc,,
word_tức,tức,,
word_tục,tục,,
word_tuệ,tuệ,,
word_tui,tui,,
word_túi,túi,,
word_tụi,tụi,,
word_tung,tung,,
word_túng,túng,,
word_tùng,tùng,,
word_từng,từng,,
word_tước,tước,,
word_tương,tương,,
word_tướng,tướng,,
word_tường,tường,,
word_tưởng,tưởng,,
word_tượng,tượng,,
word_turner,turner,,
word_tuy,tuy,,
word_túy,túy,,
word_tùy,tùy,,
word_tủy,tủy,,
word_tuyên,tuyên,,
word_tuyến,tuyến,,
word_tuyển,tuyển,,
word_tuyết,tuyết,,
word_tuyệt,tuyệt,,
word_tv,tv,,
word_ty,ty,,
word_tý,tý,,
word_tỷ,tỷ,,
word_tyler,tyler,,
word_u,u,,
word_ư,ư,,
word_ừ,ừ,,
word_ưa,ưa,,
word_ức,ức,,
word_ugh,ugh,,
word_uh,uh,,
word_uh-huh,uh-huh,,
word_uhm,uhm,,
word_ủi,ủi,,
word_um,um,,
word_ừm,ừm,,
word_underwood,underwood,,
word_ung,ung,,
word_ủng,ủng,,
word_ứng,ứng,,
word_ước,ước,,
word_ướt,ướt,,
word_up,up,,
word_us,us,,
word_ưu,ưu,,
word_uy,uy,,
word_úy,úy,,
word_ủy,ủy,,
word_v,v,,
word_va,va,,
word_và,và,,
word_vã,vã,,
word_vả,vả,,
word_vác,vác,,
word_vách,vách,,
word_vạch,vạch,,
word_vai,vai,,
word_vài,vài,,
word_vãi,vãi,,
word_vải,vải,,
word_van,van,,
word_ván,ván,,
word_văn,văn,,
word_vân,vân,,
word_vấn,vấn,,
word_vần,vần,,
word_vẩn,vẩn,,
word_vãn,vãn,,
word_vạn,vạn,,
word_vặn,vặn,,
word_vận,vận,,
word_vang,vang,,
word_vàng,vàng,,
word_vắng,vắng,,
word_vào,vào,,
word_vất,vất,,
word_vạt,vạt,,
word_vặt,vặt,,
word_vật,vật,,
word_vay,vay,,
word_váy,váy,,
word_vây,vây,,
word_vầy,vầy,,
word_vẫy,vẫy,,
word_ve,ve,,
word_về,về,,
word_vẽ,vẽ,,
word_vẻ,vẻ,,
word_vệ,vệ,,
word_vegas,vegas,,
word_vẹn,vẹn,,
word_vết,vết,,
word_vi,vi,,
word_vĩ,vĩ,,
word_vị,vị,,
word_victor,victor,,
word_victoria,victoria,,
word_video,video,,
word_viêm,viêm,,
word_viễn,viễn,,
word_viện,viện,,
word_việt,việt,,
word_vincent,vincent,,
word_vinh,vinh,,
word_vĩnh,vĩnh,,
word_vịnh,vịnh,,
word_virus,virus,,
word_vịt,vịt,,
word_vô,vô,,
word_vồ,vồ,,
word_vỗ,vỗ,,
word_võ,võ,,
word_vỏ,vỏ,,
word_vớ,vớ,,
word_vờ,vờ,,
word_vỡ,vỡ,,
word_vở,vở,,
word_vợ,vợ,,
word_voi,voi,,
word_vòi,vòi,,
word_với,với,,
word_vời,vời,,
word_vội,vội,,
word_vốn,vốn,,
word_vong,vong,,
word_vòng,vòng,,
word_vọng,vọng,,
word_vu,vu,,
word_vú,vú,,
word_vũ,vũ,,
word_vụ,vụ,,
word_vua,vua,,
word_vực,vực,,
word_vụn,vụn,,
word_vùng,vùng,,
word_vững,vững,,
word_vườn,vườn,,
word_vương,vương,,
word_vướng,vướng,,
word_vuốt,vuốt,,
word_vượt,vượt,,
word_vứt,vứt,,
word_walker,walker,,
word_walt,walt,,
word_walter,walter,,
word_want,want,,
word_ward,ward,,
word_was,was,,
word_washington,washington,,
word_way,way,,
word_wayne,wayne,,
word_we,we,,
word_web,web,,
word_well,well,,
word_wells,wells,,
word_west,west,,
word_what,what,,
word_when,when,,
word_where,where,,
word_whiskey,whiskey,,
word_white,white,,
word_who,who,,
word_whoa,whoa,,
word_whoo,whoo,,
word_why,why,,
word_will,will,,
word_william,william,,
word_wilson,wilson,,
word_with,with,,
word_won,won,,
word_world,world,,
word_would,would,,
word_wow,wow,,
word_wyatt,wyatt,,
word_x,x,,
word_xá,xá,,
word_xà,xà,,
word_xã,xã,,
word_xả,xả,,
word_xạ,xạ,,
word_xác,xác,,
word_xách,xách,,
word_xài,xài,,
word_xám,xám,,
word_xăm,xăm,,
word_xâm,xâm,,
word_xăng,xăng,,
word_xấu,xấu,,
word_xây,xây,,
word_xảy,xảy,,
word_xé,xé,,
word_xế,xế,,
word_xen,xen,,
word_xếp,xếp,,
word_xét,xét,,
word_xí,xí,,
word_xì,xì,,
word_xích,xích,,
word_xỉn,xỉn,,
word_xinh,xinh,,
word_xịt,xịt,,
word_xíu,xíu,,
word_xô,xô,,
word_xơ,xơ,,
word_xoa,xoa,,
word_xóa,xóa,,
word_xoay,xoay,,
word_xôi,xôi,,
word_xóm,xóm,,
word_xộn,xộn,,
word_xông,xông,,
word_xót,xót,,
word_xu,xu,,
word_xứ,xứ,,
word_xử,xử,,
word_xưa,xưa,,
word_xuân,xuân,,
word_xuẩn,xuẩn,,
word_xuất,xuất,,
word_xúc,xúc,,
word_xui,xui,,
word_xung,xung,,
word_xưng,xưng,,
word_xứng,xứng,,
word_xuôi,xuôi,,
word_xuống,xuống,,
word_xương,xương,,
word_xưởng,xưởng,,
word_xuyên,xuyên,,
word_y,y,,
word_ý,ý,,
word_yeah,yeah,,
word_yểm,yểm,,
word_yên,yên,,
word_yến,yến,,
word_yes,yes,,
word_yêu,yêu,,
word_yếu,yếu,,
word_yi,yi,,
word_yo,yo,,
word_york,york,,
word_you,you,,
word_your,your,,
word_zoe,zoe,,
wordex_á,Á! Đau quá!,Ouch! That hurts!,
wordex_a-lô,"A-lô, ai đang gọi vậy?","Hello, who's calling?",
wordex_ác,Nhân vật đó rất độc ác,That character is very cruel,
wordex_ái,Câu chuyện ái tình rất cảm động,The love story is very touching,
wordex_alo,"Alo, tôi nghe đây","Hello, I'm listening",
wordex_alô,"Alô, ai đó?","Hello, who's this?",
wordex_am,Anh ấy am hiểu về lịch sử,He's well-versed in history,
wordex_ám,Ngôi nhà này bị ám ảnh,This house is haunted,
wordex_ân,Anh ấy là ân nhân của tôi,He is my benefactor,
wordex_ấn,Hãy ấn nút để bắt đầu,Press the button to start,
wordex_ẩn,Có một ý nghĩa ẩn trong câu này,There's a hidden meaning in this sentence,
wordex_ánh,Ánh nắng chiếu qua cửa sổ,Sunlight streams through the window,
wordex_ào,Mưa ào ạt suốt đêm,It rained torrentially all night,
wordex_ảo,Đó chỉ là thế giới ảo,That's just a virtual world,
wordex_áp,Huyết áp của tôi hơi cao,My blood pressure is a bit high,
wordex_âu,Nhiều du khách châu Âu đến Việt Nam,Many European tourists visit Vietnam,
wordex_avatar,Tôi đổi ảnh đại diện avatar mới,I change to a new avatar picture,
wordex_bá,Anh ấy hành xử rất bá đạo,He acts very domineeringly,
wordex_bã,Đổ bã cà phê đi,Throw away the coffee grounds,
wordex_bả,Con chó ăn phải bả,The dog ate poisoned bait,
wordex_bạc,Anh ấy đeo một chiếc nhẫn bạc,He wears a silver ring,
wordex_bậc,Leo lên từng bậc thang,Climb up step by step,
wordex_bách,Cây bách xanh tốt quanh năm,The cypress tree is green all year,
wordex_bạch,Con thiên nga bạch trắng muốt,The swan is pure white,
wordex_bại,Đội của tôi bị thất bại,My team lost,
wordex_bầm,Chân tôi bị bầm tím,My leg is bruised,
wordex_bẩm,Anh ấy bẩm sinh đã thông minh,He was born intelligent,
wordex_ban,Ban giám đốc họp sáng nay,The board of directors met this morning,
wordex_bắn,Đừng bắn súng trong nhà,Don't fire a gun indoors,
wordex_bẩn,Quần áo của tôi bị bẩn,My clothes are dirty,
wordex_bang,Anh ấy sống ở một tiểu bang khác,He lives in a different state,
wordex_băng,Cho tôi một ít băng vào ly,Put some ice in the glass please,
wordex_bảng,Giáo viên viết lên bảng,The teacher writes on the board,
wordex_banh,Đá banh với tụi tôi không?,Want to play soccer with us? (southern),
wordex_bảnh,Anh ấy ăn mặc rất bảnh bao,He dresses very sharply,
wordex_bào,Tôi bào vỏ khoai tây,I peel the potato skin,
wordex_bão,Cơn bão sắp đổ bộ vào đất liền,The storm is about to make landfall,
wordex_bạo,Bộ phim này có cảnh bạo lực,This movie has violent scenes,
wordex_bắp,Tôi thích ăn bắp luộc,I like eating boiled corn,
wordex_bar,Chúng tôi gặp nhau ở quán bar,We meet at the bar,
wordex_bật,Bật đèn lên giúp tôi,Turn on the light for me,
wordex_báu,Đây là vật báu của gia đình,This is the family's treasure,
wordex_bầu,Chúng tôi sẽ bầu chọn trưởng nhóm,We will elect a group leader,
wordex_bày,Cô ấy bày biện bàn tiệc rất đẹp,She arranged the party table beautifully,
wordex_bấy,Bấy giờ tôi còn rất trẻ,At that time I was still very young,
wordex_bầy,Một bầy chim bay qua,A flock of birds flies over,
wordex_bẫy,Người thợ săn đặt bẫy trong rừng,The hunter set a trap in the forest,
wordex_bậy,Đừng nói bậy trước mặt trẻ con,Don't curse in front of children,
wordex_bé,Bé đang ngủ,The little one is sleeping,
wordex_bê,Con bê con đi theo mẹ,The baby calf follows its mother,
wordex_bế,Mẹ bế em bé trên tay,Mom carries the baby in her arms,
wordex_bề,Nhìn bề ngoài anh ấy rất tự tin,"From the outside, he looks very confident",
wordex_bể,Cái ly bị bể rồi,The glass is broken,
wordex_bẻ,Anh ấy bẻ một nhánh cây,He breaks off a tree branch,
wordex_bệ,Bức tượng đứng trên bệ đá,The statue stands on a stone pedestal,
wordex_béo,Món ăn này hơi béo,This dish is a bit fatty,
wordex_bi,Đó là một câu chuyện bi thương,That's a tragic story,
wordex_bí,Đây là một bí mật,This is a secret,
wordex_bì,Món bì cuốn rất ngon,The pork-skin spring rolls are delicious,
wordex_bỉ,Đừng khinh bỉ người nghèo,Don't despise the poor,
wordex_bịa,Đừng bịa chuyện,Don't make up stories,
wordex_bịch,Cho tôi một bịch kẹo,Give me a bag of candy,
wordex_biến,Thời tiết biến đổi thất thường,The weather changes unpredictably,
wordex_biển,Chúng tôi đi biển vào cuối tuần,We're going to the beach this weekend,
wordex_biện,Luật sư biện hộ cho bị cáo,The lawyer defends the accused,
wordex_biểu,Tôi xem biểu đồ doanh thu,I look at the revenue chart,
wordex_binh,Đội binh sĩ diễu hành qua quảng trường,The troops marched through the square,
wordex_bịt,Cô ấy bịt tai lại vì tiếng ồn,She covers her ears because of the noise,
wordex_bó,Cô ấy mua một bó hoa hồng,She bought a bunch of roses,
wordex_bồ,Anh ấy vừa chia tay với bồ,He just broke up with his girlfriend,
wordex_bổ,Trái cây rất bổ dưỡng,Fruit is very nutritious,
wordex_bơ,Phết bơ lên bánh mì,Spread butter on the bread,
wordex_bờ,Chúng tôi đi dạo dọc bờ biển,We walked along the shore,
wordex_bọ,Có một con bọ trên lá,There's a bug on the leaf,
wordex_bóc,Tôi bóc vỏ cam,I peel the orange,
wordex_bốc,Khói bốc lên từ đám cháy,Smoke rose from the fire,
wordex_bọc,Mẹ bọc quà bằng giấy màu,Mom wraps the gift in colored paper,
wordex_bôi,Bôi kem lên vết thương,Apply cream on the wound,
wordex_bối,Tôi cảm thấy bối rối,I feel confused,
wordex_bồi,Công ty phải bồi thường thiệt hại,The company must compensate for the damages,
wordex_bơi,Tôi thích bơi vào buổi sáng,I like to swim in the morning,
wordex_bởi,Tôi đến trễ bởi vì kẹt xe,I'm late because of traffic,
wordex_bội,Đừng bao giờ phản bội bạn bè,Never betray your friends,
wordex_bom,Có một quả bom được tìm thấy,A bomb was found,
wordex_bơm,Tôi bơm bánh xe đạp,I pump up the bicycle tire,
wordex_bồn,Tôi ngâm mình trong bồn tắm,I soak in the bathtub,
wordex_bổn,Đây là bổn phận của tôi,This is my duty,
wordex_bọn,Bọn tôi sẽ đến sớm,Our group will arrive early,
wordex_bong,Trẻ con thích thổi bong bóng,Kids love blowing bubbles,
wordex_bóng,Trẻ con đang chơi bóng,Children are playing ball,
wordex_bông,Cô ấy cài một bông hoa lên tóc,She pinned a flower in her hair,
wordex_bỗng,Trời bỗng đổ mưa,It suddenly started raining,
wordex_bỏng,Tay tôi bị bỏng khi nấu ăn,I burned my hand while cooking,
wordex_bóp,Đừng bóp mạnh quá,Don't squeeze too hard,
wordex_bột,Mẹ trộn bột làm bánh,Mom mixes flour to make cake,
wordex_bù,Công ty bù đắp thiệt hại,The company compensates for the loss,
wordex_bự,Con cá này bự quá,This fish is huge,
wordex_búa,Anh ấy dùng búa đóng đinh,He uses a hammer to drive the nail,
wordex_bùa,Ông ấy đeo một lá bùa hộ mệnh,He wears a protective amulet,
wordex_bừa,Đừng vứt đồ bừa bãi,Don't throw things around carelessly,
wordex_bức,Bức tranh này rất đẹp,This painting is very beautiful,
wordex_bực,Tôi cảm thấy bực mình,I feel annoyed,
wordex_bùng,Dịch bệnh bùng phát nhanh chóng,The epidemic breaks out rapidly,
wordex_buộc,Tôi buộc dây giày lại,I tied my shoelaces,
wordex_bước,Hãy bước cẩn thận,Please step carefully,
wordex_buồm,Chiếc thuyền căng buồm ra khơi,The boat hoists its sail and heads out to sea,
wordex_bướm,Con bướm bay quanh vườn hoa,The butterfly flies around the flower garden,
wordex_buông,Xin đừng buông tay tôi,Please don't let go of my hand,
wordex_buồng,Bệnh nhân nằm trong buồng bệnh,The patient lies in the hospital room,
wordex_búp,Cô bé chơi với búp bê,The little girl plays with a doll,
wordex_bút,Cho tôi mượn cây bút,Let me borrow a pen,
wordex_bưu,Tôi gửi thư qua bưu điện,I send the letter through the post office,
wordex_cà-phê,Tôi uống cà-phê mỗi sáng,I drink coffee every morning,
wordex_các,Các bạn đã sẵn sàng chưa?,Are you all ready?,
wordex_cai,Anh ấy quyết tâm cai thuốc lá,He's determined to quit smoking,
wordex_cài,Tôi cài đặt ứng dụng mới,I install a new app,
wordex_cải,Chúng tôi cần cải thiện dịch vụ,We need to improve the service,
wordex_cam,Tôi thích uống nước cam,I like drinking orange juice,
wordex_cám,Cám ơn bạn nhiều,Thanks a lot (informal spelling),
wordex_căm,Cô ấy căm ghét sự bất công,She resents injustice,
wordex_câm,Anh ấy giả vờ câm điếc,He pretended to be deaf and mute,
wordex_cấm,Ở đây cấm hút thuốc,Smoking is forbidden here,
wordex_camera,Chúng tôi lắp camera an ninh,We installed a security camera,
wordex_can,Bạn nên can thiệp vào chuyện này,You should intervene in this matter,
wordex_cán,Cầm chắc cán dao,Hold the knife handle firmly,
wordex_cản,Đừng cản đường tôi,Don't block my way,
wordex_cặn,Đáy ly còn lại cặn cà phê,There's coffee residue left at the bottom of the cup,
wordex_cận,Cô ấy bị cận thị,She's nearsighted,
wordex_càng,Càng nói càng rối,"The more he talks, the more confusing it gets",
wordex_căng,Không khí buổi họp rất căng thẳng,The atmosphere of the meeting was very tense,
wordex_cảng,Tàu cập cảng vào buổi sáng,The ship docks at the port in the morning,
wordex_canh,Tôi nấu một nồi canh rau,I cooked a pot of vegetable soup,
wordex_cánh,Con chim vỗ cánh bay đi,The bird flapped its wings and flew away,
wordex_cạo,Anh ấy cạo râu mỗi sáng,He shaves every morning,
wordex_cáp,Công nhân lắp đặt cáp điện,Workers install electrical cable,
wordex_cắp,Đừng ăn cắp đồ của người khác,Don't steal others' things,
wordex_cặp,Họ là một cặp đôi hạnh phúc,They are a happy couple,
wordex_cập,Tôi cần cập nhật thông tin,I need to update the information,
wordex_cát,Trẻ con chơi trên cát,Children play on the sand,
wordex_cáu,Đừng cáu gắt với tôi,Don't be irritated with me,
wordex_cấu,Cấu trúc tòa nhà rất vững chắc,The building's structure is very sturdy,
wordex_cẩu,Xe cẩu kéo chiếc xe hỏng đi,The tow truck pulls the broken car away,
wordex_cậu,"Cậu ơi, đi đâu đấy?","Hey (uncle/casual you), where are you going?",
wordex_cấy,Nông dân cấy lúa vào mùa xuân,Farmers plant rice seedlings in spring,
wordex_cậy,Đừng cậy nhờ người khác quá nhiều,Don't rely on others too much,
wordex_cha,Cha tôi làm nông dân,My father is a farmer,
wordex_chà,"Chà, đẹp quá!","Wow, so beautiful!",
wordex_chả,Tôi chả biết gì cả,I don't know anything at all (southern),
wordex_chằm,Anh ấy nhìn chằm chằm vào tôi,He stares intently at me,
wordex_châm,Bà tôi hay đi châm cứu,My grandmother often gets acupuncture,
wordex_chấm,Cuối câu cần có dấu chấm,The end of a sentence needs a period,
wordex_chạm,Đừng chạm vào đồ của người khác,Don't touch other people's things,
wordex_chăn,"Trời lạnh, đắp chăn vào","It's cold, cover yourself with the blanket",
wordex_chấn,Trận động đất gây chấn động lớn,The earthquake caused a huge shock,
wordex_chẩn,Bác sĩ chẩn đoán bệnh chính xác,The doctor diagnoses the illness accurately,
wordex_chàng,Chàng trai đó rất lịch sự,That young man is very polite,
wordex_chăng,Có lẽ trời sẽ mưa chăng?,Perhaps it will rain?,
wordex_chẳng,Tôi chẳng biết gì cả,I don't know anything at all,
wordex_chấp,Tôi không chấp nhận điều đó,I don't accept that,
wordex_chất,Chất lượng sản phẩm rất tốt,The product quality is very good,
wordex_chặt,Đừng thắt dây quá chặt,Don't tie the rope too tight,
wordex_cháu,Cháu chào ông bà ạ,Grandchild greets grandparents respectfully,
wordex_châu,Việt Nam nằm ở châu Á,Vietnam is located in Asia,
wordex_chày,Bà giã tỏi bằng chày,Grandma crushes garlic with a pestle,
wordex_chảy,Máu chảy ra từ vết thương,Blood flows from the wound,
wordex_che,Cô ấy che ô đi dưới mưa,She walked in the rain with an umbrella,
wordex_chế,Anh ấy chế tạo ra máy móc mới,He invents new machines,
wordex_chém,Anh ấy chém một nhát dao,He slashed once with a knife,
wordex_chen,Mọi người chen nhau vào cửa,Everyone squeezes through the door,
wordex_chèo,Chúng tôi chèo thuyền trên sông,We row the boat on the river,
wordex_chép,Học sinh chép bài từ bảng,Students copy the lesson from the board,
wordex_chết,Con mèo suýt chết đói,The cat almost starved to death,
wordex_chì,Cho tôi mượn cây bút chì,Let me borrow a pencil,
wordex_chĩa,Đừng chĩa súng vào người khác,Don't point a gun at people,
wordex_chích,Con ong chích tôi,The bee stings me,
wordex_chiếm,Đội quân chiếm được thành phố,The army occupied the city,
wordex_chiên,Tôi chiên trứng cho bữa sáng,I fry eggs for breakfast,
wordex_chiến,Đây là một trận chiến khó khăn,This is a difficult battle,
wordex_chiêu,Anh ấy nghĩ ra một chiêu hay,He came up with a clever trick,
wordex_chim,Con chim hót rất hay,The bird sings beautifully,
wordex_chìm,Con tàu bị chìm ngoài khơi,The ship sank offshore,
wordex_chinh,Đoàn quân chinh phục vùng đất mới,The army conquers new territory,
wordex_chó,Con chó của tôi rất ngoan,My dog is very well-behaved,
wordex_chổ,Ngồi ở chổ này đi,Sit in this spot (informal spelling),
wordex_chớ,Chớ có nói dối,Don't you dare lie,
wordex_choáng,Tôi choáng váng khi nghe tin đó,I felt dizzy hearing that news,
wordex_choàng,Cô ấy choàng khăn qua vai,She drapes a scarf over her shoulders,
wordex_chóc,Vườn nhà tôi có nhiều chim chóc,My garden has many birds,
wordex_chọc,Đừng chọc em gái tôi khóc,Don't tease my little sister until she cries,
wordex_chối,Anh ấy từ chối lời mời,He declined the invitation,
wordex_chôm,Ai đó chôm mất cây bút của tôi,Someone swiped my pen,
wordex_chôn,Họ chôn kho báu dưới đất,They buried the treasure underground,
wordex_chốn,Đây là chốn bình yên của tôi,This is my peaceful place,
wordex_chồn,Con chồn chạy nhanh vào bụi rậm,The weasel runs quickly into the thicket,
wordex_chớp,Bầu trời chớp sáng liên tục,The sky flashes continuously,
wordex_chốt,Chúng ta cần chốt lại quyết định,We need to finalize the decision,
wordex_chu,Anh ấy rất chu đáo,He's very thoughtful,
wordex_chư,Chư vị khách quý xin mời vào,"Distinguished guests, please come in",
wordex_chúa,"Chúa ơi, may quá!","Goodness, what luck!",
wordex_chứa,Cái hộp này chứa nhiều đồ,This box contains a lot of things,
wordex_chữa,Bác sĩ chữa bệnh cho tôi,The doctor treats my illness,
wordex_chục,Cho tôi một chục trứng,Give me a dozen eggs,
wordex_chui,Con mèo chui qua khe cửa,The cat crawls through the door gap,
wordex_chửi,Đừng chửi người khác,Don't curse at others,
wordex_chun,Quần này có dây chun ở eo,These pants have an elastic waistband,
wordex_chủng,Đây là một chủng loại hiếm,This is a rare species,
wordex_chuộc,Anh ấy muốn chuộc lại lỗi lầm,He wants to redeem his mistake,
wordex_chước,Anh ấy nghĩ ra một mưu chước,He came up with a scheme,
wordex_chuối,Tôi ăn một quả chuối,I eat a banana,
wordex_chuỗi,Đây là một chuỗi sự kiện liên tiếp,This is a series of consecutive events,
wordex_chuồn,Anh ấy lặng lẽ chuồn khỏi buổi họp,He quietly slipped out of the meeting,
wordex_chuông,Chuông cửa reo lên,The doorbell rings,
wordex_chuồng,Con gà ở trong chuồng,The chicken is in the coop,
wordex_chương,Tôi vừa đọc xong chương một,I just finished reading chapter one,
wordex_chuột,Có một con chuột trong bếp,There's a mouse in the kitchen,
wordex_chuyên,Anh ấy là chuyên gia trong lĩnh vực này,He's an expert in this field,
wordex_chuyền,Cầu thủ chuyền bóng cho đồng đội,The player passes the ball to a teammate,
wordex_co,Vải này bị co lại sau khi giặt,This fabric shrank after washing,
wordex_cò,Con cò đứng trên ruộng,The stork stands in the rice field,
wordex_cỗ,Gia đình chuẩn bị một cỗ tiệc lớn,The family prepares a big feast,
wordex_cỏ,Chúng tôi cắt cỏ trong sân,We mow the grass in the yard,
wordex_cớ,Anh ấy tìm cớ để nghỉ làm,He finds an excuse to skip work,
wordex_cờ,Chúng tôi chơi cờ vào buổi tối,We play chess in the evening,
wordex_cóc,Con cóc nhảy xuống ao,The toad jumped into the pond,
wordex_cốc,Cho tôi một cốc nước,Give me a cup of water,
wordex_côi,Đứa trẻ mồ côi cha mẹ,The child is orphaned,
wordex_cõi,Người ta tin vào cõi sau khi chết,People believe in the afterlife,
wordex_cởi,Cởi giày trước khi vào nhà,Take off your shoes before entering,
wordex_cớm,"Cẩn thận, có cớm ở đó","Careful, there are cops there (slang)",
wordex_cơn,Một cơn mưa lớn vừa qua,A big rainstorm just passed,
wordex_còng,Cảnh sát còng tay nghi phạm,The police handcuff the suspect,
wordex_cống,Nước mưa chảy xuống cống,Rainwater flows down the sewer,
wordex_cột,Cột đèn đứng giữa đường,The lamp post stands in the middle of the road,
wordex_cú,Con cú thức dậy vào ban đêm,The owl wakes up at night,
wordex_củ,Mẹ mua vài củ khoai tây,Mom buys a few potatoes,
wordex_cư,Gia đình tôi cư trú ở đây lâu rồi,My family has resided here for a long time,
wordex_cử,Người dân đi bầu cử,The people go vote,
wordex_cự,Đừng cự cãi với bố mẹ,Don't argue with your parents,
wordex_cụ,Cụ già ngồi nghỉ trên ghế đá,The elderly person sits resting on the stone bench,
wordex_cua,Chúng tôi ăn cua rang muối,We eat salt-fried crab,
wordex_cưa,Anh ấy cưa gỗ làm bàn,He saws wood to make a table,
wordex_cực,Cô ấy cực kỳ thông minh,She's extremely intelligent,
wordex_cục,Anh ấy làm việc ở cục thuế,He works at the tax bureau,
wordex_cúi,Anh ấy cúi đầu chào,He bows his head to greet,
wordex_cún,Con cún con rất dễ thương,The little puppy is so cute,
wordex_cung,Nhà cung cấp giao hàng đúng hẹn,The supplier delivers on time,
wordex_cứng,Cái bánh này hơi cứng,This bread is a bit hard,
wordex_cược,Đừng đặt cược quá nhiều tiền,Don't bet too much money,
wordex_cưới,Họ sẽ tổ chức đám cưới vào tháng sau,They'll hold the wedding next month,
wordex_cưỡi,Trẻ em thích cưỡi ngựa,Children like to ride horses,
wordex_cuốn,Tôi đang đọc một cuốn sách hay,I'm reading a good book,
wordex_cuộn,Cô ấy cuộn sợi len lại,She rolls up the yarn,
wordex_cuồng,Anh ấy cuồng nhiệt với bóng đá,He's crazy about soccer,
wordex_cương,Anh ấy rất cương quyết,He's very resolute,
wordex_cường,Cường độ ánh sáng rất mạnh,The light intensity is very strong,
wordex_cưỡng,Không ai được cưỡng ép người khác,No one should force others,
wordex_cướp,Có một vụ cướp xảy ra tối qua,A robbery happened last night,
wordex_cúp,Đội vô địch nhận cúp vàng,The champion team receives the gold trophy,
wordex_cút,Cút ngay khỏi đây!,Get out of here right now!,
wordex_cừu,Đàn cừu gặm cỏ trên đồi,The flock of sheep grazes on the hill,
wordex_cựu,Ông ấy là cựu chiến binh,He's a veteran,
wordex_da,Làn da của cô ấy rất đẹp,Her skin is very beautiful,
wordex_dã,Đó là một hành động dã man,That was a brutal act,
wordex_đa,Việt Nam có nền văn hóa đa dạng,Vietnam has a diverse culture,
wordex_đạc,Kỹ sư đo đạc khu đất,The engineer surveys the land,
wordex_dại,Con chó bị dại rất nguy hiểm,A rabid dog is very dangerous,
wordex_đai,Anh ấy đạt đai đen karate,He earned a black belt in karate,
wordex_đài,Tôi nghe tin tức trên đài,I listen to news on the radio,
wordex_đãi,Tôi mời bạn đãi một bữa ăn ngon,I'll treat you to a nice meal,
wordex_dám,Tôi không dám nói với anh ấy,I don't dare tell him,
wordex_dâm,Nội dung phim này có yếu tố dâm ô,This movie's content has lewd elements,
wordex_dặm,Chúng tôi đi bộ năm dặm,We walked five miles,
wordex_đam,Anh ấy rất đam mê âm nhạc,He's very passionate about music,
wordex_đám,Có một đám đông ở quảng trường,There's a crowd in the square,
wordex_đàm,Hai bên đang đàm phán hợp đồng,Both sides are negotiating a contract,
wordex_đắm,Con tàu bị đắm ngoài khơi,The ship sank offshore,
wordex_đâm,Anh ấy bị đâm bởi một con dao,He was stabbed with a knife,
wordex_đấm,Anh ấy đấm vào tường vì tức giận,He punched the wall out of anger,
wordex_đầm,Cô ấy mặc một chiếc đầm dài,She wears a long dress,
wordex_đảm,Tôi đảm bảo mọi thứ sẽ ổn,I guarantee everything will be fine,
wordex_dán,Tôi dán tem lên phong bì,I stick a stamp on the envelope,
wordex_dàn,Dàn diễn viên trong phim rất giỏi,The cast in the movie is very talented,
wordex_dân,Người dân ở đây rất thân thiện,The people here are very friendly,
wordex_dần,Trời tối dần,It's gradually getting dark,
wordex_dặn,Mẹ dặn tôi cẩn thận khi đi đường,Mom reminds me to be careful on the road,
wordex_đan,Bà tôi đan một chiếc khăn len,My grandmother knits a wool scarf,
wordex_đàn,Anh ấy chơi đàn ghi-ta,He plays the guitar,
wordex_đắn,Tôi còn đắn đo chưa quyết định,"I'm still hesitating, haven't decided yet",
wordex_đần,Đừng đứng đó như người đần,Don't stand there like a dimwit,
wordex_đạn,Người lính hết đạn,The soldier ran out of bullets,
wordex_dáng,Cô ấy có dáng người thon thả,She has a slender figure,
wordex_dàng,Việc này rất dễ dàng,This task is very easy,
wordex_dâng,Người dân dâng hương tưởng niệm,The people offer incense in remembrance,
wordex_dạng,Sản phẩm này có nhiều dạng khác nhau,This product comes in many different forms,
wordex_đáng,Món này đáng thử lắm,This dish is really worth trying,
wordex_đàng,Đi đàng nào cũng được,Either way is fine,
wordex_đẳng,Anh ấy đạt đẳng cấp cao,He achieved a high level,
wordex_đấng,Người ta cầu nguyện đấng tối cao,People pray to the supreme being,
wordex_đãng,Ông cụ khá đãng trí,The old man is quite forgetful,
wordex_đảng,Anh ấy tham gia một đảng chính trị,He joined a political party,
wordex_danh,Nhà hàng này rất nổi danh,This restaurant is very famous,
wordex_dao,Cẩn thận với con dao,Be careful with the knife,
wordex_đao,Vị tướng cầm thanh đao,The general holds a broadsword,
wordex_đáo,Hợp đồng sắp đáo hạn,The contract is about to expire,
wordex_đào,Chúng tôi đào một cái hố,We dug a hole,
wordex_đảo,Chúng tôi đi du lịch đến một hòn đảo,We're traveling to an island,
wordex_đạo,Anh ấy theo đạo Phật,He follows Buddhism,
wordex_dập,Lính cứu hỏa dập tắt đám cháy,Firefighters put out the fire,
wordex_đáp,Máy bay đã đáp xuống an toàn,The plane landed safely,
wordex_đạp,Tôi đạp xe đi làm mỗi ngày,I bike to work every day,
wordex_đập,Trái tim tôi đập nhanh hơn,My heart beats faster,
wordex_dắt,Bà dắt cháu đi qua đường,Grandma leads her grandchild across the street,
wordex_đạt,Cô ấy đạt điểm cao trong kỳ thi,She achieved a high score on the exam,
wordex_dâu,Tôi thích ăn dâu tây,I like eating strawberries,
wordex_dấu,Tôi tìm thấy dấu chân trên cát,I found footprints on the sand,
wordex_dầu,Cho thêm một ít dầu vào chảo,Add a bit more oil to the pan,
wordex_đấu,Hai đội sẽ đấu vào tối nay,The two teams will compete tonight,
wordex_dày,Cuốn sách này khá dày,This book is quite thick,
wordex_dãy,Chúng tôi ngồi ở dãy ghế đầu,We sit in the front row,
wordex_dạy,Cô ấy dạy tiếng Anh,She teaches English,
wordex_đáy,Có gì đó dưới đáy hồ,There's something at the bottom of the lake,
wordex_đậy,Đậy nắp nồi lại,Cover the pot with the lid,
wordex_dê,Con dê ăn cỏ trên núi,The goat eats grass on the mountain,
wordex_đe,Anh ấy đe dọa sẽ nghỉ việc,He threatened to quit his job,
wordex_đè,Đừng đè lên chân tôi,Don't press on my foot,
wordex_đê,Người dân đắp đê ngăn lũ,The people build a dike to hold back floods,
wordex_đế,Đôi giày này có đế rất bền,These shoes have a very durable sole,
wordex_đẽ,Cô bé rất xinh đẽ,The little girl is very pretty,
wordex_đẻ,Con mèo vừa đẻ năm con,The cat just gave birth to five kittens,
wordex_đệ,Đây là sư đệ của tôi,This is my junior fellow disciple,
wordex_đem,Đem theo áo mưa khi đi ra ngoài,Bring a raincoat when going outside,
wordex_đếm,Trẻ em học đếm số,Children learn to count numbers,
wordex_đền,Chúng tôi ghé thăm ngôi đền cổ,We visited the ancient temple,
wordex_đeo,Cô ấy đeo kính râm,She's wearing sunglasses,
wordex_đểu,Đừng chơi trò đểu với tôi,Don't play dirty tricks on me,
wordex_di,Gia đình tôi mới di chuyển đến đây,My family just moved here,
wordex_dì,Dì tôi sống ở Sài Gòn,My aunt lives in Saigon,
wordex_dĩ,Dĩ nhiên là tôi sẽ giúp bạn,Of course I'll help you,
wordex_đĩa,Đặt thức ăn lên đĩa,Put the food on the plate,
wordex_địch,Quân địch đã rút lui,The enemy troops retreated,
wordex_điếc,Ông cụ bị điếc tai phải,The old man is deaf in the right ear,
wordex_diễn,Cô ấy diễn rất hay,She performs very well,
wordex_diện,Bạn ăn mặc rất diện,You're dressed very stylishly,
wordex_điên,Đừng nói điên vậy,Don't talk crazy like that,
wordex_điền,Vui lòng điền vào biểu mẫu,Please fill in the form,
wordex_diệp,Lá cây có màu xanh nhờ diệp lục,Leaves are green thanks to chlorophyll,
wordex_điệp,Anh ấy là một điệp viên bí mật,He's a secret spy,
wordex_diệt,Chúng ta cần diệt côn trùng gây hại,We need to exterminate harmful pests,
wordex_diệu,Đó là một câu chuyện kỳ diệu,That's a wonderful story,
wordex_điếu,Anh ấy hút một điếu thuốc,He smokes a cigarette,
wordex_điệu,Cô ấy nhảy theo điệu nhạc,She dances to the rhythm,
wordex_dinh,Dinh thự này rất nguy nga,This mansion is very grand,
wordex_dính,Tay tôi bị dính kẹo,My hand is sticky with candy,
wordex_đinh,Tôi cần một cây đinh để treo tranh,I need a nail to hang the painting,
wordex_đính,Tôi đính kèm tài liệu trong email,I attach the document in the email,
wordex_dịp,Đây là dịp tốt để gặp nhau,This is a good occasion to meet,
wordex_đít,Anh ấy ngã đau đít,He fell and hurt his backside,
wordex_dịu,Giọng nói của cô ấy rất dịu dàng,Her voice is very gentle,
wordex_do,Trễ chuyến bay do thời tiết xấu,The flight was delayed due to bad weather,
wordex_dò,Cảnh sát dò tìm dấu vết,The police searched for clues,
wordex_dỗ,Mẹ dỗ em bé nín khóc,Mom soothes the baby to stop crying,
wordex_dơ,Tay tôi bị dơ,My hands are dirty (southern),
wordex_dỡ,Công nhân dỡ hàng xuống xe,Workers unload the goods from the truck,
wordex_đo,Bác sĩ đo huyết áp cho tôi,The doctor measures my blood pressure,
wordex_đô,Cái này giá bao nhiêu đô?,How many dollars is this?,
wordex_đố,Tôi đố bạn giải câu này,I challenge you to solve this riddle,
wordex_đỗ,Cô ấy đỗ đại học năm nay,She passed the university entrance exam this year,
wordex_đỏ,Cô ấy mặc chiếc váy màu đỏ,She's wearing a red dress,
wordex_độ,Nhiệt độ hôm nay khá cao,The temperature is quite high today,
wordex_đô-la,Tôi đổi tiền sang đô-la,I exchange money into dollars,
wordex_doạ,Anh ấy doạ nghỉ việc,He threatens to quit his job,
wordex_dọa,Đừng dọa tôi như vậy,Don't threaten me like that,
wordex_đoan,Cô ấy ăn mặc rất đoan trang,She dresses very modestly,
wordex_đoàn,Đoàn du khách đến từ nhiều nước,The tour group comes from many countries,
wordex_doanh,Cô ấy điều hành một doanh nghiệp lớn,She runs a large business,
wordex_đoạt,Đội tuyển đoạt huy chương vàng,The team won the gold medal,
wordex_dốc,Con đường này rất dốc,This road is very steep,
wordex_đốc,Anh ấy là giám đốc công ty,He's the company director,
wordex_dối,Đừng nói dối tôi,Don't lie to me,
wordex_dõi,Tôi luôn theo dõi tin tức,I always follow the news,
wordex_dơi,Con dơi bay ra vào ban đêm,The bat flies out at night,
wordex_dời,Chúng tôi dời nhà đến thành phố mới,We relocate to a new city,
wordex_dội,Tiếng nổ dội lại từ xa,The explosion's sound echoes from afar,
wordex_đòi,Đứa trẻ đòi mua đồ chơi,The child demands to buy a toy,
wordex_đối,Tôi đối diện với khó khăn,I'm facing difficulties,
wordex_đồi,Chúng tôi leo lên đỉnh đồi,We climbed to the top of the hill,
wordex_dồn,Công việc dồn lại quá nhiều,Work has piled up too much,
wordex_đòn,Anh ấy chịu một đòn đau,He took a painful blow,
wordex_đôn,Bà ngồi trên chiếc đôn nhỏ,Grandma sits on the small stool,
wordex_đớn,Anh ấy chịu đựng nỗi đau đớn,He endures the painful suffering,
wordex_độn,Cái gối này độn bông,This pillow is stuffed with cotton,
wordex_dòng,Dòng sông chảy qua thành phố,The river flows through the city,
wordex_đống,Có một đống rác ở góc phố,There's a pile of trash on the street corner,
wordex_đợt,Đây là đợt hàng mới nhất,This is the latest batch of goods,
wordex_dù,"Dù trời mưa, tôi vẫn đi","Even though it's raining, I'm still going",
wordex_dụ,Đừng để bị dụ dỗ,Don't let yourself be lured,
wordex_dưa,Tôi thích ăn dưa hấu,I like eating watermelon,
wordex_dựa,Tôi dựa vào kinh nghiệm của mình,I rely on my own experience,
wordex_đua,Chúng tôi tham gia đua xe đạp,We participated in a bike race,
wordex_đũa,Cho tôi thêm một đôi đũa,Give me another pair of chopsticks,
wordex_đứa,Đứa nào làm việc này?,Which kid did this?,
wordex_đức,Ông ấy là người có đạo đức tốt,He's a person with good morals,
wordex_đực,Con gà đực gáy vào buổi sáng,The rooster crows in the morning,
wordex_đùi,Đùi gà rán rất ngon,Fried chicken thighs are delicious,
wordex_dùm,Giữ dùm tôi cái này,Hold this for me please,
wordex_dung,Nội dung bài viết rất hay,The article's content is very good,
wordex_dũng,Anh ấy rất dũng cảm,He's very brave,
wordex_đựng,Cái hộp này đựng đồ chơi,This box holds toys,
wordex_đụng,Xe của tôi bị đụng phải,My car got hit,
wordex_dược,Cô ấy làm việc trong ngành dược phẩm,She works in the pharmaceutical industry,
wordex_dưới,Con mèo nằm dưới bàn,The cat is lying under the table,
wordex_đuôi,Con chó vẫy đuôi vui mừng,The dog wags its tail happily,
wordex_đuối,Tôi cảm thấy đuối sức,I feel exhausted,
wordex_đuổi,Con chó đuổi theo con mèo,The dog chased after the cat,
wordex_dương,Chúng tôi bay qua Thái Bình Dương,We flew over the Pacific Ocean,
wordex_dường,Dường như trời sắp mưa,It seems like it's about to rain,
wordex_đương,Đương nhiên tôi sẽ giúp bạn,Of course I'll help you,
wordex_dứt,Cơn đau đã dứt hẳn,The pain has completely stopped,
wordex_đứt,Sợi dây bị đứt,The rope snapped,
wordex_duy,Đây là lựa chọn duy nhất,This is the only choice,
wordex_duyên,Cô ấy có duyên khi cười,She has charm when she smiles,
wordex_ê,"Ê, đợi tôi với!","Hey, wait for me!",
wordex_êm,Chiếc xe chạy rất êm,The car runs very smoothly,
wordex_ép,Đừng ép tôi làm việc đó,Don't force me to do that,
wordex_gà,Chúng tôi nuôi gà trong sân,We raise chickens in the yard,
wordex_gã,Gã đó trông đáng ngờ,That guy looks suspicious,
wordex_gác,Người bảo vệ gác cổng công ty,The guard watches the company gate,
wordex_gạch,Ngôi nhà xây bằng gạch đỏ,The house is built with red bricks,
wordex_gai,Cây hồng có nhiều gai,The rose bush has many thorns,
wordex_gài,Anh ấy gài bẫy con thú,He sets a trap for the animal,
wordex_gầm,Con sư tử gầm vang cả khu rừng,The lion's roar echoes through the whole forest,
wordex_gan,Anh ấy rất gan dạ,He's very brave,
wordex_gắn,Tôi gắn camera trước cửa nhà,I installed a camera at the front door,
wordex_găng,Đeo găng tay khi trời lạnh,Wear gloves when it's cold,
wordex_gánh,Bà bán hàng gánh rong,The woman carries goods on a shoulder pole to sell,
wordex_gấp,Đây là việc gấp cần giải quyết ngay,This is an urgent matter to resolve now,
wordex_gạt,Đừng để bị gạt bởi lời ngọt ngào,Don't be deceived by sweet words,
wordex_gấu,Chúng tôi thấy một con gấu trong rừng,We saw a bear in the forest,
wordex_gầy,Cô ấy trông khá gầy,She looks quite thin,
wordex_gãy,Anh ấy bị gãy tay khi chơi thể thao,He broke his arm while playing sports,
wordex_gậy,Ông cụ chống gậy đi bộ,The old man walks with a cane,
wordex_gen,Bệnh này liên quan đến gen di truyền,This disease is related to genetics,
wordex_ghen,Đừng ghen tuông vô cớ,Don't be jealous for no reason,
wordex_ghép,Hai mảnh này ghép lại vừa khít,These two pieces fit together perfectly,
wordex_ghét,Tôi ghét trời mưa,I hate rainy weather,
wordex_già,Ông ấy đã già rồi,He's already old,
wordex_giả,Đây là hàng giả,This is a fake product,
wordex_giai,Anh ấy là một chàng giai đẹp trai,He's a handsome young man,
wordex_giam,Anh ấy bị giam trong tù,He's detained in prison,
wordex_giám,Cô ấy là giám đốc công ty,She's the company director,
wordex_gián,Có một con gián trong nhà bếp,There's a cockroach in the kitchen,
wordex_giản,Cuộc sống ở đây rất đơn giản,Life here is very simple,
wordex_giang,Trường Giang là con sông dài nhất châu Á,The Yangtze is the longest river in Asia,
wordex_giáng,Chúng tôi mừng lễ Giáng sinh,We celebrate Christmas,
wordex_giảng,Giáo sư giảng bài rất dễ hiểu,The professor lectures very clearly,
wordex_giành,Đội của tôi giành chiến thắng,My team won the victory,
wordex_giáo,Anh ấy theo tôn giáo Phật,He follows the Buddhist religion,
wordex_giáp,Người lính mặc áo giáp,The soldier wears armor,
wordex_giật,Ai đó giật túi xách của cô ấy,Someone snatched her bag,
wordex_giàu,Ông ấy là một người rất giàu,He's a very wealthy person,
wordex_giấu,Anh ấy giấu quà ở dưới giường,He hid the gift under the bed,
wordex_giây,Chờ tôi một giây thôi,Wait just a second,
wordex_giầy,Cho tôi mua một đôi giầy mới,Let me buy a new pair of shoes,
wordex_giếng,Ngày xưa người ta lấy nước từ giếng,"In the past, people got water from wells",
wordex_giết,Đừng giết côn trùng vô cớ,Don't kill insects for no reason,
wordex_gìn,Chúng ta cần gìn giữ truyền thống,We need to preserve traditions,
wordex_giơ,Học sinh giơ tay phát biểu,The student raises their hand to speak,
wordex_giở,Cô ấy giở từng trang sách,She turns each page of the book,
wordex_giời,"Giời ơi, sao lại thế này!","Good heavens, why is it like this!",
wordex_giỡn,Đừng giỡn với tôi,Don't joke around with me,
wordex_giọng,Cô ấy có giọng nói dễ thương,She has a lovely voice,
wordex_giọt,Một giọt mưa rơi xuống,A drop of rain falls,
wordex_giữa,Cửa hàng nằm giữa hai toà nhà,The shop is between two buildings,
wordex_giùm,Bạn xách giùm tôi cái này nhé,Please carry this for me,
wordex_giường,Tôi mua một chiếc giường mới,I bought a new bed,
wordex_gỗ,Cái bàn này làm bằng gỗ,This table is made of wood,
wordex_gõ,Ai đó đang gõ cửa,Someone is knocking on the door,
wordex_gỡ,Tôi cần gỡ rối chuyện này,I need to untangle this problem,
wordex_gốc,Cây có gốc rất chắc,The tree has a very sturdy root,
wordex_gối,Đầu gối tôi bị đau,My knee hurts,
wordex_gởi,Tôi gởi thư cho bạn,I sent you a letter (southern spelling),
wordex_gợi,Bài hát này gợi lại kỷ niệm cũ,This song evokes old memories,
wordex_gớm,Mùi này gớm quá,This smell is disgusting,
wordex_góp,Mọi người góp tiền mua quà,Everyone chipped in money to buy a gift,
wordex_gục,Anh ấy gục xuống vì mệt,He collapsed from exhaustion,
wordex_gũi,Chúng tôi rất gần gũi với nhau,We're very close to each other,
wordex_gươm,Vị tướng cầm thanh gươm sắc bén,The general holds a sharp sword,
wordex_gương,Cô ấy soi gương trước khi ra ngoài,She checks the mirror before going out,
wordex_hà,Chúng tôi sống ở Hà Nội,We live in Hanoi,
wordex_hắc,Bầu trời tối hắc ám,The sky is pitch dark,
wordex_hack,Có người cố hack vào tài khoản của tôi,Someone tried to hack into my account,
wordex_hái,Chúng tôi hái táo trong vườn,We pick apples in the garden,
wordex_hãi,Cảnh đó thật đáng sợ hãi,That scene was truly frightening,
wordex_hại,Hút thuốc có hại cho sức khoẻ,Smoking is harmful to health,
wordex_ham,Đừng ham lợi trước mắt,Don't be greedy for immediate gain,
wordex_hàm,Câu nói đó có hàm ý sâu xa,That statement has a deep implication,
wordex_hầm,Chúng tôi trú trong hầm khi mưa bão,We took shelter in the basement during the storm,
wordex_hãm,Anh ấy hãm phanh gấp,He slams on the brakes,
wordex_hạm,Hạm đội hải quân ra khơi,The naval fleet sets sail,
wordex_hàn,Thợ hàn sửa lại khung sắt,The welder repairs the steel frame,
wordex_hắn,Hắn không nói gì cả,He didn't say anything,
wordex_hẳn,Bạn hẳn là đang mệt lắm,You must be really tired,
wordex_hận,Cô ấy không hề oán hận ai,She doesn't resent anyone at all,
wordex_hang,Chúng tôi khám phá một cái hang,We explored a cave,
wordex_hằng,Cô ấy tập thể dục hằng ngày,She exercises every day,
wordex_hạng,Chúng tôi ngồi ghế hạng nhất,We're sitting in first class,
wordex_hãnh,Cha mẹ rất hãnh diện về con,Parents are very proud of their child,
wordex_hảo,Đây là mối quan hệ hữu hảo,This is a friendly relationship,
wordex_hạt,Tôi trồng một hạt giống,I planted a seed,
wordex_hầu,Anh ấy hầu như không bao giờ trễ,He's almost never late,
wordex_hậu,Hậu quả rất nghiêm trọng,The consequences are very serious,
wordex_hè,Chúng tôi đi biển vào mùa hè,We go to the beach in summer,
wordex_hề,Tôi không hề biết chuyện này,I didn't know about this at all,
wordex_hèn,Đừng làm kẻ hèn nhát,Don't be a coward,
wordex_heo,Trang trại nuôi rất nhiều heo,The farm raises a lot of pigs,
wordex_hẹp,Con hẻm này rất hẹp,This alley is very narrow,
wordex_hét,Cô ấy hét lên vì sợ hãi,She screamed out of fear,
wordex_hệt,Hai anh em giống hệt nhau,The two brothers look exactly alike,
wordex_hiến,Anh ấy hiến máu định kỳ,He donates blood regularly,
wordex_hiền,Bà tôi rất hiền,My grandmother is very gentle,
wordex_hiển,Điều đó là hiển nhiên,That's obvious,
wordex_hiện,Anh ấy hiện đang ở Hà Nội,He is currently in Hanoi,
wordex_hiếu,Con cái phải có hiếu với cha mẹ,Children must be filial to their parents,
wordex_hít,Hít một hơi thật sâu,Take a really deep breath,
wordex_hô,Đám đông hô vang khẩu hiệu,The crowd chants slogans loudly,
wordex_hố,Có một cái hố sâu trên đường,There's a deep pit on the road,
wordex_hỗ,Chúng tôi hỗ trợ lẫn nhau,We support each other,
wordex_hổ,Con hổ rất mạnh mẽ,The tiger is very powerful,
wordex_hở,Áo này hơi hở quá,This shirt is a bit too revealing,
wordex_hoa,Cô ấy tặng tôi một bó hoa,She gave me a bouquet of flowers,
wordex_hoà,Trận đấu kết thúc với tỉ số hoà,The match ended in a draw,
wordex_hòa,Trận đấu kết thúc với tỉ số hòa,The match ended in a draw,
wordex_hỏa,Xe cứu hỏa đến rất nhanh,The fire truck arrived very quickly,
wordex_họa,Thiên tai gây ra nhiều tai họa,Natural disasters cause much calamity,
wordex_hoạch,Chúng ta cần một kế hoạch rõ ràng,We need a clear plan,
wordex_hoại,Vi khuẩn gây hoại tử vết thương,Bacteria cause tissue damage in the wound,
wordex_hoan,Mọi người hoan nghênh vị khách mới,Everyone welcomes the new guest,
wordex_hoạn,Gia đình gặp hoạn nạn,The family faced misfortune,
wordex_hoàng,Đây là cung điện của hoàng gia,This is the royal palace,
wordex_hoảng,"Đừng hoảng loạn, mọi thứ sẽ ổn","Don't panic, everything will be fine",
wordex_hoành,Buổi lễ tổ chức rất hoành tráng,The ceremony is held very grandly,
wordex_hôi,Đôi giày này hôi quá,These shoes smell terrible,
wordex_hối,Tôi hối hận vì đã nói vậy,I regret saying that,
wordex_hỡi,"Hỡi các bạn, hãy lắng nghe tôi","Friends, please listen to me",
wordex_hội,Chúng tôi tham gia hội chợ,We took part in the fair,
wordex_hòn,Chúng tôi bơi ra một hòn đảo nhỏ,We swam out to a small island,
wordex_hồn,Bức tranh này có hồn,This painting has soul,
wordex_hỗn,Đứa trẻ đó rất hỗn láo,That child is very rude,
wordex_hòng,Hắn nói dối hòng che giấu sự thật,He lies in order to hide the truth,
wordex_hồng,Cô ấy tặng tôi một bông hồng,She gave me a rose,
wordex_hổng,Tui hổng biết đâu,I don't know at all (southern),
wordex_hù,Đừng hù tôi như vậy,Don't scare me like that,
wordex_hư,Chiếc xe đạp của tôi bị hư,My bicycle is broken,
wordex_hử,Cái gì hử?,"What is it, huh?",
wordex_hứa,Tôi hứa sẽ đến đúng giờ,I promise to arrive on time,
wordex_huấn,Anh ấy tham gia khóa huấn luyện,He's attending a training course,
wordex_huệ,Cô ấy mua một bó hoa huệ,She buys a bunch of lilies,
wordex_hung,Con thú đó rất hung dữ,That animal is very ferocious,
wordex_hùng,Anh ấy là một anh hùng,He's a hero,
wordex_huống,"Trời lạnh thế này, huống chi là ban đêm","It's this cold, let alone at night",
wordex_hương,Hương hoa lan rất thơm,The orchid's fragrance is lovely,
wordex_hưởng,Chúng ta nên hưởng thụ cuộc sống,We should enjoy life,
wordex_hụt,Tôi hụt hẫng vì không đạt được mục tiêu,I felt let down for not reaching my goal,
wordex_hưu,Ông tôi vừa nghỉ hưu,My grandfather just retired,
wordex_hữu,Anh ấy là bạn hữu thân thiết,He's a close friend,
wordex_huy,Anh ấy huy động mọi người giúp đỡ,He mobilized everyone to help,
wordex_hủy,Chuyến bay bị hủy do bão,The flight was canceled due to the storm,
wordex_huyền,Đây là một câu chuyện huyền bí,This is a mysterious story,
wordex_huyết,Cô ấy bị cao huyết áp,She has high blood pressure,
wordex_huynh,Xin chào huynh đệ,"Greetings, brother",
wordex_ích,Việc này rất có ích,This is very useful,
wordex_im,Cả lớp im lặng lắng nghe,The whole class listened in silence,
wordex_in,Tôi cần in tài liệu này,I need to print this document,
wordex_internet,Nhà tôi vừa lắp internet,My house just got internet installed,
wordex_kế,Ngồi kế bên tôi đi,Sit next to me,
wordex_kem,Trẻ con thích ăn kem,Children love eating ice cream,
wordex_kèn,Anh ấy thổi kèn trong ban nhạc,He plays the trumpet in the band,
wordex_kênh,Tôi chuyển sang kênh khác,I switch to a different channel,
wordex_kéo,Cho tôi mượn cây kéo,Let me borrow the scissors,
wordex_kẹo,Trẻ em thích ăn kẹo,Children like to eat candy,
wordex_kẹp,Cô ấy dùng kẹp giấy,She uses a paper clip,
wordex_két,Tiền được cất trong két sắt,The money is kept in the safe,
wordex_khả,Anh ấy có khả năng lãnh đạo tốt,He has good leadership ability,
wordex_khắc,Anh ấy khắc tên lên gỗ,He carved a name into the wood,
wordex_khai,Buổi lễ khai mạc bắt đầu,The opening ceremony begins,
wordex_khái,Tôi chưa hiểu rõ khái niệm này,I don't fully understand this concept yet,
wordex_khán,Khán giả vỗ tay nồng nhiệt,The audience applauds warmly,
wordex_khăn,Cho tôi mượn cái khăn,Let me borrow a towel,
wordex_khẩn,Đây là tình huống khẩn cấp,This is an emergency situation,
wordex_kháng,Cơ thể cần sức đề kháng tốt,The body needs good resistance,
wordex_khẳng,Anh ấy khẳng định điều đó là đúng,He affirms that it's true,
wordex_khao,Anh ấy khao cả nhóm một bữa ăn,He treats the whole group to a meal,
wordex_khảo,Nhà khoa học khảo sát khu vực,The scientist surveys the area,
wordex_khắp,Tin tức lan truyền khắp nơi,The news spread everywhere,
wordex_khấu,Tiền lương bị khấu trừ thuế,The salary has tax deducted,
wordex_khe,Ánh sáng lọt qua khe cửa,Light shines through the door gap,
wordex_khéo,Cô ấy rất khéo tay,She's very skillful with her hands,
wordex_khí,Không khí ở đây trong lành,The air here is fresh,
wordex_khỉ,Con khỉ leo trèo trên cây,The monkey climbs the tree,
wordex_khích,Đừng khích tướng tôi,Don't provoke me,
wordex_khiên,Người lính cầm khiên và giáo,The soldier holds a shield and spear,
wordex_khiến,Câu chuyện đó khiến tôi buồn,That story made me sad,
wordex_khiển,Cho tôi mượn cái điều khiển,Let me borrow the remote control,
wordex_khiếp,Tôi khiếp sợ khi thấy con rắn,I was terrified seeing the snake,
wordex_khiết,Nước suối này rất thanh khiết,This spring water is very pure,
wordex_khiêu,Họ khiêu vũ rất đẹp,They dance beautifully,
wordex_khinh,Đừng khinh thường người khác,Don't look down on others,
wordex_khô,Thời tiết ở đây rất khô,The weather here is very dry,
wordex_khổ,Cuộc sống của họ rất khổ,Their life is very hard,
wordex_khờ,Đừng ngây thơ và khờ dại như vậy,Don't be so naive and foolish,
wordex_khoa,Cô ấy học khoa y,She studies in the medical faculty,
wordex_khỏa,Bức tượng khỏa thân trong bảo tàng,The nude statue in the museum,
wordex_khoác,Cô ấy khoác áo lạnh trước khi ra ngoài,She puts on a coat before going out,
wordex_khoái,Tôi khoái món này lắm,I really enjoy this dish,
wordex_khoan,"Khoan đã, để tôi suy nghĩ","Wait a moment, let me think",
wordex_khoang,Hành khách ngồi trong khoang máy bay,Passengers sit in the airplane cabin,
wordex_khoảnh,Đó là một khoảnh khắc đáng nhớ,That's a memorable moment,
wordex_khóc,Em bé khóc suốt đêm,The baby cried all night,
wordex_khoe,Cô ấy khoe chiếc váy mới,She shows off her new dress,
wordex_khói,Khói bốc lên từ ống khói,Smoke rises from the chimney,
wordex_khôi,Chính phủ khôi phục lại nền kinh tế,The government restores the economy,
wordex_khối,Có một khối đá lớn ở đây,There's a large block of stone here,
wordex_khơi,Câu chuyện khơi lại ký ức cũ,The story stirs up old memories,
wordex_khôn,Con chó này rất khôn,This dog is very smart,
wordex_khốn,Đúng là tình huống khốn khổ,It's truly a miserable situation,
wordex_khống,Chính phủ khống chế dịch bệnh,The government controls the epidemic,
wordex_khổng,Con voi này khổng lồ,This elephant is enormous,
wordex_khớp,Câu trả lời không khớp với câu hỏi,The answer doesn't match the question,
wordex_khứ,Đừng sống mãi trong quá khứ,Don't live forever in the past,
wordex_khử,Bệnh viện khử trùng dụng cụ y tế,The hospital sterilizes medical equipment,
wordex_khuẩn,Rửa tay để diệt vi khuẩn,Wash your hands to kill bacteria,
wordex_khuất,Mặt trời khuất sau ngọn núi,The sun disappears behind the mountain,
wordex_khúc,Anh ấy chơi một khúc nhạc hay,He plays a beautiful piece of music,
wordex_khung,Bức tranh có một khung gỗ đẹp,The painting has a beautiful wooden frame,
wordex_khùng,Đừng nói khùng vậy,Don't talk crazy like that,
wordex_khủng,Bộ phim đó có cảnh khủng khiếp,That movie has a terrifying scene,
wordex_khuôn,Chiếc bánh này đúc theo khuôn,This cake is molded in a shape,
wordex_khuyên,Bác sĩ khuyên tôi nên nghỉ ngơi,The doctor advised me to rest,
wordex_khuyến,Cửa hàng khuyến khích khách mua nhiều,The store encourages customers to buy more,
wordex_kì,Kì nghỉ này thật tuyệt vời,This vacation is truly wonderful,
wordex_kĩ,Hãy kiểm tra kĩ trước khi gửi,Please check carefully before sending,
wordex_kỉ,Đây là một kỉ vật quý giá,This is a precious keepsake,
wordex_kìa,"Nhìn kìa, đẹp quá!","Look there, so beautiful!",
wordex_kích,Âm thanh kích thích trí tò mò của tôi,The sound stimulated my curiosity,
wordex_kịch,Tối nay chúng tôi đi xem kịch,Tonight we're going to see a play,
wordex_kiếm,Tôi đang kiếm việc làm,I'm looking for a job,
wordex_kiềm,Anh ấy cố kiềm chế cơn giận,He tries to restrain his anger,
wordex_kiệm,Bà tôi sống rất tiết kiệm,My grandmother lives very frugally,
wordex_kiên,Anh ấy rất kiên nhẫn,He's very patient,
wordex_kiếp,Đây có lẽ là số phận của kiếp này,Perhaps this is the fate of this lifetime,
wordex_kiệt,Tôi kiệt sức sau chuyến đi dài,I'm exhausted after the long trip,
wordex_kiêu,Đừng kiêu ngạo như vậy,Don't be so arrogant,
wordex_kim,Kim đồng hồ chỉ mười giờ,The clock's hand points to ten,
wordex_kín,Đóng cửa thật kín nhé,Close the door tightly,
wordex_ko,Tôi ko đi được,I can't go (informal spelling),
wordex_kỵ,Số bốn bị kiêng kỵ ở một số nước châu Á,The number four is taboo in some Asian countries,
wordex_la,Đừng la hét trong thư viện,Don't shout in the library,
wordex_lá,Lá cây rụng đầy sân,Leaves have fallen all over the yard,
wordex_lắc,Cô ấy lắc đầu từ chối,She shakes her head to refuse,
wordex_lách,Anh ấy lách qua đám đông,He squeezes through the crowd,
wordex_lai,Tôi lo lắng về tương lai,I'm worried about the future,
wordex_lam,Bầu trời màu lam nhạt,The sky is pale blue,
wordex_lầm,Tôi nghĩ bạn đã lầm rồi,I think you're mistaken,
wordex_lãm,Chúng tôi đi xem triển lãm nghệ thuật,We go see an art exhibition,
wordex_lạm,Đừng lạm dụng quyền lực,Don't abuse power,
wordex_lan,Tin đồn lan nhanh trong công ty,The rumor spread quickly in the company,
wordex_lăn,Quả bóng lăn xuống dốc,The ball rolls down the slope,
wordex_lẩn,Anh ấy lẩn tránh câu hỏi,He evades the question,
wordex_lặn,Anh ấy học lặn biển,He's learning to scuba dive,
wordex_lận,Anh ấy gặp nhiều lận đận trong đời,He faced a lot of hardship in life,
wordex_làng,Tôi lớn lên ở một làng nhỏ,I grew up in a small village,
wordex_lăng,Chúng tôi tham quan lăng vua,We visit the king's mausoleum,
wordex_lãng,Đừng lãng phí thời gian,Don't waste time,
wordex_lặng,Cả căn phòng im lặng,The whole room was silent,
wordex_lánh,Họ lánh nạn đến vùng an toàn,They fled to a safe area,
wordex_lãnh,Ông ấy lãnh đạo công ty rất tốt,He leads the company very well,
wordex_lao,Anh ấy lao xuống hồ bơi,He dove into the pool,
wordex_láo,Đừng nói láo với tôi,Don't lie to me rudely,
wordex_lão,Ông lão sống một mình,The old man lives alone,
wordex_lắp,Thợ điện lắp bóng đèn mới,The electrician installs a new light bulb,
wordex_lấp,Công nhân lấp ổ gà trên đường,Workers fill in the pothole on the road,
wordex_lạp,Tôi mua một cân lạp xưởng,I bought a kilo of Chinese sausage,
wordex_lặp,Đừng lặp lại lỗi cũ,Don't repeat the old mistake,
wordex_lập,Anh ấy lập một công ty mới,He established a new company,
wordex_lật,Cô ấy lật trang sách,She flips the page of the book,
wordex_lau,Tôi lau bàn sạch sẽ,I wipe the table clean,
wordex_lầu,Phòng tôi ở trên lầu ba,My room is on the third floor,
wordex_lậu,Hàng lậu bị hải quan tịch thu,Smuggled goods were confiscated by customs,
wordex_lây,Bệnh này rất dễ lây,This disease is very contagious,
wordex_lẫy,Anh ấy nổi tiếng lẫy lừng,He's tremendously famous,
wordex_lạy,Con lạy ông bà,I bow to my grandparents,
wordex_lê,Anh ấy lê bước về nhà,He drags his feet home,
wordex_lề,Đi trên lề đường cho an toàn,Walk on the sidewalk for safety,
wordex_lễ,Lễ cưới diễn ra vào cuối tuần,The wedding ceremony happens this weekend,
wordex_lẹ,Làm lẹ lên,Hurry up (southern),
wordex_lệ,Anh ấy rơi lệ khi nghe tin buồn,He shed tears when hearing the sad news,
wordex_lệch,Bức tranh treo bị lệch,The hanging painting is tilted,
wordex_len,Bà tôi đan áo len,My grandmother knits a wool sweater,
wordex_lén,Anh ấy lén nhìn qua cửa sổ,He secretly peeks through the window,
wordex_lẻn,Ai đó lẻn vào nhà lúc nửa đêm,Someone sneaked into the house at midnight,
wordex_lệnh,Anh ấy tuân theo mệnh lệnh,He follows the order,
wordex_leo,Chúng tôi leo lên đỉnh núi,We climbed to the mountain peak,
wordex_li,Cho tôi một li nước cam,Give me a glass of orange juice,
wordex_lí,Điều này không có lí lẽ gì cả,This makes no sense at all,
wordex_liếm,Con chó liếm tay chủ,The dog licks its owner's hand,
wordex_liệt,Ông ấy bị liệt nửa người,He's paralyzed on one side,
wordex_liều,Bác sĩ kê một liều thuốc,The doctor prescribes a dose of medicine,
wordex_liễu,Cây liễu rủ bên hồ,The willow tree droops by the lake,
wordex_lính,Người lính bảo vệ đất nước,The soldier protects the country,
wordex_lĩnh,Cô ấy lĩnh lương vào cuối tháng,She receives her salary at the end of the month,
wordex_líu,Đàn chim hót líu lo,The flock of birds chirps melodiously,
wordex_lố,Bộ trang phục đó hơi lố,That outfit is a bit over the top,
wordex_lồ,Toà nhà này khổng lồ,This building is enormous,
wordex_lơ,Đừng lơ là việc học,Don't neglect your studies,
wordex_lờ,Anh ấy lờ đi lời khuyên của tôi,He ignores my advice,
wordex_lỡ,Tôi lỡ chuyến xe buýt,I missed the bus,
wordex_lọ,Cho tôi một lọ nước hoa,Give me a bottle of perfume,
wordex_lộ,Bí mật đã bị lộ ra ngoài,The secret has been leaked,
wordex_loài,Đây là một loài chim quý hiếm,This is a rare species of bird,
wordex_loạn,Tình hình trở nên hỗn loạn,The situation became chaotic,
wordex_loạt,Có một loạt sự kiện xảy ra,A series of events happened,
wordex_lôi,Đừng lôi tôi vào chuyện này,Don't drag me into this,
wordex_lõi,Lõi táo còn sót lại trên bàn,The apple core is left on the table,
wordex_lợi,Việc này có lợi cho sức khoẻ,This is beneficial for health,
wordex_lợn,Trang trại nuôi lợn,The farm raises pigs,
wordex_lộn,Đừng nhầm lộn hai thứ này,Don't mix up these two things,
wordex_long,Cung điện có hình rồng long trọng,The palace has a grand dragon design,
wordex_lòng,Cảm ơn tấm lòng của bạn,Thank you for your kindness,
wordex_lông,Con mèo có bộ lông mềm mại,The cat has soft fur,
wordex_lồng,Con chim ở trong lồng,The bird is in the cage,
wordex_lỏng,Ốc vít này bị lỏng,This screw is loose,
wordex_lót,Lót một tấm khăn lên giường,Lay a cloth on the bed,
wordex_lọt,Đồng xu lọt vào khe hở,The coin fell into the gap,
wordex_lột,Anh ấy lột vỏ trái cây,He peels the fruit,
wordex_lũ,Nước lũ dâng cao,The floodwater is rising,
wordex_lừa,Đừng để bị lừa gạt,Don't get deceived,
wordex_luân,Chúng tôi luân phiên trực đêm,We take turns on night shift,
wordex_luật,Luật giao thông rất nghiêm,Traffic law is very strict,
wordex_lục,Việt Nam nằm trên lục địa châu Á,Vietnam is located on the Asian continent,
wordex_lui,Quân đội lui về phía sau,The army retreated,
wordex_lùi,Xe lùi lại từ từ,The car backs up slowly,
wordex_lùn,Cây này khá lùn so với những cây khác,This tree is quite short compared to others,
wordex_lung,Chiếc ghế này lung lay quá,This chair is too wobbly,
wordex_lùng,Cảnh sát lùng bắt tội phạm,The police hunt down criminals,
wordex_lũng,Ngôi làng nằm sâu trong thung lũng hẹp,The village sits deep in a narrow valley,
wordex_lưng,Lưng tôi bị đau,My back hurts,
wordex_lược,Cho tôi mượn cây lược,Let me borrow a comb,
wordex_lưới,Ngư dân kéo lưới lên thuyền,The fisherman pulls the net onto the boat,
wordex_lười,Đừng lười biếng như vậy,Don't be so lazy,
wordex_lưỡi,Lưỡi tôi bị bỏng vì canh nóng,My tongue got burned by hot soup,
wordex_lượn,Con diều lượn trên bầu trời,The kite glides in the sky,
wordex_lưỡng,Tôi cứ lưỡng lự mãi không quyết định được,I keep hesitating and can't decide,
wordex_lướt,Tôi thích lướt web vào buổi tối,I like browsing the web in the evening,
wordex_lựu,Anh ấy ném một quả lựu đạn,He throws a grenade,
wordex_mạc,Đây là một vùng sa mạc rộng lớn,This is a vast desert region,
wordex_mạch,Bác sĩ bắt mạch cho bệnh nhân,The doctor takes the patient's pulse,
wordex_mãi,Tôi sẽ nhớ mãi kỷ niệm này,I will remember this memory forever,
wordex_mại,Hai nước ký hiệp định thương mại,The two countries sign a trade agreement,
wordex_màn,Kéo màn cửa lại,Draw the curtains,
wordex_mãn,Tôi rất mãn nguyện với cuộc sống,I'm very content with life,
wordex_mạn,Câu chuyện có phần lãng mạn,The story has a romantic side,
wordex_màng,Trứng có một lớp màng mỏng,The egg has a thin membrane,
wordex_mạng,Tôi cần kết nối mạng,I need to connect to the network,
wordex_manh,Cảnh sát tìm ra manh mối,The police found a clue,
wordex_mánh,Anh ấy dùng mánh khóe để lừa người khác,He uses tricks to deceive others,
wordex_mãnh,Con hổ là loài thú mãnh liệt,The tiger is a fierce animal,
wordex_mạo,Đừng mạo hiểm khi không cần thiết,Don't take risks unnecessarily,
wordex_mập,Con mèo này khá mập,This cat is quite chubby,
wordex_mát,Trời hôm nay khá mát,The weather is quite cool today,
wordex_mắt,Mắt tôi bị đau,My eyes hurt,
wordex_máu,Anh ấy bị chảy máu,He's bleeding,
wordex_mẫu,Cho tôi xem mẫu sản phẩm,Show me a sample of the product,
wordex_mày,Mày làm gì vậy?,What are you doing? (very informal),
wordex_mây,Bầu trời đầy mây,The sky is full of clouds,
wordex_mê,Tôi mê phim hành động,I'm obsessed with action movies,
wordex_mẽ,Anh ấy hay khoe mẽ với mọi người,He often shows off to everyone,
wordex_mẻ,Đây là mẻ bánh đầu tiên,This is the first batch of bread,
wordex_mềm,Chiếc gối này rất mềm,This pillow is very soft,
wordex_men,Bánh mì cần có men để nở,Bread needs yeast to rise,
wordex_mến,Mọi người đều mến cô ấy,Everyone is fond of her,
wordex_mệnh,Đây là số mệnh của mỗi người,This is everyone's destiny,
wordex_mèo,Con mèo của tôi rất dễ thương,My cat is very cute,
wordex_mét,Con đường dài khoảng một trăm mét,The road is about one hundred meters long,
wordex_mi,Lông mi của cô ấy dài,Her eyelashes are long,
wordex_mĩ,Cảnh vật nơi đây thật mĩ lệ,The scenery here is truly beautiful,
wordex_miện,Nữ hoàng đội vương miện,The queen wears a crown,
wordex_miếng,Cho tôi một miếng bánh,Give me a piece of cake,
wordex_miệng,Đóng miệng lại và ăn,Close your mouth and eat,
wordex_miêu,Nhà văn miêu tả cảnh vật rất sinh động,The writer describes the scenery very vividly,
wordex_minh,Anh ấy rất thông minh,He's very intelligent,
wordex_mò,Tôi mò tìm chìa khóa trong bóng tối,I fumbled for the keys in the dark,
wordex_mô,Chúng tôi xây một mô hình thu nhỏ,We built a scaled-down model,
wordex_mồ,Chúng tôi thăm mồ tổ tiên,We visit our ancestors' graves,
wordex_mổ,Bác sĩ mổ ca phẫu thuật thành công,The doctor performed a successful surgery,
wordex_mỏ,Con chim có cái mỏ dài,The bird has a long beak,
wordex_mơ,Tối qua tôi mơ thấy bạn,Last night I dreamed about you,
wordex_mớ,Cô ấy mua một mớ rau,She bought a bunch of vegetables,
wordex_mờ,Kính bị mờ vì hơi nước,The glasses are fogged up from steam,
wordex_mỡ,Món này có nhiều mỡ quá,This dish has too much fat,
wordex_mợ,Mợ tôi nấu ăn rất ngon,My aunt cooks very well,
wordex_mộ,Chúng tôi đến thăm mộ ông bà,We visited our grandparents' grave,
wordex_móc,Treo áo lên móc,Hang the coat on the hook,
wordex_mọc,Cây con mọc lên từ đất,The young plant sprouts from the soil,
wordex_mộc,Ngôi nhà có phong cách mộc mạc,The house has a rustic style,
wordex_moi,Cảnh sát moi thông tin từ nghi phạm,The police extract information from the suspect,
wordex_môi,Cô ấy tô son môi màu đỏ,She applied red lipstick,
wordex_mối,Chúng tôi có mối quan hệ tốt,We have a good relationship,
wordex_mồi,Người câu cá dùng mồi tôm,The angler uses shrimp bait,
wordex_mỏi,Chân tôi mỏi sau khi đi bộ,My legs are sore after walking,
wordex_mồm,Đừng nói lớn mồm như vậy,Don't talk so loudly,
wordex_môn,Tôi thích môn toán học,I like the subject of math,
wordex_móng,Cô ấy sơn móng tay màu đỏ,She paints her nails red,
wordex_mông,Anh ấy ngã và đau mông,He fell and hurt his backside,
wordex_mỏng,Chiếc điện thoại này rất mỏng,This phone is very thin,
wordex_mộng,Đó chỉ là một giấc mộng,That was just a dream,
wordex_mu,Vết sẹo ở mu bàn tay anh ấy,There's a scar on the back of his hand,
wordex_mù,Ông cụ bị mù từ nhỏ,The old man has been blind since childhood,
wordex_mụ,Trong truyện có một mụ phù thủy,In the story there's a witch,
wordex_múa,Các em nhỏ múa trên sân khấu,The children dance on stage,
wordex_mùa,Mùa hè năm nay rất nóng,This summer is very hot,
wordex_mức,Mức lương của anh ấy khá cao,His salary level is quite high,
wordex_mực,Chúng tôi ăn mực nướng,We eat grilled squid,
wordex_mùi,Mùi thức ăn rất thơm,The food smells wonderful,
wordex_mũi,Mũi tôi bị nghẹt,My nose is stuffy,
wordex_muối,Cho thêm một chút muối,Add a bit more salt,
wordex_muội,Cô ấy có một muội muội đáng yêu,She has an adorable younger sister,
wordex_mươi,Chờ tôi mươi phút nữa,Wait about ten more minutes for me,
wordex_muôn,Chúc bạn muôn sự như ý,Wishing you ten thousand blessings,
wordex_mưu,Họ lập mưu để lừa gạt người khác,They plotted to deceive others,
wordex_mỹ,Cảnh vật ở đây rất mỹ lệ,The scenery here is very beautiful,
wordex_nã,Cảnh sát truy nã tên tội phạm,The police search for the wanted criminal,
wordex_nạ,Anh ấy đeo mặt nạ hóa trang,He wears a costume mask,
wordex_nắm,Nắm chặt tay tôi nhé,Hold my hand tightly,
wordex_nằm,Con mèo nằm trên ghế,The cat is lying on the chair,
wordex_nàn,Cuộc sống của họ khá nghèo nàn,Their life is quite impoverished,
wordex_nản,"Đừng nản lòng, cố gắng lên","Don't be discouraged, keep trying",
wordex_nạn,Anh ấy là nạn nhân của tai nạn,He's a victim of the accident,
wordex_nàng,Nàng công chúa rất xinh đẹp,The princess is very beautiful,
wordex_năng,Anh ấy rất năng động,He's very energetic,
wordex_nâng,Anh ấy nâng chiếc hộp nặng,He lifted the heavy box,
wordex_nặng,Cái vali này rất nặng,This suitcase is very heavy,
wordex_náo,Khu chợ rất náo nhiệt,The market is very bustling,
wordex_não,Bộ não con người rất phức tạp,The human brain is very complex,
wordex_nấp,Chúng tôi nấp sau bụi cây,We hide behind the bush,
wordex_nạp,Tôi cần nạp tiền điện thoại,I need to top up my phone credit,
wordex_nạt,Đừng nạt nộ trẻ con,Don't intimidate children,
wordex_nâu,Cô ấy có mái tóc nâu,She has brown hair,
wordex_nãy,Bạn vừa nói gì lúc nãy vậy?,What did you just say a moment ago?,
wordex_nảy,Một ý tưởng hay nảy ra trong đầu tôi,A good idea popped into my head,
wordex_né,Anh ấy né được cú đấm,He dodges the punch,
wordex_nề,Gia đình anh ấy sống rất nề nếp,His family lives in a very disciplined manner,
wordex_ném,Đứa trẻ ném quả bóng,The child threw the ball,
wordex_nếm,Đầu bếp nếm thử món ăn,The chef tastes the dish,
wordex_nến,Chúng tôi thắp nến sinh nhật,We light birthday candles,
wordex_nền,Nền kinh tế đang phát triển tốt,The economy is developing well,
wordex_neo,Tàu thả neo ngoài cảng,The ship drops anchor outside the port,
wordex_nét,Cô ấy có nét mặt hiền hòa,She has a gentle facial feature,
wordex_nga,Anh ấy đến từ nước Nga,He comes from Russia,
wordex_ngã,Anh ấy bị ngã xe,He fell off his bike,
wordex_ngai,Vua ngồi trên ngai vàng,The king sits on the golden throne,
wordex_ngài,Xin chào ngài,"Greetings, sir",
wordex_ngắm,Chúng tôi ngắm cảnh hoàng hôn,We admire the sunset scenery,
wordex_ngầm,Có một lối đi ngầm dưới đường,There's an underground passage under the road,
wordex_ngàn,Có hàng ngàn người tham gia,Thousands of people participated,
wordex_ngăn,Hàng rào ngăn chúng tôi lại,The fence blocked us,
wordex_ngẩn,Cô ấy ngẩn người nhìn cảnh đẹp,She stood in awe looking at the beautiful scenery,
wordex_ngang,Anh ấy rất ngang bướng,He's very stubborn,
wordex_ngào,Giọng nói của cô ấy ngọt ngào,Her voice is sweet,
wordex_ngạo,Đừng kiêu ngạo với người khác,Don't be arrogant toward others,
wordex_ngắt,Cuộc gọi bị ngắt giữa chừng,The call got cut off midway,
wordex_ngất,Cô ấy ngất xỉu vì trời nóng,She fainted from the heat,
wordex_ngầu,Chiếc xe này trông rất ngầu,This car looks really cool,
wordex_ngẫu,Chúng tôi gặp nhau một cách ngẫu nhiên,We met each other by random chance,
wordex_ngây,Đứa trẻ có ánh mắt ngây thơ,The child has innocent eyes,
wordex_nghệ,Cô ấy rất yêu nghệ thuật,She loves art very much,
wordex_nghèo,Gia đình đó khá nghèo,That family is quite poor,
wordex_nghi,Cảnh sát nghi ngờ anh ta,The police suspect him,
wordex_nghị,Quốc hội thông qua nghị quyết mới,Parliament passed a new resolution,
wordex_nghịch,Đứa bé rất nghịch ngợm,The kid is very naughty,
wordex_nghiêm,Thầy giáo rất nghiêm khắc,The teacher is very strict,
wordex_nghiên,Cô ấy đang nghiên cứu về y học,She's researching medicine,
wordex_nghiền,Máy nghiền cà phê rất ồn,The coffee grinder is very loud,
wordex_nghiện,Anh ấy nghiện chơi game,He's addicted to playing games,
wordex_nghiêng,Cái tủ hơi nghiêng sang một bên,The cabinet is tilted to one side,
wordex_nghiệt,Số phận của cô ấy thật nghiệt ngã,Her fate was truly harsh,
wordex_ngô,Ruộng ngô xanh mướt,The corn field is lush green,
wordex_ngớ,Anh ấy ngớ người ra vì bất ngờ,"He froze, stunned by surprise",
wordex_ngờ,Tôi không ngờ bạn lại đến,I didn't expect you to come,
wordex_ngộ,Nhà sư ngộ ra chân lý,The monk realizes the truth,
wordex_ngoại,Bà ngoại tôi sống ở quê,My maternal grandmother lives in the countryside,
wordex_ngoan,Con chó nhà tôi rất ngoan,My dog is very well-behaved,
wordex_ngốc,Đừng nói mấy câu ngốc nghếch đó,Don't say such silly things,
wordex_ngọc,Chiếc vòng này làm từ ngọc,This bracelet is made of jade,
wordex_ngôi,Đây là ngôi nhà của tôi,This is my house,
wordex_ngợi,Mọi người ca ngợi lòng dũng cảm của anh ấy,Everyone praises his courage,
wordex_ngón,Tôi bị đau ngón tay,My finger hurts,
wordex_ngôn,"Anh ấy giữ đúng lời hứa, trọng ngôn","He keeps his word, true to his promise",
wordex_ngọn,Chúng tôi trèo lên ngọn cây,We climbed to the top of the tree,
wordex_ngọt,Trái xoài này rất ngọt,This mango is very sweet,
wordex_ngột,Căn phòng ngột ngạt vì đông người,The room is stifling because of the crowd,
wordex_ngu,Đừng làm việc ngu ngốc đó,Don't do such a stupid thing,
wordex_ngũ,Chúng tôi ngũ giác trong đội hình,We formed a pentagon shape,
wordex_ngư,Ngư dân ra khơi đánh cá,Fishermen go out to sea to fish,
wordex_ngữ,Tôi học nhiều ngôn ngữ khác nhau,I study several different languages,
wordex_ngự,Vua ngự tại kinh thành,The king resides in the capital,
wordex_ngựa,Anh ấy cưỡi ngựa rất giỏi,He rides horses very well,
wordex_ngực,Ngực tôi cảm thấy khó chịu,My chest feels uncomfortable,
wordex_ngục,Anh ấy bị nhốt trong ngục,He's locked in prison,
wordex_ngửi,Tôi ngửi thấy mùi thơm,I smell a fragrant scent,
wordex_ngưng,Cơn mưa đã ngưng,The rain has stopped,
wordex_ngừng,Xe ngừng lại trước đèn đỏ,The car stops at the red light,
wordex_ngược,Bạn đang đi ngược chiều,You're going the wrong way,
wordex_ngươi,Ngươi là ai?,"Who are you? (archaic, to an inferior)",
wordex_nguồn,Đây là nguồn nước sạch,This is a clean water source,
wordex_ngưỡng,Tôi rất ngưỡng mộ sự kiên trì của bạn,I really admire your perseverance,
wordex_ngụy,Đừng nghe theo lời ngụy biện,Don't listen to sophistry,
wordex_nguyền,Trong truyện có một lời nguyền,In the story there's a curse,
wordex_nguyện,Tôi tình nguyện giúp đỡ,I volunteer to help,
wordex_nguyệt,Đây là báo nguyệt san,This is a monthly magazine,
wordex_nhá,Đi thôi nhá?,"Let's go, okay? (southern particle)",
wordex_nhã,Cô ấy ăn mặc rất tao nhã,She dresses very elegantly,
wordex_nhấc,Anh ấy nhấc chiếc va li lên,He lifts up the suitcase,
wordex_nhai,Nhai kỹ trước khi nuốt,Chew thoroughly before swallowing,
wordex_nhằm,Kế hoạch này nhằm cải thiện chất lượng,This plan aims to improve quality,
wordex_nhảm,Đừng nói chuyện nhảm nhí,Don't talk nonsense,
wordex_nhấn,Nhấn nút để bật đèn,Press the button to turn on the light,
wordex_nhẫn,Cô ấy đeo một chiếc nhẫn đẹp,She wears a beautiful ring,
wordex_nhãn,Đọc kỹ nhãn sản phẩm trước khi dùng,Read the product label carefully before use,
wordex_nhàng,Nói nhẹ nhàng thôi,Speak gently,
wordex_nhánh,Cây có nhiều nhánh nhỏ,The tree has many small branches,
wordex_nhạo,Đừng chế nhạo người khác,Don't mock others,
wordex_nhập,Anh ấy mới nhập cảnh vào Việt Nam,He just entered Vietnam,
wordex_nhát,Cắt một nhát dưa hấu,Cut a slice of watermelon,
wordex_nhạt,Món canh này hơi nhạt,This soup is a bit bland,
wordex_nhặt,Tôi nhặt được một đồng xu,I picked up a coin,
wordex_nhật,Tôi muốn học tiếng Nhật,I want to learn Japanese,
wordex_nháy,Anh ấy nháy mắt với tôi,He winks at me,
wordex_nhạy,Da của tôi khá nhạy cảm,My skin is quite sensitive,
wordex_nhện,Có một con nhện trên tường,There's a spider on the wall,
wordex_nhét,Tôi nhét tiền vào ví,I stuff the money into my wallet,
wordex_nhi,Bệnh viện nhi chăm sóc trẻ em,The pediatric hospital cares for children,
wordex_nhí,Đứa bé nhí nhảnh dễ thương,The lively little kid is adorable,
wordex_nhì,Anh ấy đạt giải nhì,He won second prize,
wordex_nhị,Đây là chương thứ nhị của cuốn sách,This is the second chapter of the book,
wordex_nhích,Xe cộ nhích từng chút một,Traffic inches forward little by little,
wordex_nhiễm,Anh ấy bị nhiễm bệnh cảm cúm,He got infected with the flu,
wordex_nhiệm,Đây là trách nhiệm của tôi,This is my responsibility,
wordex_nhiệt,Nhiệt độ ngoài trời rất cao,The outdoor temperature is very high,
wordex_nhiễu,Tín hiệu bị nhiễu,The signal has interference,
wordex_nhịp,Tim tôi đập theo nhịp nhạc,My heart beats to the rhythm of the music,
wordex_nho,Tôi mua một chùm nho,I bought a bunch of grapes,
wordex_nhổ,Nha sĩ nhổ một cái răng sâu,The dentist pulls out a decayed tooth,
wordex_nhờ,Tôi nhờ bạn giúp một việc,I'm asking you a favor,
wordex_nhỡ,Nhỡ trời mưa thì sao?,What if it happens to rain?,
wordex_nhở,Đi ăn thôi nhở?,"Let's go eat, shall we?",
wordex_nhóc,Nhóc con nghịch ngợm quá,The little kid is so naughty,
wordex_nhồi,Mẹ nhồi thịt vào bánh bao,Mom stuffs meat into the steamed bun,
wordex_nhốt,Đừng nhốt con vật trong lồng lâu quá,Don't keep the animal caged too long,
wordex_nhu,Cô ấy có tính cách nhu mì,She has a gentle personality,
wordex_nhựa,Chai nhựa này có thể tái chế,This plastic bottle can be recycled,
wordex_nhuận,Công ty đạt lợi nhuận cao,The company achieved high profit,
wordex_nhúc,Đừng nhúc nhích,Don't budge,
wordex_nhục,Anh ấy cảm thấy nhục nhã,He feels humiliated,
wordex_nhúng,Nhúng bánh vào sữa,Dip the biscuit into milk,
wordex_nhược,Đừng nhu nhược như vậy,Don't be so weak-willed,
wordex_nhường,Hãy nhường ghế cho người già,Please give up your seat for the elderly,
wordex_nhượng,Hai bên không ai chịu nhượng bộ,Neither side is willing to concede,
wordex_niềm,Đó là niềm vui lớn của tôi,That's my great joy,
wordex_niên,Anh ấy còn là thanh niên trẻ,He's still a young adult,
wordex_ninh,Khu vực này rất an ninh,This area is very secure,
wordex_nít,Đó chỉ là trò con nít,That's just child's play,
wordex_nô,Ngày xưa có chế độ nô lệ,In the past there was a slavery system,
wordex_nỗ,Anh ấy nỗ lực rất nhiều,He puts in a lot of effort,
wordex_nở,Hoa mai nở vào dịp Tết,Apricot blossoms bloom during Tet,
wordex_nợ,Anh ấy đang nợ tiền tôi,He owes me money,
wordex_nọ,Người đàn ông nọ trông rất quen,That man looks very familiar,
wordex_nộ,Anh ấy phẫn nộ vì bị lừa dối,He's furious about being deceived,
wordex_nóc,Chim đậu trên nóc nhà,The bird perches on the roof,
wordex_nỗi,Cô ấy giấu nỗi buồn trong lòng,She hides her sorrow inside,
wordex_nội,Ông nội tôi sống ở quê,My paternal grandfather lives in the countryside,
wordex_non,Lá non mới mọc,New tender leaves have sprouted,
wordex_nón,Bà đội nón lá đi chợ,Grandma wears a conical hat to the market,
wordex_nôn,Cô ấy cảm thấy buồn nôn,She feels nauseous,
wordex_nông,Con sông này khá nông,This river is quite shallow,
wordex_nồng,Mùi nước hoa của cô ấy khá nồng,Her perfume smell is quite strong,
wordex_nốt,Cô ấy đọc từng nốt nhạc,She reads each musical note,
wordex_nữ,Cô ấy là sinh viên nữ,She's a female student,
wordex_nụ,Nụ hoa sắp nở rồi,The flower bud is about to bloom,
wordex_nửa,Cho tôi nửa ký thịt,Give me half a kilo of meat,
wordex_nương,Cô ấy nương tựa vào gia đình,She relies on her family,
wordex_nuốt,Tôi nuốt viên thuốc,I swallow the pill,
wordex_nút,Nhấn nút để bắt đầu,Press the button to start,
wordex_nứt,Bức tường bị nứt,The wall has a crack,
wordex_ô,Mang theo ô phòng khi trời mưa,Bring an umbrella in case it rains,
wordex_ơ,"Ơ, sao lại thế này?","Huh, why is it like this?",
wordex_óc,Dùng óc suy nghĩ trước khi nói,Use your brain before speaking,
wordex_ối,"Ối, đau quá!","Ouch, that hurts!",
wordex_ôm,Cô ấy ôm con chặt vào lòng,She hugged her child tightly,
wordex_ốm,Cô ấy bị ốm mấy ngày nay,She's been sick for a few days,
wordex_ong,Con ong hút mật từ hoa,The bee collects nectar from flowers,
wordex_ống,Nước chảy qua ống dẫn,Water flows through the pipe,
wordex_ổng,Ổng đi làm rồi,He's already gone to work (southern),
wordex_oxy,Cây xanh tạo ra oxy,Green plants produce oxygen,
wordex_phá,Đừng phá đồ của người khác,Don't destroy other people's things,
wordex_phái,Anh ấy thuộc phái bảo thủ,He belongs to the conservative faction,
wordex_phạm,Anh ấy không phạm luật,He didn't break the law,
wordex_phán,Toà án phán quyết vụ án này,The court ruled on this case,
wordex_phàn,Khách hàng phàn nàn về dịch vụ,Customers complain about the service,
wordex_phấn,Cô ấy dùng phấn trang điểm,She uses powder for makeup,
wordex_phận,Đó là số phận của anh ấy,That is his fate,
wordex_phang,Anh ấy phang một gậy vào cửa,He strikes the door with a stick,
wordex_phanh,Anh ấy đạp phanh gấp,He slams the brakes,
wordex_pháo,Ngày Tết mọi người đốt pháo,"On Tet, everyone lights firecrackers",
wordex_pháp,Chúng ta cần tuân theo pháp luật,We need to follow the law,
wordex_phạt,Cảnh sát phạt anh ấy vì chạy quá tốc độ,The police fined him for speeding,
wordex_phật,Chúng tôi đi chùa lễ Phật,We go to the pagoda to worship Buddha,
wordex_phẫu,Anh ấy vừa trải qua ca phẫu thuật,He just went through a surgery,
wordex_phe,Hai phe đang tranh cãi,The two factions are arguing,
wordex_phế,Nhà máy cũ bị phế bỏ,The old factory was abandoned,
wordex_phết,Món này ngon phết đấy,This dish is actually quite good,
wordex_phi,Máy bay sắp cất cánh phi hành,The plane is about to take off,
wordex_phiên,Tôi làm ca phiên đêm,I work the night shift,
wordex_phiến,Có một phiến đá lớn ở đây,There's a large stone slab here,
wordex_phiêu,Anh ấy thích những chuyến phiêu lưu,He loves adventures,
wordex_phiếu,Tôi giữ phiếu mua hàng,I keep the purchase voucher,
wordex_phó,Anh ấy là phó giám đốc,He's the deputy director,
wordex_phô,Đừng phô trương sự giàu có,Don't flaunt your wealth,
wordex_phổ,Món phở rất phổ biến ở Việt Nam,Phở is very common in Vietnam,
wordex_phối,Hai màu này phối với nhau rất đẹp,These two colors combine beautifully,
wordex_phổi,Hút thuốc gây hại cho phổi,Smoking harms the lungs,
wordex_phơi,Mẹ phơi quần áo ngoài sân,Mom dries the clothes in the yard,
wordex_phong,Cô ấy có phong cách riêng,She has her own style,
wordex_phóng,Chiếc xe phóng rất nhanh,The car sped very fast,
wordex_phu,Người phu xe kéo rất vất vả,The rickshaw puller works very hard,
wordex_phú,Gia đình đó rất phú quý,That family is very wealthy,
wordex_phủ,Chính phủ đưa ra chính sách mới,The government announced a new policy,
wordex_phức,Vấn đề này khá phức tạp,This problem is quite complicated,
wordex_phục,Tôi rất phục bạn,I really admire you,
wordex_phun,Vòi phun nước hoạt động,The water sprinkler is running,
wordex_phụng,Ông ấy phụng sự đất nước cả đời,He served the country his whole life,
wordex_phước,Chúc gia đình bạn nhiều phước lành,Wishing your family much blessing,
wordex_phương,Chúng ta cần tìm một phương án khác,We need to find another solution,
wordex_piano,Cô ấy chơi piano rất hay,She plays the piano very well,
wordex_pizza,Chúng tôi gọi pizza cho bữa tối,We order pizza for dinner,
wordex_quạ,Con quạ đen đậu trên cành cây,The black crow perches on the branch,
wordex_quặc,Anh ấy có tính cách khá kỳ quặc,He has a rather odd personality,
wordex_quái,Con quái vật trong phim rất đáng sợ,The monster in the movie is very scary,
wordex_quân,Quân đội đang tập luyện,The army is training,
wordex_quận,Tôi sống ở quận một,I live in District One,
wordex_quang,Căn phòng tràn ngập ánh sáng quang đãng,The room is filled with bright light,
wordex_quăng,Anh ấy quăng quả bóng đi xa,He tosses the ball far away,
wordex_quãng,Chúng tôi đi được một quãng đường dài,We traveled a long stretch of road,
wordex_quảng,Công ty quảng cáo sản phẩm mới,The company advertises a new product,
wordex_quanh,Chúng tôi đi dạo quanh hồ,We walked around the lake,
wordex_quấy,Đừng quấy rầy tôi lúc này,Don't disturb me right now,
wordex_quầy,Tôi xếp hàng ở quầy thanh toán,I line up at the checkout counter,
wordex_quậy,Đừng quậy phá trong lớp,Don't cause trouble in class,
wordex_que,Cho tôi một que kem,Give me an ice cream stick,
wordex_quê,Tôi về quê thăm gia đình,I'm going back to my hometown to visit family,
wordex_quí,Đây là món quà rất quí,This is a very precious gift,
wordex_quốc,Việt Nam là một quốc gia xinh đẹp,Vietnam is a beautiful country,
wordex_quy,Hãy tuân theo quy định,Please follow the regulations,
wordex_quỳ,Anh ấy quỳ xuống cầu hôn,He knelt down to propose,
wordex_quỹ,Công ty lập một quỹ từ thiện,The company set up a charity fund,
wordex_quỷ,Trong truyện có một con quỷ dữ,In the story there's an evil demon,
wordex_quyên,Chúng tôi quyên góp cho trẻ mồ côi,We donate to orphans,
wordex_quyến,Cô ấy có vẻ đẹp quyến rũ,She has a captivating beauty,
wordex_quyền,Mọi người đều có quyền lên tiếng,Everyone has the right to speak up,
wordex_rắc,Đừng gây thêm rắc rối,Don't cause more trouble,
wordex_radio,Tôi nghe tin tức trên radio,I listen to the news on the radio,
wordex_rán,Mẹ rán cá cho bữa tối,Mom fries fish for dinner,
wordex_ráng,"Ráng lên, sắp xong rồi","Try hard, we're almost done",
wordex_ràng,Hợp đồng này ràng buộc cả hai bên,This contract binds both parties,
wordex_ranh,Con đường này là ranh giới hai tỉnh,This road is the boundary between two provinces,
wordex_rào,Họ dựng hàng rào quanh vườn,They put up a fence around the garden,
wordex_rạp,Chúng tôi đi xem phim ở rạp,We go watch a movie at the theater,
wordex_rập,Mọi thứ được làm theo khuôn rập,Everything is made following the same template,
wordex_râu,Ông ấy để râu dài,He grows a long beard,
wordex_rầy,Mẹ rầy tôi vì về trễ,Mom scolds me for coming home late,
wordex_rể,Anh ấy là con rể của tôi,He's my son-in-law,
wordex_rèn,Anh ấy rèn luyện sức khỏe mỗi ngày,He trains his health every day,
wordex_rên,Bệnh nhân rên vì đau,The patient moans in pain,
wordex_rỉ,Cái đinh bị rỉ sét,The nail is rusted,
wordex_rồ,Anh ấy lái xe rồ ga quá nhanh,He revved the engine too fast,
wordex_rợ,Bộ tộc đó bị coi là man rợ,That tribe was considered barbaric,
wordex_robot,Nhà máy sử dụng robot để sản xuất,The factory uses robots for production,
wordex_rock,Anh ấy thích nghe nhạc rock,He likes listening to rock music,
wordex_roi,Ngày xưa thầy dùng roi phạt học trò,"In the past, teachers used a cane to punish students",
wordex_rối,Suy nghĩ của tôi đang rối tung,My thoughts are all tangled up,
wordex_rỗi,Cuối tuần tôi khá rỗi,I'm quite free this weekend,
wordex_rơi,Chiếc lá rơi xuống đất,The leaf fell to the ground,
wordex_rời,Tàu sắp rời bến,The train is about to leave the station,
wordex_rồng,Con rồng bay trên bầu trời,The dragon flies in the sky,
wordex_rỗng,Cái hộp này rỗng không,This box is completely empty,
wordex_rộng,Căn phòng này rất rộng,This room is very spacious,
wordex_rót,Anh ấy rót trà cho khách,He pours tea for the guest,
wordex_rốt,Rốt cuộc chuyện gì đã xảy ra?,What happened in the end?,
wordex_rớt,Anh ấy rớt kỳ thi,He failed the exam (southern),
wordex_rũ,Anh ấy rũ bỏ mọi lo âu,He shakes off all his worries,
wordex_rùa,Con rùa bò chậm chạp,The turtle crawls slowly,
wordex_rủa,Đừng nguyền rủa người khác,Don't curse other people,
wordex_rực,Hoàng hôn rực rỡ trên biển,The sunset blazes over the sea,
wordex_rủi,Đó chỉ là một rủi ro nhỏ,That's just a small risk,
wordex_run,Tay tôi run vì lạnh,My hands shiver from the cold,
wordex_rung,Điện thoại tôi đang rung,My phone is vibrating,
wordex_rừng,Chúng tôi đi bộ trong rừng,We hiked through the forest,
wordex_ruồi,Có một con ruồi bay quanh,There's a fly buzzing around,
wordex_rưỡi,Bây giờ là năm giờ rưỡi,It's five thirty now,
wordex_rưởi,Tôi chờ khoảng một tiếng rưởi,I waited about an hour and a half,
wordex_ruột,Anh ấy bị đau ruột,He has a stomachache (intestinal pain),
wordex_rượu,Anh ấy không uống rượu,He doesn't drink alcohol,
wordex_rút,Tôi cần rút tiền ở ngân hàng,I need to withdraw money at the bank,
wordex_sa,Anh ấy sa vào con đường xấu,He fell into a bad path,
wordex_sắc,Con dao này rất sắc,This knife is very sharp,
wordex_sạch,Nhà bếp rất sạch sẽ,The kitchen is very clean,
wordex_sắm,Chúng tôi đi sắm đồ Tết,We go shopping for Tet,
wordex_san,Chúng tôi san sẻ khó khăn với nhau,We share hardships with each other,
wordex_sàn,Sàn nhà rất trơn,The floor is very slippery,
wordex_săn,Người thợ săn vào rừng,The hunter went into the forest,
wordex_sạn,Chúng tôi ở tại một khách sạn đẹp,We stayed at a beautiful hotel,
wordex_sandwich,Tôi ăn sandwich cho bữa trưa,I eat a sandwich for lunch,
wordex_sang,Chúng tôi sang nhà hàng xóm chơi,We went over to the neighbor's house,
wordex_sánh,Không ai sánh bằng cô ấy,No one compares to her,
wordex_sảnh,Chúng tôi gặp nhau ở sảnh khách sạn,We meet in the hotel lobby,
wordex_sập,Mái nhà bị sập vì bão,The roof collapsed because of the storm,
wordex_sắt,Cánh cửa này làm bằng sắt,This door is made of iron,
wordex_séc,Anh ấy thanh toán bằng séc,He pays by check,
wordex_sẹo,Vết thương để lại sẹo,The wound left a scar,
wordex_sét,Một tia sét đánh xuống cây,A lightning bolt strikes the tree,
wordex_sỉ,Cửa hàng bán sỉ giá rẻ hơn,The wholesale shop has cheaper prices,
wordex_siêu,Anh ấy có sức mạnh siêu nhiên,He has supernatural strength,
wordex_so,Đừng so sánh tôi với người khác,Don't compare me to others,
wordex_sô,Cô ấy tham gia một sô truyền hình,She joins a TV show,
wordex_sờ,Đừng sờ vào đồ triển lãm,Don't touch the exhibits,
wordex_sọ,Bác sĩ chụp x-quang sọ não,The doctor takes an x-ray of the skull,
wordex_soạn,Cô giáo soạn bài giảng,The teacher prepares the lesson,
wordex_sốc,Tôi bị sốc khi nghe tin đó,I was shocked hearing that news,
wordex_soi,Cô ấy soi gương mỗi sáng,She looks in the mirror every morning,
wordex_sói,Bầy sói săn mồi vào ban đêm,The wolf pack hunts at night,
wordex_sợi,Cô ấy cầm một sợi dây,She holds a strand of string,
wordex_song,"Anh ấy giỏi, song hơi kiêu ngạo","He's talented, however a bit arrogant",
wordex_sòng,Anh ấy thua tiền ở sòng bạc,He lost money at the casino,
wordex_sông,Chúng tôi bơi trên sông,We swim in the river,
wordex_sót,Đừng bỏ sót thông tin quan trọng,Don't leave out important information,
wordex_su,Tôi nấu canh su su,I cook chayote soup,
wordex_sư,Anh ấy là sư phụ dạy võ,He's a martial arts master,
wordex_sử,Tôi thích học lịch sử,I like studying history,
wordex_suất,Cho tôi một suất cơm,Give me one portion of rice,
wordex_súc,Nông dân nuôi gia súc,Farmers raise livestock,
wordex_sung,Gia đình anh ấy khá sung túc,His family is quite well-off,
wordex_súng,Cảnh sát mang theo súng,The police carry guns,
wordex_sừng,Con trâu có cặp sừng lớn,The buffalo has a large pair of horns,
wordex_sưởi,Chúng tôi ngồi sưởi ấm bên lò,We sit warming ourselves by the stove,
wordex_sườn,Món sườn nướng rất ngon,The grilled ribs are delicious,
wordex_sương,Buổi sáng có sương mù dày đặc,The morning has thick fog,
wordex_sướng,Cuộc sống ở đây thật sướng,Life here is truly pleasant,
wordex_súp,Tôi gọi một tô súp gà,I order a bowl of chicken soup,
wordex_sụp,Toà nhà cũ sụp đổ,The old building collapsed,
wordex_sưu,Anh ấy thích sưu tầm tem,He likes collecting stamps,
wordex_suýt,Tôi suýt trễ chuyến bay,I almost missed the flight,
wordex_sỹ,Cô ấy muốn trở thành bác sỹ,She wants to become a doctor,
wordex_tá,Cho tôi một tá trứng,Give me a dozen eggs,
wordex_tà,Bộ phim nói về cuộc chiến giữa chính và tà,The movie is about the battle between good and evil,
wordex_tả,Hãy miêu tả cảm xúc của bạn,Please describe your feelings,
wordex_tạ,Tôi xin tạ ơn bạn rất nhiều,I sincerely thank you very much,
wordex_tắc,Đường bị tắc vào giờ cao điểm,The road is jammed during rush hour,
wordex_tặc,Tin tặc tấn công hệ thống máy tính,Hackers attack the computer system,
wordex_tách,Cho tôi một tách trà,Give me a cup of tea,
wordex_tai,Tai tôi bị đau,My ear hurts,
wordex_tái,Bệnh của anh ấy đã tái phát,His illness relapsed,
wordex_tải,Tôi đang tải file này xuống,I'm downloading this file,
wordex_tam,Ba mẹ con họ là tam giác vàng,Their family of three is a perfect trio,
wordex_tăm,Cho tôi xin cây tăm,Give me a toothpick,
wordex_tấm,Đây là một tấm hình đẹp,This is a beautiful photo,
wordex_tầm,Giá trong tầm khoảng năm trăm nghìn,The price is around five hundred thousand,
wordex_tan,Lớp học tan lúc năm giờ,Class ends at five o'clock,
wordex_tán,Họ đang tán gẫu ngoài sân,They're chatting outside,
wordex_tàn,Ngọn nến đã tàn,The candle has burned out,
wordex_tân,Chúng tôi chào đón sinh viên tân,We welcome new students,
wordex_tấn,Xe tải chở mười tấn hàng,The truck carries ten tons of goods,
wordex_tần,Điều chỉnh tần số radio,Adjust the radio frequency,
wordex_tản,Đám đông tản ra sau sự kiện,The crowd dispersed after the event,
wordex_tận,Tôi sẽ cố gắng tận sức,I'll try with all my strength,
wordex_tang,Gia đình đang để tang,The family is in mourning,
wordex_tàng,Chiếc xe có khả năng tàng hình,The car has stealth capability,
wordex_tăng,Giá xăng đang tăng lên,Gas prices are rising,
wordex_tảng,Có một tảng đá lớn chắn đường,There's a large boulder blocking the road,
wordex_tạng,Anh ấy có thể tạng khoẻ mạnh,He has a healthy constitution,
wordex_tặng,Tôi tặng bạn món quà này,I'm giving you this gift,
wordex_tao,Tao không biết đâu,I don't know (very informal),
wordex_táo,Tôi ăn một quả táo mỗi ngày,I eat an apple every day,
wordex_tạo,Chúng tôi tạo ra sản phẩm mới,We create new products,
wordex_tạp,Tôi đọc một tờ tạp chí,I'm reading a magazine,
wordex_tát,Cô ấy tát vào mặt hắn,She slapped his face,
wordex_tật,Anh ấy có tật nói lắp,He has a stutter,
wordex_tầu,Chiếc tầu rời bến đúng giờ,The ship left the port on time,
wordex_tẩu,Ông cụ hút tẩu thuốc,The old man smokes a pipe,
wordex_tây,Mặt trời lặn ở hướng tây,The sun sets in the west,
wordex_tẩy,Cô ấy tẩy vết bẩn trên áo,She removes the stain on her shirt,
wordex_té,Cẩn thận kẻo té ngã,Be careful or you'll fall (southern),
wordex_tè,Em bé muốn đi tè,The baby wants to pee,
wordex_tê,Chân tôi bị tê,My leg is numb,
wordex_tể,Trong triều có một vị tể tướng,In the royal court there was a prime minister,
wordex_tệ,Thời tiết hôm nay tệ quá,The weather is really bad today,
wordex_tha,Xin hãy tha lỗi cho tôi,Please forgive me,
wordex_thà,Thà đi bộ còn hơn đợi xe buýt,I'd rather walk than wait for the bus,
wordex_thả,Chúng tôi thả cá xuống hồ,We released the fish into the lake,
wordex_thác,Chúng tôi đi ngắm thác nước,We went to see the waterfall,
wordex_thắc,Tôi có một thắc mắc,I have a question,
wordex_thách,Tôi thách bạn thử làm điều đó,I dare you to try doing that,
wordex_thạch,Các nhà khoa học tìm thấy hóa thạch,Scientists found a fossil,
wordex_thai,Cô ấy đang mang thai,She's pregnant,
wordex_thải,Nhà máy xử lý nước thải,The factory treats wastewater,
wordex_thám,Anh ấy là một thám tử giỏi,He's a skilled detective,
wordex_thăm,Tôi đi thăm ông bà cuối tuần,I'm visiting my grandparents this weekend,
wordex_thâm,Mắt tôi bị thâm quầng,My eyes have dark circles,
wordex_thầm,Cô ấy thầm yêu anh ấy,She secretly loves him,
wordex_thẩm,Vị thẩm phán đưa ra quyết định,The judge made a decision,
wordex_thảm,Chúng tôi trải thảm mới,We laid a new carpet,
wordex_thậm,Thậm chí tôi cũng không biết,Even I don't know,
wordex_than,Đừng than vãn nữa,Stop complaining,
wordex_thần,Người dân thờ nhiều vị thần,The people worship many gods,
wordex_thắng,Đội của chúng tôi đã thắng,Our team won,
wordex_thằng,Thằng bé nghịch quá,That boy is so mischievous,
wordex_thánh,Ngôi đền này thờ một vị thánh,This temple worships a saint,
wordex_thao,Anh ấy rất giỏi thể thao,He's very good at sports,
wordex_tháo,Tôi tháo đồng hồ ra,I take off my watch,
wordex_thảo,Anh ấy thảo một bức thư,He drafted a letter,
wordex_tháp,Chúng tôi leo lên đỉnh tháp,We climbed to the top of the tower,
wordex_thập,Đây là thập niên chín mươi,This is the nineties decade,
wordex_thắt,Thắt dây an toàn trước khi lái xe,Fasten your seatbelt before driving,
wordex_thấu,Tôi không thể thấu hiểu hết mọi chuyện,I can't fully understand everything,
wordex_thây,Trong phim có cảnh thây ma,The movie has a zombie scene,
wordex_thầy,Thầy giáo dạy rất hay,The teacher teaches really well,
wordex_thảy,Tất thảy mọi người đều đồng ý,Everyone without exception agrees,
wordex_thê,Cảnh tượng đó thật thê thảm,That scene was truly tragic,
wordex_thề,Tôi thề sẽ không bao giờ nói dối,I swear I'll never lie again,
wordex_thép,Cây cầu này làm bằng thép,This bridge is made of steel,
wordex_thét,Anh ấy thét lên vì đau,He screams out in pain,
wordex_thí,Chúng tôi làm thí nghiệm khoa học,We conduct a science experiment,
wordex_thị,Giá cả thị trường đang tăng,Market prices are rising,
wordex_thiện,Anh ấy có một trái tim thiện lương,He has a kind heart,
wordex_thiêng,Ngôi đền này rất thiêng,This temple is very sacred,
wordex_thiếp,Bà cụ thiếp đi trên ghế,The old woman dozed off in the chair,
wordex_thiệp,Tôi gửi thiệp mời sinh nhật,I sent a birthday invitation card,
wordex_thiệt,Nói thiệt là tôi không biết,"Honestly, I don't know",
wordex_thiêu,Đám cháy thiêu rụi cả căn nhà,The fire burned down the whole house,
wordex_thiểu,Đây là vùng dân tộc thiểu số,This is an ethnic minority region,
wordex_thịnh,Đất nước ngày càng thịnh vượng,The country is becoming more and more prosperous,
wordex_thỉu,Căn phòng này bẩn thỉu quá,This room is really filthy,
wordex_thô,Cách nói chuyện của anh ấy hơi thô,His way of speaking is a bit crude,
wordex_thổ,Đây là lãnh thổ của chúng tôi,This is our territory,
wordex_thỏ,Con thỏ chạy rất nhanh,The rabbit runs very fast,
wordex_thơ,Cô ấy viết một bài thơ hay,She wrote a beautiful poem,
wordex_thờ,Gia đình tôi thờ tổ tiên,My family worships our ancestors,
wordex_thở,Hít thở sâu và bình tĩnh lại,Take a deep breath and calm down,
wordex_thỏa,Cả hai bên đều thỏa mãn với thỏa thuận,Both sides are satisfied with the agreement,
wordex_thoái,Kinh tế đang có dấu hiệu suy thoái,The economy is showing signs of decline,
wordex_thoáng,Căn phòng này rất thoáng mát,This room is very airy and cool,
wordex_thoát,Chúng tôi đã thoát khỏi nguy hiểm,We escaped from danger,
wordex_thói,Anh ấy có thói quen dậy sớm,He has the habit of waking up early,
wordex_thổi,Gió thổi mạnh vào buổi chiều,The wind blows strongly in the afternoon,
wordex_thù,Họ đã trở thành kẻ thù,They became enemies,
wordex_thủ,Anh ấy là thủ môn giỏi,He's a good goalkeeper,
wordex_thự,Đây là dinh thự của thị trưởng,This is the mayor's mansion,
wordex_thụ,Cây thụ phấn nhờ ong,The tree is pollinated by bees,
wordex_thua,Đội bóng của chúng tôi bị thua,Our team lost,
wordex_thừa,Còn thừa rất nhiều đồ ăn,There's a lot of leftover food,
wordex_thuần,Đây là giống chó thuần Việt,This is a purebred Vietnamese dog breed,
wordex_thuận,Thời tiết hôm nay thuận lợi cho chuyến đi,The weather is favorable for the trip today,
wordex_thúc,Buổi họp sắp kết thúc,The meeting is about to end,
wordex_thung,Ngôi làng nằm trong một thung lũng,The village lies in a valley,
wordex_thùng,Tôi bỏ rác vào thùng,I threw trash into the bin,
wordex_thuộc,Việt Nam thuộc khu vực Đông Nam Á,Vietnam belongs to Southeast Asia,
wordex_thước,Dùng thước để đo chiều dài,Use a ruler to measure the length,
wordex_thưởng,Công ty thưởng cho nhân viên xuất sắc,The company rewards outstanding employees,
wordex_thượng,Anh ấy ngồi ở tầng thượng,He sits on the upper floor,
wordex_thuỷ,Chúng tôi đi du lịch bằng đường thuỷ,We travel by waterway,
wordex_thủy,Chúng tôi đi du lịch bằng đường thủy,We're traveling by water,
wordex_thuyền,Chiếc thuyền trôi trên sông,The boat drifts on the river,
wordex_thuyết,Đây chỉ là một giả thuyết,This is just a hypothesis,
wordex_tí,Chờ tôi một tí nữa,Wait for me a little longer,
wordex_tỉ,Trái đất có hơn bảy tỉ người,Earth has more than seven billion people,
wordex_tị,Đừng ganh tị với bạn bè,Don't be jealous of your friends,
wordex_tia,Một tia nắng chiếu qua cửa sổ,A ray of sunlight shines through the window,
wordex_tỉa,Bố tỉa cây trong vườn,Dad trims the trees in the garden,
wordex_tích,Anh ấy tích luỹ nhiều kinh nghiệm,He has accumulated a lot of experience,
wordex_tịch,Hải quan tịch thu hàng lậu,Customs confiscated the smuggled goods,
wordex_tiệc,Chúng tôi tổ chức tiệc sinh nhật,We're throwing a birthday party,
wordex_tiêm,Tôi vừa tiêm phòng cúm,I just got a flu shot,
wordex_tiềm,Anh ấy có tiềm năng lớn,He has great potential,
wordex_tiệm,Tiệm bánh mì này rất ngon,This bread shop is delicious,
wordex_tiến,Công việc đang tiến triển tốt,The work is progressing well,
wordex_tiễn,Chúng tôi ra sân bay tiễn bạn,We go to the airport to see our friend off,
wordex_tiêu,Tôi tiêu hết tiền rồi,I've spent all my money,
wordex_tiểu,Đây là một tiểu thuyết hay,This is a good novel,
wordex_tim,Trái tim tôi đập rất nhanh,My heart is beating very fast,
wordex_tím,Cô ấy mặc một chiếc áo tím,She wears a purple shirt,
wordex_tín,Anh ấy rất giữ chữ tín,He's very true to his word,
wordex_tinh,Cô ấy rất tinh ý,She's very perceptive,
wordex_tỉnh,Tôi sinh ra ở tỉnh khác,I was born in a different province,
wordex_tò,Tôi rất tò mò về chuyện đó,I'm very curious about that matter,
wordex_tố,Cô ấy tố cáo hành vi sai trái,She reported the wrongdoing,
wordex_tỏ,Anh ấy tỏ ra rất vui,He appeared very happy,
wordex_tớ,Tớ với cậu đi chung nhé,"Let's go together, you and me",
wordex_toa,Chúng tôi ngồi toa số ba,We sit in train car number three,
wordex_toà,Vụ án được đưa ra toà,The case was brought to court,
wordex_tòa,Tòa nhà này rất cao,This building is very tall,
wordex_tỏa,Ánh sáng tỏa khắp căn phòng,Light spreads throughout the room,
wordex_tọa,Ngôi chùa tọa lạc trên đồi,The pagoda is located on the hill,
wordex_tốc,Xe chạy với tốc độ cao,The car runs at high speed,
wordex_tộc,Đây là một dân tộc thiểu số,This is an ethnic minority,
wordex_tồi,Dịch vụ ở đây khá tồi,The service here is quite poor,
wordex_tội,Thật tội nghiệp con mèo,"Poor cat, what a pity",
wordex_tóm,Cảnh sát tóm được tên trộm,The police caught the thief,
wordex_tôm,Chúng tôi ăn tôm nướng,We eat grilled shrimp,
wordex_tởm,Mùi này thật tởm,This smell is disgusting,
wordex_tôn,Học sinh cần tôn trọng thầy cô,Students should respect their teachers,
wordex_tốn,Việc này tốn khá nhiều thời gian,This takes quite a lot of time,
wordex_tồn,Vấn đề này vẫn tồn tại,This problem still exists,
wordex_tổn,Lời nói đó làm tôi tổn thương,Those words hurt me,
wordex_tông,Xe máy tông vào cột điện,The motorbike crashed into the power pole,
wordex_tống,Cảnh sát tống giam nghi phạm,The police detained the suspect,
wordex_trá,Đừng tin vào lời lừa trá,Don't believe deceitful words,
wordex_trải,Tôi đã trải qua nhiều khó khăn,I've been through a lot of hardship,
wordex_trầm,Giọng anh ấy rất trầm,His voice is very deep,
wordex_trán,Trán anh ấy đổ mồ hôi,His forehead is sweating,
wordex_tràn,Nước tràn ra khỏi bồn,Water overflows from the tub,
wordex_trấn,Đây là một thị trấn nhỏ yên bình,This is a small peaceful town,
wordex_trần,Trần nhà bị dột,The ceiling is leaking,
wordex_trận,Trận bóng đá tối nay rất hay,Tonight's soccer match is great,
wordex_tráng,Anh ấy tráng một lớp sơn mới,He applies a new coat of paint,
wordex_trăng,Đêm nay trăng rất sáng,The moon is very bright tonight,
wordex_trạng,Tình trạng sức khoẻ của anh ấy ổn định,His health condition is stable,
wordex_trao,Họ trao nhau món quà,They exchanged gifts,
wordex_trào,Trào lưu thời trang thay đổi liên tục,Fashion trends change constantly,
wordex_trật,Anh ấy đi trật đường,He went the wrong way,
wordex_trèo,Đứa trẻ trèo lên cây,The child climbs the tree,
wordex_trêu,Đừng trêu em gái tôi,Don't tease my little sister,
wordex_tri,Tri thức là sức mạnh,Knowledge is power,
wordex_trí,Cô ấy có trí nhớ rất tốt,She has a very good memory,
wordex_trì,Chúng ta cần duy trì thói quen tốt,We need to maintain good habits,
wordex_trị,Bác sĩ đang điều trị cho bệnh nhân,The doctor is treating the patient,
wordex_trích,Tôi trích một đoạn văn hay,I quote a beautiful passage,
wordex_triển,Công ty đang phát triển nhanh,The company is developing quickly,
wordex_triết,Tôi học môn triết học ở đại học,I study philosophy in college,
wordex_triều,Đây là di tích của một triều đại xưa,This is a relic of an ancient dynasty,
wordex_trinh,Cô ấy giữ lòng trinh trắng,She keeps her chastity,
wordex_tro,Tro bay khắp căn phòng,Ash flies all over the room,
wordex_trò,Trò chơi này rất vui,This game is a lot of fun,
wordex_trở,Anh ấy trở thành bác sĩ,He became a doctor,
wordex_trợ,Chính phủ trợ cấp cho người nghèo,The government subsidizes the poor,
wordex_trọ,Sinh viên thuê phòng trọ gần trường,Students rent a lodging room near school,
wordex_trói,Kẻ bắt cóc trói tay nạn nhân,The kidnapper tied the victim's hands,
wordex_trộm,Có kẻ trộm vào nhà tôi,A thief broke into my house,
wordex_tròn,Cái bánh này có hình tròn,This cake is round-shaped,
wordex_trốn,Con mèo trốn dưới giường,The cat is hiding under the bed,
wordex_trọn,Tôi dành trọn thời gian cho gia đình,I dedicate all my time to family,
wordex_trông,Bạn trông mệt quá,You look really tired,
wordex_trống,Anh ấy đánh trống rất giỏi,He plays the drums very well,
wordex_trú,Chúng tôi trú mưa dưới mái hiên,We took shelter from the rain under the eave,
wordex_trừ,"Ai cũng đi, trừ tôi ra","Everyone's going, except me",
wordex_trữ,Chúng tôi dự trữ lương thực,We stock up on food supplies,
wordex_trụ,Trụ sở công ty ở trung tâm thành phố,The company headquarters is downtown,
wordex_trúc,Khu vườn trồng nhiều cây trúc,The garden grows many bamboo trees,
wordex_trùm,Hắn là trùm băng đảng,He's the gang boss,
wordex_trúng,Anh ấy trúng số độc đắc,He won the jackpot lottery,
wordex_trưng,Bảo tàng trưng bày cổ vật,The museum displays antiques,
wordex_trừng,Kẻ xấu sẽ bị trừng phạt,The wrongdoer will be punished,
wordex_truồng,Đứa bé chạy ở truồng ngoài sân,The baby runs around naked in the yard,
wordex_trương,Bụng anh ấy bị trương lên,His stomach became swollen,
wordex_trường,Trường học gần nhà tôi,The school is near my house,
wordex_trưởng,Anh ấy là trưởng phòng,He's the department head,
wordex_trượng,Vị pháp sư cầm cây trượng phép,The wizard holds a magic staff,
wordex_truy,Cảnh sát truy đuổi tên trộm,The police pursued the thief,
wordex_truyền,Câu chuyện được truyền từ đời này sang đời khác,The story is passed down from generation to generation,
wordex_truyện,Tôi đang đọc một cuốn truyện hay,I'm reading a great story,
wordex_tu,Ông ấy quyết định đi tu,He decided to become a monk,
wordex_tù,Anh ấy bị ngồi tù nhiều năm,He was imprisoned for many years,
wordex_tư,Đây là công ty tư nhân,This is a private company,
wordex_tứ,Anh ấy đứng hạng tứ trong cuộc thi,He ranked fourth in the competition,
wordex_tử,Anh ấy là một đệ tử giỏi,He's a talented disciple,
wordex_tụ,Bạn bè tụ họp mỗi cuối tuần,Friends gather every weekend,
wordex_tuân,Chúng ta phải tuân theo luật lệ,We must comply with the rules,
wordex_túc,Chúng tôi có đầy đủ túc lương thực,We have adequate food supplies,
wordex_tục,Đây là một phong tục lâu đời,This is an ancient custom,
wordex_tuệ,Ông ấy có trí tuệ hơn người,He has exceptional wisdom,
wordex_tui,Tui không biết đâu,"I don't know (informal, southern)",
wordex_tung,Anh ấy tung đồng xu lên,He flipped the coin,
wordex_túng,Gia đình đang túng thiếu,The family is short of money,
wordex_tước,Anh ấy bị tước danh hiệu,He was stripped of his title,
wordex_tươi,Rau này rất tươi,This vegetable is very fresh,
wordex_tướng,Vị tướng chỉ huy quân đội,The general commands the army,
wordex_tường,Bức tường này mới sơn,This wall was just painted,
wordex_tưởng,Tôi tưởng bạn đã về rồi,I thought you had already gone home,
wordex_tượng,Có một bức tượng ở công viên,There's a statue in the park,
wordex_tuy,"Tuy trời mưa, chúng tôi vẫn đi","Although it's raining, we still went",
wordex_túy,Anh ấy say túy lúy,He's completely drunk,
wordex_tùy,Việc này tùy vào bạn quyết định,This depends on your decision,
wordex_tủy,Bác sĩ lấy mẫu tủy xương,The doctor takes a bone marrow sample,
wordex_tuyên,Chính phủ tuyên bố chính sách mới,The government announced a new policy,
wordex_tuyến,Tuyến xe buýt này đi qua nhà tôi,This bus route passes by my house,
wordex_tuyển,Công ty đang tuyển nhân viên mới,The company is recruiting new staff,
wordex_tuyết,Tuyết rơi trắng cả thành phố,Snow blanketed the whole city white,
wordex_tý,Chờ tôi một tý,Wait a bit for me,
wordex_tỷ,Công ty đó trị giá hàng tỷ đồng,That company is worth billions of dong,
wordex_ư,Bạn không biết ư?,"You don't know, huh?",
wordex_ưa,Tôi ưa thích sự yên tĩnh,I prefer quietness,
wordex_ức,Tôi vẫn còn ký ức về nơi đó,I still have memories of that place,
wordex_ung,Ông ấy đang chữa trị bệnh ung thư,He's undergoing treatment for cancer,
wordex_ước,Tôi ước có nhiều thời gian hơn,I wish I had more time,
wordex_ướt,Áo tôi bị ướt vì mưa,My shirt got wet from the rain,
wordex_ưu,Người già được ưu tiên khi xếp hàng,Elderly people get priority in line,
wordex_uy,Ông ấy có uy tín trong công ty,He has prestige in the company,
wordex_úy,Anh ấy mang quân hàm đại úy,He holds the rank of captain,
wordex_ủy,Ủy ban tổ chức cuộc họp,The committee organizes the meeting,
wordex_va,Xe của tôi va vào cột đèn,My car bumped into the lamp post,
wordex_vã,Anh ấy làm việc rất vất vã,He works very hard,
wordex_vả,Cô ấy vả vào mặt hắn,She slapped him in the face,
wordex_vác,Anh ấy vác bao gạo trên vai,He carries a sack of rice on his shoulder,
wordex_vách,Có một khe hở trên vách tường,There's a gap in the wall,
wordex_vạch,Anh ấy vạch một đường thẳng,He draws a straight line,
wordex_vai,Vai tôi bị đau,My shoulder hurts,
wordex_vải,Cửa hàng bán nhiều loại vải,The shop sells many kinds of fabric,
wordex_van,Cô ấy van xin được tha thứ,She begs to be forgiven,
wordex_ván,Chúng tôi chơi thêm một ván cờ,We play another round of chess,
wordex_vân,Vân vân và mây mây,And so on and so forth,
wordex_vần,Bài thơ này có vần điệu hay,This poem has a nice rhyme,
wordex_vẩn,Nước trong hồ khá vẩn đục,The water in the lake is quite murky,
wordex_vãn,Đến tận khuya vãn chưa thấy anh ấy về,It got very late and he still hadn't come home,
wordex_vạn,Thành phố có hàng vạn dân,The city has tens of thousands of people,
wordex_vặn,Vặn nhỏ âm lượng lại,Turn the volume down,
wordex_vận,Tôi tin vào vận may,I believe in luck,
wordex_vang,Tiếng chuông vang khắp làng,The bell's sound echoes throughout the village,
wordex_vàng,Cô ấy đeo một chiếc nhẫn vàng,She wears a gold ring,
wordex_vắng,Lớp học hôm nay khá vắng,The class is quite empty today,
wordex_vất,Công việc này rất vất vả,This work is very hard,
wordex_vạt,Gió thổi tung vạt áo dài,The wind blows the ao dai's flap,
wordex_vặt,Đừng bận tâm những chuyện vặt vãnh,Don't worry about trivial things,
wordex_vay,Tôi vay tiền ngân hàng để mua nhà,I borrow money from the bank to buy a house,
wordex_váy,Cô ấy mặc một chiếc váy đẹp,She wears a beautiful dress,
wordex_vây,Cảnh sát vây bắt tội phạm,Police surrounded and caught the criminal,
wordex_vẫy,Cô ấy vẫy tay chào tạm biệt,She waves goodbye,
wordex_vẽ,Cô ấy vẽ một bức tranh đẹp,She painted a beautiful picture,
wordex_vẹn,Tôi muốn giữ vẹn toàn lời hứa,I want to keep my promise completely,
wordex_vi,Anh ấy vi phạm luật giao thông,He violated traffic law,
wordex_ví,Tôi để quên ví ở nhà,I forgot my wallet at home,
wordex_vĩ,Đây là một công trình vĩ đại,This is a great work,
wordex_viêm,Cô ấy bị viêm họng,She has a throat inflammation,
wordex_viễn,Ngành viễn thông phát triển nhanh,The telecommunications industry develops quickly,
wordex_vinh,Đây là niềm vinh dự lớn,This is a great honor,
wordex_vĩnh,Chúng tôi hứa yêu nhau vĩnh viễn,We promise to love each other forever,
wordex_vịnh,Vịnh Hạ Long rất đẹp,Ha Long Bay is very beautiful,
wordex_virus,Máy tính tôi bị nhiễm virus,My computer got infected with a virus,
wordex_vịt,Trang trại nuôi vịt và gà,The farm raises ducks and chickens,
wordex_vô,Mời anh vô nhà,Please come inside,
wordex_vồ,Con mèo vồ lấy con chuột,The cat pounces on the mouse,
wordex_vỗ,Khán giả vỗ tay nhiệt liệt,The audience applauds enthusiastically,
wordex_võ,Anh ấy học võ từ nhỏ,He's studied martial arts since childhood,
wordex_vỏ,Vứt vỏ chuối vào thùng rác,Throw the banana peel in the trash,
wordex_vớ,Tôi cần mua một đôi vớ mới,I need to buy a new pair of socks,
wordex_vờ,Anh ấy giả vờ không nghe thấy,He pretended not to hear,
wordex_vỡ,Cái ly bị vỡ rồi,The glass is broken,
wordex_vở,Học sinh viết bài vào vở,Students write their lessons in notebooks,
wordex_voi,Con voi có cái vòi dài,The elephant has a long trunk,
wordex_vòi,Con voi dùng vòi để uống nước,The elephant uses its trunk to drink water,
wordex_vốn,Anh ấy đầu tư vốn vào công ty,He invested capital in the company,
wordex_vong,Đừng vong ơn người đã giúp mình,Don't forget the kindness of those who helped you,
wordex_vòng,Chúng tôi đi một vòng công viên,We took a loop around the park,
wordex_vu,Đừng vu khống người khác,Don't falsely accuse others,
wordex_vụ,Vụ này rất phức tạp,This case is very complicated,
wordex_vua,Vị vua này rất được lòng dân,This king is well-loved by the people,
wordex_vụn,Quét sạch vụn bánh mì trên bàn,Sweep the bread crumbs off the table,
wordex_vườn,Chúng tôi trồng rau trong vườn,We grow vegetables in the garden,
wordex_vương,Anh ấy vẫn còn vương vấn kỷ niệm cũ,He's still lingering over old memories,
wordex_vướng,Chân tôi bị vướng dây điện,My leg got tangled in the electrical wire,
wordex_vuốt,Cô ấy vuốt tóc con,She strokes her child's hair,
wordex_vượt,Chúng tôi vượt qua khó khăn,We overcame the difficulty,
wordex_vứt,Đừng vứt rác bừa bãi,Don't litter carelessly,
wordex_whiskey,Ông ấy uống một ly whiskey,He drinks a glass of whiskey,
wordex_won,Anh ấy đổi tiền sang won Hàn Quốc,He exchanges money into Korean won,
wordex_xá,Xin xá tội cho tôi,Please forgive my sin (archaic/formal),
wordex_xà,Rửa tay bằng xà phòng,Wash your hands with soap,
wordex_xã,Anh ấy làm việc ở uỷ ban xã,He works at the commune committee,
wordex_xả,Đừng xả rác xuống sông,Don't dump trash into the river,
wordex_xạ,Anh ấy là một xạ thủ giỏi,He's a skilled marksman,
wordex_xách,Cô ấy xách túi đi chợ,She carries a bag to the market,
wordex_xài,Đừng xài tiền hoang phí,Don't spend money wastefully,
wordex_xám,Bầu trời hôm nay màu xám,The sky is gray today,
wordex_xăm,Anh ấy xăm hình trên cánh tay,He has a tattoo on his arm,
wordex_xâm,Kẻ thù xâm chiếm lãnh thổ,The enemy invaded the territory,
wordex_xăng,Tôi cần đổ thêm xăng,I need to fill up on gas,
wordex_xấu,Thời tiết hôm nay xấu quá,The weather is really bad today,
wordex_xây,Họ đang xây một ngôi nhà mới,They're building a new house,
wordex_xé,Anh ấy xé tờ giấy,He tears the piece of paper,
wordex_xen,Đừng xen vào chuyện người khác,Don't interfere in others' business,
wordex_xếp,Chúng tôi xếp hàng chờ mua vé,We're lining up to buy tickets,
wordex_xét,Hãy xem xét kỹ trước khi quyết định,Consider carefully before deciding,
wordex_xí,Tôi xí chỗ này trước rồi,I claimed this spot first,
wordex_xì,Bánh xe bị xì hơi,The tire is leaking air,
wordex_xích,Chiếc xe đạp có xích bị đứt,The bicycle chain is broken,
wordex_xỉn,Anh ấy uống say xỉn tối qua,He got drunk last night,
wordex_xinh,Con gái tôi rất xinh,My daughter is very pretty,
wordex_xịt,Cô ấy xịt nước hoa,She sprays perfume,
wordex_xíu,Đợi tôi một xíu nữa,Wait a little bit more for me,
wordex_xô,Đừng xô đẩy nhau,Don't push each other,
wordex_xơ,Rau này có nhiều chất xơ,This vegetable has a lot of fiber,
wordex_xoa,Mẹ xoa dầu vào lưng tôi,Mom rubs oil on my back,
wordex_xóa,Tôi lỡ xóa mất tin nhắn,I accidentally deleted the message,
wordex_xoay,Anh ấy xoay người lại nhìn tôi,He turned around to look at me,
wordex_xôi,Sáng nay tôi ăn xôi,I ate sticky rice this morning,
wordex_xộn,Phòng của tôi hơi lộn xộn,My room is a bit messy,
wordex_xông,Cảnh sát xông vào bắt tội phạm,Police stormed in to catch the criminal,
wordex_xót,Tôi thấy xót xa khi nghe chuyện đó,I feel sorry hearing that story,
wordex_xu,Tôi tìm thấy một đồng xu,I found a coin,
wordex_xứ,Anh ấy đến từ xứ lạnh,He comes from a cold region,
wordex_xử,Toà đang xử vụ án này,The court is handling this case,
wordex_xưa,Đây là câu chuyện từ thời xưa,This is a story from ancient times,
wordex_xuân,Mùa xuân hoa nở khắp nơi,"In spring, flowers bloom everywhere",
wordex_xuẩn,Đó là một hành động ngu xuẩn,That was a stupid act,
wordex_xúc,Tôi rất xúc động khi nghe tin đó,I was very moved hearing that news,
wordex_xui,Hôm nay tôi xui quá,I'm so unlucky today,
wordex_xung,Hai nước đang có xung đột,The two countries are in conflict,
wordex_xưng,Anh ấy xưng tên với mọi người,He introduces his name to everyone,
wordex_xứng,Anh ấy xứng đáng nhận giải thưởng,He deserves the award,
wordex_xuôi,Chúng tôi chèo thuyền xuôi dòng,We row the boat downstream,
wordex_xương,Anh ấy bị gãy xương chân,He broke a bone in his leg,
wordex_yểm,Thầy phong thủy yểm bùa trừ tà,The feng shui master casts a charm to ward off evil,
wordex_yến,Tổ yến rất bổ dưỡng,Swallow's nest is very nutritious,
wordex_yếu,Sức khoẻ của ông ấy rất yếu,His health is very weak,
